#
# A fatal error has been detected by the Java Runtime Environment:
#
#  SIGSEGV (0xb) at pc=0x00007ac1864b96ae, pid=344350, tid=344404
#
# JRE version: OpenJDK Runtime Environment (21.0.11+10) (build 21.0.11+10-1-24.04.2-Ubuntu)
# Java VM: OpenJDK 64-Bit Server VM (21.0.11+10-1-24.04.2-Ubuntu, mixed mode, sharing, tiered, compressed oops, compressed class ptrs, g1 gc, linux-amd64)
# Problematic frame:
# C  [libEGL_nvidia.so.0+0xb56ae]
#
# Core dump will be written. Default location: Core dumps may be processed with "/usr/share/apport/apport -p%p -s%s -c%c -d%d -P%P -u%u -g%g -F%F -- %E" (or dumping to /home/paullexd/Documentos/GitHub/watermedia/core.344350)
#
# If you would like to submit a bug report, please visit:
#   https://bugs.launchpad.net/ubuntu/+source/openjdk-21
#

---------------  S U M M A R Y ------------

Command Line: -Dfile.encoding=UTF-8 -Duser.country=MX -Duser.language=es -Duser.variant org.watermedia.app.TestOpenGLApp

Host: 12th Gen Intel(R) Core(TM) i7-12700F, 20 cores, 31G, Pop!_OS 24.04 LTS
Time: Wed Sep 16 18:01:00 2026 MST elapsed time: 16.757484 seconds (0d 0h 0m 16s)

---------------  T H R E A D  ---------------

Current thread is native thread

Stack: [0x00007ac184e4d000,0x00007ac18564d000],  sp=0x00007ac18564be30,  free space=8187k
Native frames: (J=compiled Java code, j=interpreted, Vv=VM code, C=native code)
C  [libEGL_nvidia.so.0+0xb56ae]

siginfo: si_signo: 11 (SIGSEGV), si_code: 1 (SEGV_MAPERR), si_addr: 0x0000000000000040

Registers:
RAX=0x0000000000000000, RBX=0x00007ac184e4af80, RCX=0x0000000000000001, RDX=0x00007ac177e2c35c
RSP=0x00007ac18564be30, RBP=0x00007ac18452a040, RSI=0x00007ac1864acda0, RDI=0x00007ac1865444a8
R8 =0x0000000000000000, R9 =0x0000000000000000, R10=0x0000000000000000, R11=0x0000000000000000
R12=0x00007ac177e315e0, R13=0x00007ac18452a040, R14=0x00007ac184e4b380, R15=0x0000000000000000
RIP=0x00007ac1864b96ae, EFLAGS=0x0000000000010202, CSGSFS=0x002b000000000033, ERR=0x0000000000000004
  TRAPNO=0x000000000000000e

XMM[0]=0x0000000000000000 0x000000004b56784a
XMM[1]=0x0000000000000000 0x00007ac284000090
XMM[2]=0x0000000000000000 0x0000000000000000
XMM[3]=0x0000000000000091 0x0000000000000000
XMM[4]=0x0000000000000000 0x0000000000000000
XMM[5]=0x0000000000000000 0x0000000000000000
XMM[6]=0x0000000000000004 0x0000000000000000
XMM[7]=0x0000000000000000 0x0000000000000006
XMM[8]=0x00007ac16816d7a0 0x00007ac16816c350
XMM[9]=0x0000000000000000 0x3ff0000000000000
XMM[10]=0x68686868686868cd 0x6868686868686868
XMM[11]=0x9999999999999999 0x9999999999999999
XMM[12]=0x2020202020202020 0x2020202020202020
XMM[13]=0x0000000000000000 0x000000000024002c
XMM[14]=0x0000000000000000 0x0000000000000000
XMM[15]=0x0000000000000000 0x0000000000000000
  MXCSR=0x00001fa2


Top of Stack: (sp=0x00007ac18564be30)
0x00007ac18564be30:   00007ac177e2e440 00007ac1763e691a   @..w.z...i>v.z..
0x00007ac18564be40:   00007ac177e2e440 00007ac17623f8cf   @..w.z....#v.z..
0x00007ac18564be50:   0000000000000000 00007ac177dda6e0   ...........w.z..
0x00007ac18564be60:   00007ac177e2e960 00017ac100000000   `..w.z.......z..
0x00007ac18564be70:   203a6362696c6720 00007ac184e4b380    glibc: .....z..
0x00007ac18564be80:   00007ac1763e7dc0 00007ac18564c6c0   .}>v.z....d..z..
0x00007ac18564be90:   ffffffffffffff88 0000000000000000   ................
0x00007ac18564bea0:   00007ac28adfbbc0 00007ac1763e8d9a   .....z....>v.z..
0x00007ac18564beb0:   00007ac18564c6c0 00007ac18564ccdc   ..d..z....d..z..
0x00007ac18564bec0:   00007ac18564bf70 00007ac28c89cb84   p.d..z.......z..
0x00007ac18564bed0:   0000000000000000 00007ac18564c6c0   ..........d..z..
0x00007ac18564bee0:   00007ac18564c6c0 e58da29110321e1d   ..d..z....2.....
0x00007ac18564bef0:   00007ac18564c6c0 ffffffffffffff88   ..d..z..........
0x00007ac18564bf00:   0000000000000000 00007ac28adfbbc0   .............z..
0x00007ac18564bf10:   e58da29113721e1d e58bb14bff681e1d   ..r.......h.K...
0x00007ac18564bf20:   0000000000000000 0000000000000000   ................
0x00007ac18564bf30:   0000000000000000 0000000000000000   ................
0x00007ac18564bf40:   0000000000000000 7ef1854bd4ba5400   .........T..K..~
0x00007ac18564bf50:   0000000000000000 00007ac28c89c800   .............z..
0x00007ac18564bf60:   00007ac18564c6c0 ffffffffffffff88   ..d..z..........
0x00007ac18564bf70:   0000000000000000 00007ac28c929d6c   ........l....z..
0x00007ac18564bf80:   0000000000000000 0000000000000000   ................
0x00007ac18564bf90:   0000000000000000 0000000000000000   ................
0x00007ac18564bfa0:   0000000000000000 0000000000000000   ................
0x00007ac18564bfb0:   0000000000000000 0000000000000000   ................
0x00007ac18564bfc0:   0000000000000000 0000000000000000   ................
0x00007ac18564bfd0:   0000000000000000 0000000000000000   ................
0x00007ac18564bfe0:   0000000000000000 0000000000000000   ................
0x00007ac18564bff0:   0000000000000000 0000000000000000   ................
0x00007ac18564c000:   0000000000000000 0000000000000000   ................
0x00007ac18564c010:   0000000000000000 0000000000000000   ................
0x00007ac18564c020:   0000000000000000 0000000000000000   ................

Instructions: (pc=0x00007ac1864b96ae)
0x00007ac1864b95ae:   4c 24 08 48 85 c0 48 89 c2 74 61 48 89 08 49 8b
0x00007ac1864b95be:   44 24 40 48 83 c2 08 48 85 c0 74 41 41 8b 4c 24
0x00007ac1864b95ce:   34 31 c0 85 c9 74 19 49 8b 74 24 40 89 c1 83 c0
0x00007ac1864b95de:   01 48 8b 34 ce 48 89 34 ca 41 39 44 24 34 77 e7
0x00007ac1864b95ee:   49 8b 44 24 40 48 85 c0 74 13 48 8d 78 f8 48 89
0x00007ac1864b95fe:   54 24 08 e8 0a a8 00 00 48 8b 54 24 08 45 89 7c
0x00007ac1864b960e:   24 34 49 89 54 24 40 e9 9a fe ff ff 45 8b 74 24
0x00007ac1864b961e:   34 e9 90 fe ff ff 66 2e 0f 1f 84 00 00 00 00 00
0x00007ac1864b962e:   66 90 48 8b 07 48 39 f0 74 58 55 48 89 fd 53 48
0x00007ac1864b963e:   89 f3 48 83 ec 08 48 85 c0 74 15 48 8d 78 08 ff
0x00007ac1864b964e:   50 18 85 c0 75 0a 48 8b 7d 00 48 8b 07 ff 50 08
0x00007ac1864b965e:   48 89 5d 00 48 85 db 74 19 48 8b 43 10 48 83 c4
0x00007ac1864b966e:   08 48 8d 7b 08 5b 5d ff e0 66 0f 1f 84 00 00 00
0x00007ac1864b967e:   00 00 48 83 c4 08 5b 5d c3 66 0f 1f 84 00 00 00
0x00007ac1864b968e:   00 00 c3 66 66 2e 0f 1f 84 00 00 00 00 00 0f 1f
0x00007ac1864b969e:   40 00 48 83 ec 08 bf 01 00 00 00 e8 62 4c ff ff
0x00007ac1864b96ae:   8b 70 40 48 8d 78 30 48 83 c4 08 e9 12 77 f8 ff
0x00007ac1864b96be:   66 90 48 83 ec 18 48 8b 87 b0 04 00 00 ba 04 00
0x00007ac1864b96ce:   00 00 be 01 00 00 00 c7 44 24 0c 00 00 00 00 48
0x00007ac1864b96de:   8d 4c 24 0c bf 01 00 00 00 ff 90 d8 00 00 00 48
0x00007ac1864b96ee:   83 c4 18 c3 66 66 2e 0f 1f 84 00 00 00 00 00 0f
0x00007ac1864b96fe:   1f 00 49 89 fa 41 89 d1 40 0f b6 fe 89 ca 49 8b
0x00007ac1864b970e:   82 b0 04 00 00 4c 89 c1 44 89 ce 48 8b 80 d8 00
0x00007ac1864b971e:   00 00 ff e0 66 66 2e 0f 1f 84 00 00 00 00 00 0f
0x00007ac1864b972e:   1f 00 55 40 0f b6 f6 53 48 89 fb 48 83 ec 08 48
0x00007ac1864b973e:   8b af b0 04 00 00 e8 b7 ff ff ff ff 95 00 01 00
0x00007ac1864b974e:   00 8b 10 89 53 28 48 83 c4 08 5b 5d c3 0f 1f 44
0x00007ac1864b975e:   00 00 41 57 41 56 49 89 fe bf 01 00 00 00 41 55
0x00007ac1864b976e:   49 89 f5 41 54 55 53 48 83 ec 58 48 89 14 24 e8
0x00007ac1864b977e:   8e 4b ff ff 48 c7 44 24 18 00 00 00 00 83 b8 a0
0x00007ac1864b978e:   04 00 00 03 4c 8b b8 b0 04 00 00 48 89 c3 44 8b
0x00007ac1864b979e:   60 38 0f 84 02 01 00 00 48 8d 4c 24 20 48 8d 70



---------------  P R O C E S S  ---------------

VM state: at safepoint (shutting down)

VM Mutex/Monitor currently owned by a thread:  ([mutex/lock_event])
[0x00007ac28c72a158] ThreadsLockThrottle_lock - owner thread: 0x00007ac284143630
[0x00007ac28c729ed8] Threads_lock - owner thread: 0x00007ac2841376c0
[0x00007ac28c729dd8] Heap_lock - owner thread: 0x00007ac28401a8a0

Heap address: 0x000000060d000000, size: 7984 MB, Compressed Oops mode: Zero based, Oop shift amount: 3

CDS archive(s) mapped at: [0x00007ac20b000000-0x00007ac20bc9c000-0x00007ac20bc9c000), size 13221888, SharedBaseAddress: 0x00007ac20b000000, ArchiveRelocationMode: 1.
Compressed class space mapped at: 0x00007ac20c000000-0x00007ac24c000000, reserved size: 1073741824
Narrow klass base: 0x00007ac20b000000, Narrow klass shift: 0, Narrow klass range: 0x100000000

GC Precious Log:
<Skipped>

Heap:
 garbage-first heap   total 77824K, used 21441K [0x000000060d000000, 0x0000000800000000)
  region size 4096K, 5 young (20480K), 1 survivors (4096K)
 Metaspace       used 24724K, committed 25152K, reserved 1114112K
  class space    used 2681K, committed 2880K, reserved 1048576K

Heap Regions: E=young(eden), S=young(survivor), O=old, HS=humongous(starts), HC=humongous(continues), CS=collection set, F=free, TAMS=top-at-mark-start, PB=parsable bottom
|   0|0x000000060d000000, 0x000000060d000000, 0x000000060d400000|  0%| F|  |TAMS 0x000000060d000000| PB 0x000000060d000000| Untracked 
|   1|0x000000060d400000, 0x000000060d400000, 0x000000060d800000|  0%| F|  |TAMS 0x000000060d400000| PB 0x000000060d400000| Untracked 
|   2|0x000000060d800000, 0x000000060dc00000, 0x000000060dc00000|100%| O|  |TAMS 0x000000060d800000| PB 0x000000060d800000| Untracked 
|   3|0x000000060dc00000, 0x000000060dc68b10, 0x000000060e000000| 10%| O|  |TAMS 0x000000060dc00000| PB 0x000000060dc00000| Untracked 
|   4|0x000000060e000000, 0x000000060e000000, 0x000000060e400000|  0%| F|  |TAMS 0x000000060e000000| PB 0x000000060e000000| Untracked 
|   5|0x000000060e400000, 0x000000060e400000, 0x000000060e800000|  0%| F|  |TAMS 0x000000060e400000| PB 0x000000060e400000| Untracked 
|   6|0x000000060e800000, 0x000000060e800000, 0x000000060ec00000|  0%| F|  |TAMS 0x000000060e800000| PB 0x000000060e800000| Untracked 
|   7|0x000000060ec00000, 0x000000060ef7b2f0, 0x000000060f000000| 87%| S|CS|TAMS 0x000000060ec00000| PB 0x000000060ec00000| Complete 
|   8|0x000000060f000000, 0x000000060f000000, 0x000000060f400000|  0%| F|  |TAMS 0x000000060f000000| PB 0x000000060f000000| Untracked 
|   9|0x000000060f400000, 0x000000060f400000, 0x000000060f800000|  0%| F|  |TAMS 0x000000060f400000| PB 0x000000060f400000| Untracked 
|  10|0x000000060f800000, 0x000000060f800000, 0x000000060fc00000|  0%| F|  |TAMS 0x000000060f800000| PB 0x000000060f800000| Untracked 
|  11|0x000000060fc00000, 0x000000060fc00000, 0x0000000610000000|  0%| F|  |TAMS 0x000000060fc00000| PB 0x000000060fc00000| Untracked 
|  12|0x0000000610000000, 0x0000000610000000, 0x0000000610400000|  0%| F|  |TAMS 0x0000000610000000| PB 0x0000000610000000| Untracked 
|  13|0x0000000610400000, 0x0000000610400000, 0x0000000610800000|  0%| F|  |TAMS 0x0000000610400000| PB 0x0000000610400000| Untracked 
|  14|0x0000000610800000, 0x0000000610b380f8, 0x0000000610c00000| 80%| E|  |TAMS 0x0000000610800000| PB 0x0000000610800000| Complete 
| 118|0x000000062a800000, 0x000000062ac00000, 0x000000062ac00000|100%| E|CS|TAMS 0x000000062a800000| PB 0x000000062a800000| Complete 
| 119|0x000000062ac00000, 0x000000062b000000, 0x000000062b000000|100%| E|CS|TAMS 0x000000062ac00000| PB 0x000000062ac00000| Complete 
| 124|0x000000062c000000, 0x000000062c400000, 0x000000062c400000|100%| E|CS|TAMS 0x000000062c000000| PB 0x000000062c000000| Complete 
|1995|0x00000007ffc00000, 0x00000007ffd0c610, 0x0000000800000000| 26%| O|  |TAMS 0x00000007ffc00000| PB 0x00000007ffc00000| Untracked 

Card table byte_map: [0x00007ac26b868000,0x00007ac26c800000] _byte_map_base: 0x00007ac268800000

Marking Bits: (CMBitMap*) 0x00007ac284047330
 Bits: [0x00007ac263ba8000, 0x00007ac26b868000)

Polling page: 0x00007ac28caa6000

Metaspace:

Usage:
  Non-class:     21.53 MB used.
      Class:      2.62 MB used.
       Both:     24.15 MB used.

Virtual space:
  Non-class space:       64.00 MB reserved,      21.75 MB ( 34%) committed,  1 nodes.
      Class space:        1.00 GB reserved,       2.81 MB ( <1%) committed,  1 nodes.
             Both:        1.06 GB reserved,      24.56 MB (  2%) committed. 

Chunk freelists:
   Non-Class:  9.83 MB
       Class:  13.05 MB
        Both:  22.87 MB

MaxMetaspaceSize: unlimited
CompressedClassSpaceSize: 1.00 GB
Initial GC threshold: 21.00 MB
Current GC threshold: 35.25 MB
CDS: on
 - commit_granule_bytes: 65536.
 - commit_granule_words: 8192.
 - virtual_space_node_default_size: 8388608.
 - enlarge_chunks_in_place: 1.
 - use_allocation_guard: 0.


Internal statistics:

num_allocs_failed_limit: 3.
num_arena_births: 462.
num_arena_deaths: 0.
num_vsnodes_births: 2.
num_vsnodes_deaths: 0.
num_space_committed: 391.
num_space_uncommitted: 0.
num_chunks_returned_to_freelist: 3.
num_chunks_taken_from_freelist: 960.
num_chunk_merges: 0.
num_chunk_splits: 594.
num_chunks_enlarged: 351.
num_inconsistent_stats: 0.

CodeHeap 'non-profiled nmethods': size=119168Kb used=1700Kb max_used=1700Kb free=117467Kb
 bounds [0x00007ac2743a0000, 0x00007ac274610000, 0x00007ac27b800000]
CodeHeap 'profiled nmethods': size=119164Kb used=6606Kb max_used=6606Kb free=112557Kb
 bounds [0x00007ac26c800000, 0x00007ac26ce80000, 0x00007ac273c5f000]
CodeHeap 'non-nmethods': size=7428Kb used=2356Kb max_used=4090Kb free=5071Kb
 bounds [0x00007ac273c5f000, 0x00007ac27406f000, 0x00007ac2743a0000]
CodeCache: size=245760Kb, used=10662Kb, max_used=12396Kb, free=235095Kb
 total_blobs=4841, nmethods=3529, adapters=1217, full_count=0
Compilation: enabled, stopped_count=0, restarted_count=0

Compilation events (20 events):
Event: 11.090 Thread 0x00007ac2841494d0 nmethod 3520 0x00007ac26ce71a90 code [0x00007ac26ce71cc0, 0x00007ac26ce724d0]
Event: 11.090 Thread 0x00007ac2841494d0 3519       3       java.lang.ClassLoader::findNative (21 bytes)
Event: 11.090 Thread 0x00007ac2841494d0 nmethod 3519 0x00007ac26ce72790 code [0x00007ac26ce72960, 0x00007ac26ce72b70]
Event: 11.155 Thread 0x00007ac284147e00 3521   !   4       com.sun.jna.Structure::setFieldValue (167 bytes)
Event: 11.158 Thread 0x00007ac284147e00 nmethod 3521 0x00007ac274542810 code [0x00007ac274542a40, 0x00007ac274543098]
Event: 11.158 Thread 0x00007ac284147e00 3522   !   4       com.sun.jna.Structure::initializeField (84 bytes)
Event: 11.177 Thread 0x00007ac284147e00 nmethod 3522 0x00007ac274543710 code [0x00007ac274543de0, 0x00007ac274546780]
Event: 16.739 Thread 0x00007ac2841494d0 3524       1       java.util.logging.Logger::getName (5 bytes)
Event: 16.739 Thread 0x00007ac2841494d0 nmethod 3524 0x00007ac274548a10 code [0x00007ac274548ba0, 0x00007ac274548c68]
Event: 16.739 Thread 0x00007ac284147e00 3525       4       java.lang.StringBuilder::append (8 bytes)
Event: 16.740 Thread 0x00007ac2841494d0 3526       3       java.util.Locale::hashCode (41 bytes)
Event: 16.740 Thread 0x00007ac2841494d0 nmethod 3526 0x00007ac26ce72c90 code [0x00007ac26ce72e60, 0x00007ac26ce730e8]
Event: 16.740 Thread 0x00007ac2841494d0 3527       1       java.util.logging.Level::intValue (5 bytes)
Event: 16.740 Thread 0x00007ac2841494d0 nmethod 3527 0x00007ac274548d10 code [0x00007ac274548ea0, 0x00007ac274548f60]
Event: 16.740 Thread 0x00007ac2841494d0 3528       1       javax.management.ObjectName$Property::setKeyIndex (6 bytes)
Event: 16.740 Thread 0x00007ac2841494d0 nmethod 3528 0x00007ac274549010 code [0x00007ac2745491a0, 0x00007ac274549260]
Event: 16.740 Thread 0x00007ac2841494d0 3529       3       java.util.concurrent.ConcurrentHashMap::containsKey (14 bytes)
Event: 16.740 Thread 0x00007ac2841494d0 nmethod 3529 0x00007ac26ce73210 code [0x00007ac26ce733c0, 0x00007ac26ce735d0]
Event: 16.740 Thread 0x00007ac2841494d0 3530       3       org.apache.logging.log4j.util.PropertiesUtil::getProperties (4 bytes)
Event: 16.740 Thread 0x00007ac2841494d0 nmethod 3530 0x00007ac26ce73690 code [0x00007ac26ce73820, 0x00007ac26ce73910]

GC Heap History (12 events):
Event: 0.287 GC heap before
{Heap before GC invocations=0 (full 0):
 garbage-first heap   total 516096K, used 25649K [0x000000060d000000, 0x0000000800000000)
  region size 4096K, 6 young (24576K), 0 survivors (0K)
 Metaspace       used 9343K, committed 9536K, reserved 1114112K
  class space    used 1051K, committed 1152K, reserved 1048576K
}
Event: 0.289 GC heap after
{Heap after GC invocations=1 (full 0):
 garbage-first heap   total 516096K, used 4445K [0x000000060d000000, 0x0000000800000000)
  region size 4096K, 1 young (4096K), 1 survivors (4096K)
 Metaspace       used 9343K, committed 9536K, reserved 1114112K
  class space    used 1051K, committed 1152K, reserved 1048576K
}
Event: 0.551 GC heap before
{Heap before GC invocations=1 (full 0):
 garbage-first heap   total 516096K, used 37213K [0x000000060d000000, 0x0000000800000000)
  region size 4096K, 10 young (40960K), 1 survivors (4096K)
 Metaspace       used 15142K, committed 15488K, reserved 1114112K
  class space    used 1690K, committed 1856K, reserved 1048576K
}
Event: 0.553 GC heap after
{Heap after GC invocations=2 (full 0):
 garbage-first heap   total 516096K, used 13969K [0x000000060d000000, 0x0000000800000000)
  region size 4096K, 2 young (8192K), 2 survivors (8192K)
 Metaspace       used 15142K, committed 15488K, reserved 1114112K
  class space    used 1690K, committed 1856K, reserved 1048576K
}
Event: 0.775 GC heap before
{Heap before GC invocations=2 (full 0):
 garbage-first heap   total 516096K, used 26257K [0x000000060d000000, 0x0000000800000000)
  region size 4096K, 7 young (28672K), 2 survivors (8192K)
 Metaspace       used 21243K, committed 21504K, reserved 1114112K
  class space    used 2309K, committed 2432K, reserved 1048576K
}
Event: 0.777 GC heap after
{Heap after GC invocations=3 (full 0):
 garbage-first heap   total 516096K, used 11984K [0x000000060d000000, 0x0000000800000000)
  region size 4096K, 2 young (8192K), 2 survivors (8192K)
 Metaspace       used 21243K, committed 21504K, reserved 1114112K
  class space    used 2309K, committed 2432K, reserved 1048576K
}
Event: 2.263 GC heap before
{Heap before GC invocations=4 (full 0):
 garbage-first heap   total 69632K, used 61136K [0x000000060d000000, 0x0000000800000000)
  region size 4096K, 14 young (57344K), 2 survivors (8192K)
 Metaspace       used 24565K, committed 24896K, reserved 1114112K
  class space    used 2666K, committed 2816K, reserved 1048576K
}
Event: 2.265 GC heap after
{Heap after GC invocations=5 (full 0):
 garbage-first heap   total 77824K, used 13566K [0x000000060d000000, 0x0000000800000000)
  region size 4096K, 2 young (8192K), 2 survivors (8192K)
 Metaspace       used 24565K, committed 24896K, reserved 1114112K
  class space    used 2666K, committed 2816K, reserved 1048576K
}
Event: 5.885 GC heap before
{Heap before GC invocations=5 (full 0):
 garbage-first heap   total 77824K, used 50430K [0x000000060d000000, 0x0000000800000000)
  region size 4096K, 11 young (45056K), 2 survivors (8192K)
 Metaspace       used 24626K, committed 25088K, reserved 1114112K
  class space    used 2669K, committed 2880K, reserved 1048576K
}
Event: 5.888 GC heap after
{Heap after GC invocations=6 (full 0):
 garbage-first heap   total 77824K, used 9508K [0x000000060d000000, 0x0000000800000000)
  region size 4096K, 1 young (4096K), 1 survivors (4096K)
 Metaspace       used 24626K, committed 25088K, reserved 1114112K
  class space    used 2669K, committed 2880K, reserved 1048576K
}
Event: 9.919 GC heap before
{Heap before GC invocations=6 (full 0):
 garbage-first heap   total 77824K, used 50468K [0x000000060d000000, 0x0000000800000000)
  region size 4096K, 11 young (45056K), 1 survivors (4096K)
 Metaspace       used 24643K, committed 25088K, reserved 1114112K
  class space    used 2671K, committed 2880K, reserved 1048576K
}
Event: 9.920 GC heap after
{Heap after GC invocations=7 (full 0):
 garbage-first heap   total 77824K, used 9153K [0x000000060d000000, 0x0000000800000000)
  region size 4096K, 1 young (4096K), 1 survivors (4096K)
 Metaspace       used 24643K, committed 25088K, reserved 1114112K
  class space    used 2671K, committed 2880K, reserved 1048576K
}

Dll operation events (15 events):
Event: 0.001 Loaded shared library /usr/lib/jvm/java-21-openjdk-amd64/lib/libjava.so
Event: 0.012 Loaded shared library /usr/lib/jvm/java-21-openjdk-amd64/lib/libjsvml.so
Event: 0.016 Loaded shared library /usr/lib/jvm/java-21-openjdk-amd64/lib/libnio.so
Event: 0.018 Loaded shared library /usr/lib/jvm/java-21-openjdk-amd64/lib/libzip.so
Event: 0.035 Loaded shared library /usr/lib/jvm/java-21-openjdk-amd64/lib/libjimage.so
Event: 0.080 Loaded shared library /usr/lib/jvm/java-21-openjdk-amd64/lib/libmanagement.so
Event: 0.082 Loaded shared library /usr/lib/jvm/java-21-openjdk-amd64/lib/libmanagement_ext.so
Event: 0.208 Loaded shared library /usr/lib/jvm/java-21-openjdk-amd64/lib/libnet.so
Event: 0.388 Loaded shared library /tmp/jna-1267442285/jna11673458132806917466.tmp
Event: 0.457 Loaded shared library /usr/lib/jvm/java-21-openjdk-amd64/lib/libawt.so
Event: 0.460 Loaded shared library /usr/lib/jvm/java-21-openjdk-amd64/lib/libawt_xawt.so
Event: 0.488 Loaded shared library /usr/lib/jvm/java-21-openjdk-amd64/lib/libfontmanager.so
Event: 0.517 Loaded shared library /tmp/lwjgl_paullexd/3.3.6+1/x64/liblwjgl.so
Event: 0.702 Loaded shared library /usr/lib/jvm/java-21-openjdk-amd64/lib/libextnet.so
Event: 0.788 Loaded shared library /tmp/lwjgl_paullexd/3.3.6+1/x64/liblwjgl_opengl.so

Deoptimization events (20 events):
Event: 6.302 Thread 0x00007ac1cc00b980 Uncommon trap: trap_request=0xfffffff4 fr.pc=0x00007ac274529914 relative=0x0000000000000ff4
Event: 6.302 Thread 0x00007ac1cc00b980 Uncommon trap: reason=null_check action=make_not_entrant pc=0x00007ac274529914 method=com.sun.jna.Native.getNativeSize(Ljava/lang/Class;Ljava/lang/Object;)I @ 64 c2
Event: 6.302 Thread 0x00007ac1cc00b980 DEOPT PACKING pc=0x00007ac274529914 sp=0x00007ac1467fba00
Event: 6.302 Thread 0x00007ac1cc00b980 DEOPT UNPACKING pc=0x00007ac273cb2f99 sp=0x00007ac1467fb9b8 mode 2
Event: 6.552 Thread 0x00007ac1cc00b980 Uncommon trap: trap_request=0xfffffff4 fr.pc=0x00007ac27452d2e8 relative=0x0000000000001248
Event: 6.552 Thread 0x00007ac1cc00b980 Uncommon trap: reason=null_check action=make_not_entrant pc=0x00007ac27452d2e8 method=com.sun.jna.Native.getNativeSize(Ljava/lang/Class;)I @ 4 c2
Event: 6.552 Thread 0x00007ac1cc00b980 DEOPT PACKING pc=0x00007ac27452d2e8 sp=0x00007ac1467fba80
Event: 6.552 Thread 0x00007ac1cc00b980 DEOPT UNPACKING pc=0x00007ac273cb2f99 sp=0x00007ac1467fb9d8 mode 2
Event: 16.736 Thread 0x00007ac28401a8a0 Uncommon trap: trap_request=0xffffff45 fr.pc=0x00007ac27451d1dc relative=0x0000000000001c1c
Event: 16.736 Thread 0x00007ac28401a8a0 Uncommon trap: reason=unstable_if action=reinterpret pc=0x00007ac27451d1dc method=org.lwjgl.glfw.GLFW.glfwWindowShouldClose(J)Z @ 20 c2
Event: 16.736 Thread 0x00007ac28401a8a0 DEOPT PACKING pc=0x00007ac27451d1dc sp=0x00007ac28adfe850
Event: 16.736 Thread 0x00007ac28401a8a0 DEOPT UNPACKING pc=0x00007ac273cb2f99 sp=0x00007ac28adfe7f8 mode 2
Event: 16.741 Thread 0x00007ac284e638e0 Uncommon trap: trap_request=0xffffffc6 fr.pc=0x00007ac2744baaa8 relative=0x0000000000000088
Event: 16.741 Thread 0x00007ac284e638e0 Uncommon trap: reason=bimorphic_or_optimized_type_check action=maybe_recompile pc=0x00007ac2744baaa8 method=java.util.AbstractCollection.isEmpty()Z @ 1 c2
Event: 16.741 Thread 0x00007ac284e638e0 DEOPT PACKING pc=0x00007ac2744baaa8 sp=0x00007ac2603243d0
Event: 16.741 Thread 0x00007ac284e638e0 DEOPT UNPACKING pc=0x00007ac273cb2f99 sp=0x00007ac260324380 mode 2
Event: 16.741 Thread 0x00007ac284e638e0 Uncommon trap: trap_request=0xffffffc6 fr.pc=0x00007ac2744baaa8 relative=0x0000000000000088
Event: 16.741 Thread 0x00007ac284e638e0 Uncommon trap: reason=bimorphic_or_optimized_type_check action=maybe_recompile pc=0x00007ac2744baaa8 method=java.util.AbstractCollection.isEmpty()Z @ 1 c2
Event: 16.741 Thread 0x00007ac284e638e0 DEOPT PACKING pc=0x00007ac2744baaa8 sp=0x00007ac2603243d0
Event: 16.741 Thread 0x00007ac284e638e0 DEOPT UNPACKING pc=0x00007ac273cb2f99 sp=0x00007ac260324380 mode 2

Classes loaded (20 events):
Event: 1.442 Loading class java/awt/event/MouseWheelListener
Event: 1.442 Loading class java/awt/event/MouseWheelListener done
Event: 1.442 Loading class java/awt/event/KeyListener
Event: 1.442 Loading class java/awt/event/KeyListener done
Event: 1.455 Loading class jdk/internal/reflect/MethodHandleFloatFieldAccessorImpl
Event: 1.456 Loading class jdk/internal/reflect/MethodHandleFloatFieldAccessorImpl done
Event: 1.459 Loading class jdk/internal/reflect/MethodHandleLongFieldAccessorImpl
Event: 1.459 Loading class jdk/internal/reflect/MethodHandleLongFieldAccessorImpl done
Event: 2.665 Loading class java/util/concurrent/locks/AbstractQueuedSynchronizer$SharedNode
Event: 2.665 Loading class java/util/concurrent/locks/AbstractQueuedSynchronizer$SharedNode done
Event: 11.091 Loading class java/net/SocketTimeoutException
Event: 11.091 Loading class java/io/InterruptedIOException
Event: 11.091 Loading class java/io/InterruptedIOException done
Event: 11.091 Loading class java/net/SocketTimeoutException done
Event: 16.740 Loading class java/io/DataOutputStream
Event: 16.740 Loading class java/io/DataOutputStream done
Event: 16.740 Loading class java/util/zip/Deflater
Event: 16.740 Loading class java/util/zip/Deflater done
Event: 16.740 Loading class java/util/zip/Deflater$DeflaterZStreamRef
Event: 16.740 Loading class java/util/zip/Deflater$DeflaterZStreamRef done

Classes unloaded (0 events):
No events

Classes redefined (0 events):
No events

Internal exceptions (20 events):
Event: 1.023 Thread 0x00007ac284d6dab0 Exception <a 'java/lang/NoSuchMethodError'{0x000000060fe4e660}: 'int java.lang.invoke.DirectMethodHandle$Holder.invokeStaticInit(java.lang.Object, int)'> (0x000000060fe4e660) 
thrown [./src/hotspot/share/interpreter/linkResolver.cpp, line 772]
Event: 1.024 Thread 0x00007ac284d6dab0 Exception <a 'java/lang/NoSuchMethodError'{0x000000060fe559e8}: 'int java.lang.invoke.DirectMethodHandle$Holder.invokeStaticInit(java.lang.Object, java.lang.Object, java.lang.Object, java.lang.Object, java.lang.Object, java.lang.Object)'> (0x000000060fe559e8) 
thrown [./src/hotspot/share/interpreter/linkResolver.cpp, line 772]
Event: 1.025 Thread 0x00007ac284d6dab0 Exception <a 'java/lang/NoSuchMethodError'{0x000000060fe6b370}: 'java.lang.Object java.lang.invoke.DirectMethodHandle$Holder.invokeSpecial(java.lang.Object, java.lang.Object, int, java.lang.Object, java.lang.Object)'> (0x000000060fe6b370) 
thrown [./src/hotspot/share/interpreter/linkResolver.cpp, line 772]
Event: 1.025 Thread 0x00007ac284d6dab0 Exception <a 'java/lang/NoSuchMethodError'{0x000000060fe6ed00}: 'java.lang.Object java.lang.invoke.DelegatingMethodHandle$Holder.delegate(java.lang.Object, int, java.lang.Object, java.lang.Object)'> (0x000000060fe6ed00) 
thrown [./src/hotspot/share/interpreter/linkResolver.cpp, line 772]
Event: 1.026 Thread 0x00007ac284d6dab0 Exception <a 'java/lang/NoSuchMethodError'{0x000000060fe884b0}: 'java.lang.Object java.lang.invoke.DirectMethodHandle$Holder.invokeSpecial(java.lang.Object, java.lang.Object, java.lang.Object, int, java.lang.Object)'> (0x000000060fe884b0) 
thrown [./src/hotspot/share/interpreter/linkResolver.cpp, line 772]
Event: 1.027 Thread 0x00007ac284d6dab0 Exception <a 'java/lang/NoSuchMethodError'{0x000000060feb59b8}: 'java.lang.Object java.lang.invoke.DirectMethodHandle$Holder.invokeStatic(java.lang.Object, java.lang.Object, java.lang.Object, java.lang.Object, int)'> (0x000000060feb59b8) 
thrown [./src/hotspot/share/interpreter/linkResolver.cpp, line 772]
Event: 1.027 Thread 0x00007ac284d6dab0 Exception <a 'java/lang/NoSuchMethodError'{0x000000060febc978}: 'int java.lang.invoke.DirectMethodHandle$Holder.invokeSpecial(java.lang.Object, java.lang.Object, int)'> (0x000000060febc978) 
thrown [./src/hotspot/share/interpreter/linkResolver.cpp, line 772]
Event: 1.028 Thread 0x00007ac284d6dab0 Exception <a 'java/lang/NoSuchMethodError'{0x000000060fec47b0}: 'int java.lang.invoke.DirectMethodHandle$Holder.invokeSpecial(java.lang.Object, java.lang.Object, java.lang.Object, int)'> (0x000000060fec47b0) 
thrown [./src/hotspot/share/interpreter/linkResolver.cpp, line 772]
Event: 1.028 Thread 0x00007ac284d6dab0 Exception <a 'java/lang/NoSuchMethodError'{0x000000060fec7e50}: 'int java.lang.invoke.Invokers$Holder.linkToTargetMethod(java.lang.Object, int, java.lang.Object)'> (0x000000060fec7e50) 
thrown [./src/hotspot/share/interpreter/linkResolver.cpp, line 772]
Event: 1.029 Thread 0x00007ac284d6dab0 Implicit null exception at 0x00007ac27441ece6 to 0x00007ac27441ed8a
Event: 1.029 Thread 0x00007ac284d6dab0 Implicit null exception at 0x00007ac27443f71b to 0x00007ac27443f908
Event: 1.029 Thread 0x00007ac284d6dab0 Implicit null exception at 0x00007ac2743fd33d to 0x00007ac2743fd3c1
Event: 1.456 Thread 0x00007ac285422aa0 Exception <a 'java/lang/NoSuchMethodError'{0x000000060f723028}: 'float java.lang.invoke.DelegatingMethodHandle$Holder.reinvoke_L(java.lang.Object, java.lang.Object)'> (0x000000060f723028) 
thrown [./src/hotspot/share/interpreter/linkResolver.cpp, line 772]
Event: 1.456 Thread 0x00007ac285422aa0 Exception <a 'java/lang/NoSuchMethodError'{0x000000060f72d150}: 'void java.lang.invoke.DelegatingMethodHandle$Holder.reinvoke_L(java.lang.Object, java.lang.Object, float)'> (0x000000060f72d150) 
thrown [./src/hotspot/share/interpreter/linkResolver.cpp, line 772]
Event: 1.456 Thread 0x00007ac285422aa0 Exception <a 'java/lang/NoSuchMethodError'{0x000000060f733af0}: 'float java.lang.invoke.Invokers$Holder.invokeExact_MT(java.lang.Object, java.lang.Object, java.lang.Object)'> (0x000000060f733af0) 
thrown [./src/hotspot/share/interpreter/linkResolver.cpp, line 772]
Event: 1.460 Thread 0x00007ac285422aa0 Exception <a 'java/lang/NoSuchMethodError'{0x000000060f7a1868}: 'long java.lang.invoke.DelegatingMethodHandle$Holder.reinvoke_L(java.lang.Object, java.lang.Object)'> (0x000000060f7a1868) 
thrown [./src/hotspot/share/interpreter/linkResolver.cpp, line 772]
Event: 1.460 Thread 0x00007ac285422aa0 Exception <a 'java/lang/NoSuchMethodError'{0x000000060f7ab680}: 'void java.lang.invoke.DelegatingMethodHandle$Holder.reinvoke_L(java.lang.Object, java.lang.Object, long)'> (0x000000060f7ab680) 
thrown [./src/hotspot/share/interpreter/linkResolver.cpp, line 772]
Event: 1.460 Thread 0x00007ac285422aa0 Exception <a 'java/lang/NoSuchMethodError'{0x000000060f7b22e0}: 'long java.lang.invoke.Invokers$Holder.invokeExact_MT(java.lang.Object, java.lang.Object, java.lang.Object)'> (0x000000060f7b22e0) 
thrown [./src/hotspot/share/interpreter/linkResolver.cpp, line 772]
Event: 6.302 Thread 0x00007ac1cc00b980 Implicit null exception at 0x00007ac274528958 to 0x00007ac274529900
Event: 6.552 Thread 0x00007ac1cc00b980 Implicit null exception at 0x00007ac27452c0e1 to 0x00007ac27452d2d8

ZGC Phase Switch (0 events):
No events

VM Operations (20 events):
Event: 1.873 Executing non-safepoint VM operation: HandshakeAllThreads (Deoptimize) done
Event: 1.873 Executing safepoint VM operation: Cleanup
Event: 1.873 Executing safepoint VM operation: Cleanup done
Event: 2.263 Executing safepoint VM operation: G1CollectForAllocation (G1 Evacuation Pause)
Event: 2.265 Executing safepoint VM operation: G1CollectForAllocation (G1 Evacuation Pause) done
Event: 3.265 Executing safepoint VM operation: Cleanup
Event: 3.265 Executing safepoint VM operation: Cleanup done
Event: 5.265 Executing safepoint VM operation: Cleanup
Event: 5.265 Executing safepoint VM operation: Cleanup done
Event: 5.885 Executing safepoint VM operation: G1CollectForAllocation (G1 Evacuation Pause)
Event: 5.888 Executing safepoint VM operation: G1CollectForAllocation (G1 Evacuation Pause) done
Event: 7.888 Executing safepoint VM operation: Cleanup
Event: 7.888 Executing safepoint VM operation: Cleanup done
Event: 8.888 Executing safepoint VM operation: Cleanup
Event: 8.888 Executing safepoint VM operation: Cleanup done
Event: 9.919 Executing safepoint VM operation: G1CollectForAllocation (G1 Evacuation Pause)
Event: 9.920 Executing safepoint VM operation: G1CollectForAllocation (G1 Evacuation Pause) done
Event: 11.920 Executing safepoint VM operation: Cleanup
Event: 11.920 Executing safepoint VM operation: Cleanup done
Event: 16.741 Executing safepoint VM operation: Exit

Memory protections (20 events):
Event: 10.919 Protecting memory [0x00007ac1345af000,0x00007ac1345b3000] with protection modes 0
Event: 10.947 Protecting memory [0x00007ac1345af000,0x00007ac1345b3000] with protection modes 0
Event: 10.948 Protecting memory [0x00007ac1345af000,0x00007ac1345b3000] with protection modes 0
Event: 10.952 Protecting memory [0x00007ac1345af000,0x00007ac1345b3000] with protection modes 0
Event: 10.981 Protecting memory [0x00007ac1345af000,0x00007ac1345b3000] with protection modes 0
Event: 10.981 Protecting memory [0x00007ac1345af000,0x00007ac1345b3000] with protection modes 0
Event: 10.985 Protecting memory [0x00007ac1345af000,0x00007ac1345b3000] with protection modes 0
Event: 11.014 Protecting memory [0x00007ac1345af000,0x00007ac1345b3000] with protection modes 0
Event: 11.014 Protecting memory [0x00007ac1345af000,0x00007ac1345b3000] with protection modes 0
Event: 11.019 Protecting memory [0x00007ac1345af000,0x00007ac1345b3000] with protection modes 0
Event: 11.081 Protecting memory [0x00007ac1345af000,0x00007ac1345b3000] with protection modes 0
Event: 11.081 Protecting memory [0x00007ac1345af000,0x00007ac1345b3000] with protection modes 0
Event: 11.085 Protecting memory [0x00007ac1345af000,0x00007ac1345b3000] with protection modes 0
Event: 11.114 Protecting memory [0x00007ac1345af000,0x00007ac1345b3000] with protection modes 0
Event: 11.114 Protecting memory [0x00007ac1345af000,0x00007ac1345b3000] with protection modes 0
Event: 11.119 Protecting memory [0x00007ac1345af000,0x00007ac1345b3000] with protection modes 0
Event: 11.159 Protecting memory [0x00007ac1345af000,0x00007ac1345b3000] with protection modes 0
Event: 16.739 Protecting memory [0x00007ac260226000,0x00007ac26022a000] with protection modes 0
Event: 16.739 Protecting memory [0x00007ac1345af000,0x00007ac1345b3000] with protection modes 0
Event: 16.739 Protecting memory [0x00007ac1466fe000,0x00007ac146702000] with protection modes 0

Nmethod flushes (0 events):
No events

Events (20 events):
Event: 11.114 Thread 0x00007ac11009c800 Thread added: 0x00007ac11009c800
Event: 11.114 Thread 0x00007ac11009c800 Thread exited: 0x00007ac11009c800
Event: 11.114 Thread 0x00007ac11009c800 Thread added: 0x00007ac11009c800
Event: 11.114 Thread 0x00007ac11009c800 Thread exited: 0x00007ac11009c800
Event: 11.119 Thread 0x00007ac11009c800 Thread added: 0x00007ac11009c800
Event: 11.119 Thread 0x00007ac11009c800 Thread exited: 0x00007ac11009c800
Event: 11.156 Thread 0x00007ac1180d1320 Thread exited: 0x00007ac1180d1320
Event: 11.156 Thread 0x00007ac11c028b60 Thread exited: 0x00007ac11c028b60
Event: 11.157 Thread 0x00007ac1cc00b980 Thread exited: 0x00007ac1cc00b980
Event: 11.158 Thread 0x00007ac10c003110 Thread exited: 0x00007ac10c003110
Event: 11.159 Thread 0x00007ac11009c800 Thread added: 0x00007ac11009c800
Event: 11.159 Thread 0x00007ac11009c800 Thread exited: 0x00007ac11009c800
Event: 16.091 Thread 0x00007ac17c0e8e40 Thread exited: 0x00007ac17c0e8e40
Event: 16.739 Thread 0x00007ac28401a8a0 Thread added: 0x00007ac284e638e0
Event: 16.739 Thread 0x00007ac28401a8a0 Thread added: 0x00007ac284e0bcb0
Event: 16.739 Thread 0x00007ac28401a8a0 Thread added: 0x00007ac284e0cbb0
Event: 16.739 Thread 0x00007ac284e0cbb0 Thread exited: 0x00007ac284e0cbb0
Event: 16.740 Thread 0x00007ac284e0bcb0 Thread exited: 0x00007ac284e0bcb0
Event: 16.741 Thread 0x00007ac284e638e0 Thread exited: 0x00007ac284e638e0
Event: 16.741 Thread 0x00007ac28401a8a0 Before exit entered


Dynamic libraries:
60d000000-610c00000 rw-p 00000000 00:00 0 
610c00000-62a800000 ---p 00000000 00:00 0 
62a800000-62b000000 rw-p 00000000 00:00 0 
62b000000-62c000000 ---p 00000000 00:00 0 
62c000000-62c400000 rw-p 00000000 00:00 0 
62c400000-7ffc00000 ---p 00000000 00:00 0 
7ffc00000-7ffd0d000 rw-p 00cdb000 103:03 530717                          /usr/lib/jvm/java-21-openjdk-amd64/lib/server/classes.jsa
7ffd0d000-800000000 rw-p 00000000 00:00 0 
5815a8e8f000-5815a8e90000 r--p 00000000 103:03 530563                    /usr/lib/jvm/java-21-openjdk-amd64/bin/java
5815a8e90000-5815a8e91000 r-xp 00001000 103:03 530563                    /usr/lib/jvm/java-21-openjdk-amd64/bin/java
5815a8e91000-5815a8e92000 r--p 00002000 103:03 530563                    /usr/lib/jvm/java-21-openjdk-amd64/bin/java
5815a8e92000-5815a8e93000 r--p 00002000 103:03 530563                    /usr/lib/jvm/java-21-openjdk-amd64/bin/java
5815a8e93000-5815a8e94000 rw-p 00003000 103:03 530563                    /usr/lib/jvm/java-21-openjdk-amd64/bin/java
5815afe70000-5815afeb8000 rw-p 00000000 00:00 0                          [heap]
7ac0e3200000-7ac0e3400000 rw-s 00000000 00:07 968                        /dev/nvidiactl
7ac0e3400000-7ac0e3600000 rw-s 00000000 00:07 968                        /dev/nvidiactl
7ac0e3600000-7ac0e3800000 rw-s 00000000 00:07 968                        /dev/nvidiactl
7ac0e3800000-7ac0e3a00000 rw-s 00000000 00:07 968                        /dev/nvidiactl
7ac0e3a00000-7ac0e3c00000 rw-s 00000000 00:07 968                        /dev/nvidiactl
7ac0e3c00000-7ac0e4000000 rw-s 00000000 00:07 968                        /dev/nvidiactl
7ac0e4000000-7ac0e4200000 rw-s 00000000 00:07 968                        /dev/nvidiactl
7ac0e4200000-7ac0e4400000 rw-s 00000000 00:07 968                        /dev/nvidiactl
7ac0e4400000-7ac0e4600000 rw-s 00000000 00:07 968                        /dev/nvidiactl
7ac0e4600000-7ac0e4800000 rw-s 00000000 00:07 968                        /dev/nvidiactl
7ac0e4800000-7ac0e4a00000 rw-s 00000000 00:07 968                        /dev/nvidiactl
7ac0e4a00000-7ac0e4c00000 rw-s 00000000 00:07 968                        /dev/nvidiactl
7ac0e4c00000-7ac0e4e00000 rw-s 00000000 00:07 968                        /dev/nvidiactl
7ac0e4e00000-7ac0e5000000 rw-s 00000000 00:07 968                        /dev/nvidiactl
7ac0e5000000-7ac0e5200000 rw-s 00000000 00:07 968                        /dev/nvidiactl
7ac0e5200000-7ac0e5400000 rw-s 00000000 00:07 968                        /dev/nvidiactl
7ac0e5400000-7ac0e5600000 rw-s 00000000 00:07 968                        /dev/nvidiactl
7ac0e5600000-7ac0e5800000 rw-s 00000000 00:07 968                        /dev/nvidiactl
7ac0e5800000-7ac0e5a00000 rw-s 00000000 00:07 968                        /dev/nvidiactl
7ac0e5a00000-7ac0e5e00000 rw-s 00000000 00:07 968                        /dev/nvidiactl
7ac0e5e00000-7ac0e6000000 rw-s 00000000 00:07 968                        /dev/nvidiactl
7ac0e6000000-7ac0e6200000 rw-s 00000000 00:07 968                        /dev/nvidiactl
7ac0e6200000-7ac0e6400000 rw-s 00000000 00:07 968                        /dev/nvidiactl
7ac0e6400000-7ac0e6600000 rw-s 00000000 00:07 968                        /dev/nvidiactl
7ac0e6600000-7ac0e6800000 rw-s 00000000 00:07 968                        /dev/nvidiactl
7ac0e6800000-7ac0e6a00000 rw-s 00000000 00:07 968                        /dev/nvidiactl
7ac0e6a00000-7ac0e6c00000 rw-s 00000000 00:07 968                        /dev/nvidiactl
7ac0e6c00000-7ac0e6e00000 rw-s 00000000 00:07 968                        /dev/nvidiactl
7ac0e6e00000-7ac0e7000000 rw-s 00000000 00:07 968                        /dev/nvidiactl
7ac0e7000000-7ac0e7200000 rw-s 00000000 00:07 968                        /dev/nvidiactl
7ac0e7200000-7ac0e7400000 rw-s 00000000 00:07 968                        /dev/nvidiactl
7ac0e7400000-7ac0e7600000 rw-s 00000000 00:07 968                        /dev/nvidiactl
7ac0e7600000-7ac0e7800000 rw-s 00000000 00:07 968                        /dev/nvidiactl
7ac0e7800000-7ac0e7c00000 rw-s 00000000 00:07 968                        /dev/nvidiactl
7ac0e7c00000-7ac0e7e00000 rw-s 00000000 00:07 968                        /dev/nvidiactl
7ac0e7e00000-7ac0e8000000 rw-s 00000000 00:07 968                        /dev/nvidiactl
7ac0e8000000-7ac0e8200000 rw-s 00000000 00:07 968                        /dev/nvidiactl
7ac0e8200000-7ac0e8400000 rw-s 00000000 00:07 968                        /dev/nvidiactl
7ac0e8400000-7ac0e8600000 rw-s 00000000 00:07 968                        /dev/nvidiactl
7ac0e8600000-7ac0e8800000 rw-s 00000000 00:07 968                        /dev/nvidiactl
7ac0e8800000-7ac0e8a00000 rw-s 00000000 00:07 968                        /dev/nvidiactl
7ac0e8a00000-7ac0e8c00000 rw-s 00000000 00:07 968                        /dev/nvidiactl
7ac0e8c00000-7ac0e8e00000 rw-s 00000000 00:07 968                        /dev/nvidiactl
7ac0e8e00000-7ac0e9000000 rw-s 00000000 00:07 968                        /dev/nvidiactl
7ac0e9000000-7ac0e9200000 rw-s 00000000 00:07 968                        /dev/nvidiactl
7ac0e9200000-7ac0e9400000 rw-s 00000000 00:07 968                        /dev/nvidiactl
7ac0e9400000-7ac0e9800000 rw-s 00000000 00:07 968                        /dev/nvidiactl
7ac0e9800000-7ac0e9c00000 rw-s 00000000 00:07 968                        /dev/nvidiactl
7ac0e9c00000-7ac0e9e00000 rw-s 00000000 00:07 968                        /dev/nvidiactl
7ac0e9e00000-7ac0ea200000 rw-s 00000000 00:07 968                        /dev/nvidiactl
7ac0ea200000-7ac0ea400000 rw-s 00000000 00:07 968                        /dev/nvidiactl
7ac0ea400000-7ac0ea600000 rw-s 00000000 00:07 968                        /dev/nvidiactl
7ac0ea600000-7ac0eaa00000 rw-s 00000000 00:07 968                        /dev/nvidiactl
7ac0eaa00000-7ac0eac00000 rw-s 00000000 00:07 968                        /dev/nvidiactl
7ac0eac00000-7ac0eae00000 rw-s 00000000 00:07 968                        /dev/nvidiactl
7ac0eae00000-7ac0eb000000 rw-s 00000000 00:07 968                        /dev/nvidiactl
7ac0eb000000-7ac0eb200000 rw-s 00000000 00:07 968                        /dev/nvidiactl
7ac0eb200000-7ac0eb400000 rw-s 00000000 00:07 968                        /dev/nvidiactl
7ac0eb400000-7ac0eb600000 rw-s 00000000 00:07 968                        /dev/nvidiactl
7ac0eb600000-7ac0eb800000 rw-s 00000000 00:07 968                        /dev/nvidiactl
7ac0eb800000-7ac0ebc00000 rw-s 00000000 00:07 968                        /dev/nvidiactl
7ac0ebc00000-7ac0ebe00000 rw-s 00000000 00:07 968                        /dev/nvidiactl
7ac0ebe00000-7ac0ec000000 rw-s 00000000 00:07 968                        /dev/nvidiactl
7ac0ec000000-7ac0ec200000 rw-s 00000000 00:07 968                        /dev/nvidiactl
7ac0ec200000-7ac0ec400000 rw-s 00000000 00:07 968                        /dev/nvidiactl
7ac0ec400000-7ac0ec600000 rw-s 00000000 00:07 968                        /dev/nvidiactl
7ac0ec600000-7ac0ec800000 rw-s 00000000 00:07 968                        /dev/nvidiactl
7ac0ec800000-7ac0ecc00000 rw-s 00000000 00:07 968                        /dev/nvidiactl
7ac0ecc00000-7ac0ece00000 rw-s 00000000 00:07 968                        /dev/nvidiactl
7ac0ece00000-7ac0ed000000 rw-s 00000000 00:07 968                        /dev/nvidiactl
7ac0ed000000-7ac0ed200000 rw-s 00000000 00:07 968                        /dev/nvidiactl
7ac0ed200000-7ac0ed400000 rw-s 00000000 00:07 968                        /dev/nvidiactl
7ac0ed400000-7ac0ed600000 rw-s 00000000 00:07 968                        /dev/nvidiactl
7ac0ed600000-7ac0ed800000 rw-s 00000000 00:07 968                        /dev/nvidiactl
7ac0ed800000-7ac0eda00000 rw-s 00000000 00:07 968                        /dev/nvidiactl
7ac0eda00000-7ac0edc00000 rw-s 00000000 00:07 968                        /dev/nvidiactl
7ac0edc00000-7ac0ee000000 rw-s 00000000 00:07 968                        /dev/nvidiactl
7ac0ee000000-7ac0ee200000 rw-s 00000000 00:07 968                        /dev/nvidiactl
7ac0ee200000-7ac0ee400000 rw-s 00000000 00:07 968                        /dev/nvidiactl
7ac0ee400000-7ac0ee600000 rw-s 00000000 00:07 968                        /dev/nvidiactl
7ac0ee600000-7ac0ee800000 rw-s 00000000 00:07 968                        /dev/nvidiactl
7ac0ee800000-7ac0eea00000 rw-s 00000000 00:07 968                        /dev/nvidiactl
7ac0eea00000-7ac0eee00000 rw-s 00000000 00:07 968                        /dev/nvidiactl
7ac0eee00000-7ac0ef000000 rw-s 00000000 00:07 968                        /dev/nvidiactl
7ac0ef000000-7ac0ef200000 rw-s 00000000 00:07 968                        /dev/nvidiactl
7ac0ef200000-7ac0ef400000 rw-s 00000000 00:07 968                        /dev/nvidiactl
7ac0ef400000-7ac0ef600000 rw-s 00000000 00:07 968                        /dev/nvidiactl
7ac0ef600000-7ac0ef800000 rw-s 00000000 00:07 968                        /dev/nvidiactl
7ac0ef800000-7ac0efc00000 rw-s 00000000 00:07 968                        /dev/nvidiactl
7ac0efc00000-7ac0efe00000 rw-s 00000000 00:07 968                        /dev/nvidiactl
7ac0efe00000-7ac0f0000000 rw-s 00000000 00:07 968                        /dev/nvidiactl
7ac0f0000000-7ac0f0021000 rw-p 00000000 00:00 0 
7ac0f0021000-7ac0f4000000 ---p 00000000 00:00 0 
7ac0f4000000-7ac0f4021000 rw-p 00000000 00:00 0 
7ac0f4021000-7ac0f8000000 ---p 00000000 00:00 0 
7ac0f8000000-7ac0f8021000 rw-p 00000000 00:00 0 
7ac0f8021000-7ac0fc000000 ---p 00000000 00:00 0 
7ac0fc000000-7ac0fc081000 rw-p 00000000 00:00 0 
7ac0fc081000-7ac100000000 ---p 00000000 00:00 0 
7ac1000ff000-7ac1002ff000 rw-s 00000000 00:07 968                        /dev/nvidiactl
7ac1002ff000-7ac1004ff000 rw-s 00000000 00:07 968                        /dev/nvidiactl
7ac1004ff000-7ac1006ff000 rw-s 00000000 00:07 968                        /dev/nvidiactl
7ac1006ff000-7ac1008ff000 rw-s 00000000 00:07 968                        /dev/nvidiactl
7ac1008ff000-7ac100cff000 rw-s 00000000 00:07 968                        /dev/nvidiactl
7ac100cff000-7ac100eff000 rw-s 00000000 00:07 968                        /dev/nvidiactl
7ac100eff000-7ac1010ff000 rw-s 00000000 00:07 968                        /dev/nvidiactl
7ac1010ff000-7ac1012ff000 rw-s 00000000 00:07 968                        /dev/nvidiactl
7ac1012ff000-7ac1014ff000 rw-s 00000000 00:07 968                        /dev/nvidiactl
7ac1014ff000-7ac1016ff000 rw-s 00000000 00:07 968                        /dev/nvidiactl
7ac1016ff000-7ac1018ff000 rw-s 00000000 00:07 968                        /dev/nvidiactl
7ac1018ff000-7ac101cff000 rw-s 00000000 00:07 968                        /dev/nvidiactl
7ac101cff000-7ac101eff000 rw-s 00000000 00:07 968                        /dev/nvidiactl
7ac101eff000-7ac1020ff000 rw-s 00000000 00:07 968                        /dev/nvidiactl
7ac1020ff000-7ac1022ff000 rw-s 00000000 00:07 968                        /dev/nvidiactl
7ac1022ff000-7ac102300000 ---p 00000000 00:00 0 
7ac102300000-7ac102400000 rw-p 00000000 00:00 0 
7ac102400000-7ac102600000 rw-s 00000000 00:07 968                        /dev/nvidiactl
7ac102600000-7ac102a00000 rw-s 00000000 00:07 968                        /dev/nvidiactl
7ac102a00000-7ac102c00000 rw-s 00000000 00:07 968                        /dev/nvidiactl
7ac102c00000-7ac102e00000 rw-s 00000000 00:07 968                        /dev/nvidiactl
7ac102e00000-7ac103000000 rw-s 00000000 00:07 968                        /dev/nvidiactl
7ac103000000-7ac103200000 rw-s 00000000 00:07 968                        /dev/nvidiactl
7ac103200000-7ac103400000 rw-s 00000000 00:07 968                        /dev/nvidiactl
7ac103400000-7ac103600000 rw-s 00000000 00:07 968                        /dev/nvidiactl
7ac103600000-7ac103800000 rw-s 00000000 00:07 968                        /dev/nvidiactl
7ac103800000-7ac103a00000 rw-s 00000000 00:07 968                        /dev/nvidiactl
7ac103a00000-7ac103c00000 rw-s 00000000 00:07 968                        /dev/nvidiactl
7ac103c00000-7ac103e00000 rw-s 00000000 00:07 968                        /dev/nvidiactl
7ac103e00000-7ac104000000 rw-s 00000000 00:07 968                        /dev/nvidiactl
7ac104000000-7ac104080000 rw-p 00000000 00:00 0 
7ac104080000-7ac108000000 ---p 00000000 00:00 0 
7ac108000000-7ac108081000 rw-p 00000000 00:00 0 
7ac108081000-7ac10c000000 ---p 00000000 00:00 0 
7ac10c000000-7ac10c021000 rw-p 00000000 00:00 0 
7ac10c021000-7ac110000000 ---p 00000000 00:00 0 
7ac110000000-7ac110090000 rw-p 00000000 00:00 0 
7ac110090000-7ac110b4d000 rw-p 00000000 00:00 0 
7ac110b4d000-7ac114000000 ---p 00000000 00:00 0 
7ac118000000-7ac118155000 rw-p 00000000 00:00 0 
7ac118155000-7ac11c000000 ---p 00000000 00:00 0 
7ac11c000000-7ac11c05b000 rw-p 00000000 00:00 0 
7ac11c05b000-7ac120000000 ---p 00000000 00:00 0 
7ac120000000-7ac120021000 rw-p 00000000 00:00 0 
7ac120021000-7ac124000000 ---p 00000000 00:00 0 
7ac124000000-7ac12405e000 rw-p 00000000 00:00 0 
7ac12405e000-7ac128000000 ---p 00000000 00:00 0 
7ac128000000-7ac128081000 rw-p 00000000 00:00 0 
7ac128081000-7ac12c000000 ---p 00000000 00:00 0 
7ac12c000000-7ac12c095000 rw-p 00000000 00:00 0 
7ac12c095000-7ac130000000 ---p 00000000 00:00 0 
7ac130000000-7ac13043e000 rw-p 00000000 00:00 0 
7ac13043e000-7ac134000000 ---p 00000000 00:00 0 
7ac1340f4000-7ac1340f5000 ---p 00000000 00:00 0 
7ac1340f5000-7ac1341f5000 rw-p 00000000 00:00 0 
7ac1341f5000-7ac1343f5000 rw-s 00000000 00:07 968                        /dev/nvidiactl
7ac13457a000-7ac13457b000 r--p 00000000 103:03 1318287                   /usr/lib/x86_64-linux-gnu/vlc/plugins/video_chroma/libchain_plugin.so
7ac13457b000-7ac13457d000 r-xp 00001000 103:03 1318287                   /usr/lib/x86_64-linux-gnu/vlc/plugins/video_chroma/libchain_plugin.so
7ac13457d000-7ac13457e000 r--p 00003000 103:03 1318287                   /usr/lib/x86_64-linux-gnu/vlc/plugins/video_chroma/libchain_plugin.so
7ac13457e000-7ac13457f000 r--p 00003000 103:03 1318287                   /usr/lib/x86_64-linux-gnu/vlc/plugins/video_chroma/libchain_plugin.so
7ac13457f000-7ac134580000 rw-p 00004000 103:03 1318287                   /usr/lib/x86_64-linux-gnu/vlc/plugins/video_chroma/libchain_plugin.so
7ac134580000-7ac134582000 r--p 00000000 103:03 1318373                   /usr/lib/x86_64-linux-gnu/vlc/plugins/vaapi/libvaapi_filters_plugin.so
7ac134582000-7ac134591000 r-xp 00002000 103:03 1318373                   /usr/lib/x86_64-linux-gnu/vlc/plugins/vaapi/libvaapi_filters_plugin.so
7ac134591000-7ac134593000 r--p 00011000 103:03 1318373                   /usr/lib/x86_64-linux-gnu/vlc/plugins/vaapi/libvaapi_filters_plugin.so
7ac134593000-7ac134594000 r--p 00012000 103:03 1318373                   /usr/lib/x86_64-linux-gnu/vlc/plugins/vaapi/libvaapi_filters_plugin.so
7ac134594000-7ac134595000 rw-p 00013000 103:03 1318373                   /usr/lib/x86_64-linux-gnu/vlc/plugins/vaapi/libvaapi_filters_plugin.so
7ac134595000-7ac134597000 r--p 00000000 103:03 1318370                   /usr/lib/x86_64-linux-gnu/vlc/libvlc_vdpau.so.0.0.0
7ac134597000-7ac134599000 r-xp 00002000 103:03 1318370                   /usr/lib/x86_64-linux-gnu/vlc/libvlc_vdpau.so.0.0.0
7ac134599000-7ac13459a000 r--p 00004000 103:03 1318370                   /usr/lib/x86_64-linux-gnu/vlc/libvlc_vdpau.so.0.0.0
7ac13459a000-7ac13459b000 r--p 00004000 103:03 1318370                   /usr/lib/x86_64-linux-gnu/vlc/libvlc_vdpau.so.0.0.0
7ac13459b000-7ac13459c000 rw-p 00005000 103:03 1318370                   /usr/lib/x86_64-linux-gnu/vlc/libvlc_vdpau.so.0.0.0
7ac13459c000-7ac13459d000 r--p 00000000 103:03 1318377                   /usr/lib/x86_64-linux-gnu/vlc/plugins/vdpau/libvdpau_chroma_plugin.so
7ac13459d000-7ac1345a0000 r-xp 00001000 103:03 1318377                   /usr/lib/x86_64-linux-gnu/vlc/plugins/vdpau/libvdpau_chroma_plugin.so
7ac1345a0000-7ac1345a1000 r--p 00004000 103:03 1318377                   /usr/lib/x86_64-linux-gnu/vlc/plugins/vdpau/libvdpau_chroma_plugin.so
7ac1345a1000-7ac1345a2000 r--p 00004000 103:03 1318377                   /usr/lib/x86_64-linux-gnu/vlc/plugins/vdpau/libvdpau_chroma_plugin.so
7ac1345a2000-7ac1345a3000 rw-p 00005000 103:03 1318377                   /usr/lib/x86_64-linux-gnu/vlc/plugins/vdpau/libvdpau_chroma_plugin.so
7ac1345a3000-7ac1345a4000 r--p 00000000 103:03 1318341                   /usr/lib/x86_64-linux-gnu/vlc/plugins/video_filter/libscale_plugin.so
7ac1345a4000-7ac1345a5000 r-xp 00001000 103:03 1318341                   /usr/lib/x86_64-linux-gnu/vlc/plugins/video_filter/libscale_plugin.so
7ac1345a5000-7ac1345a6000 r--p 00002000 103:03 1318341                   /usr/lib/x86_64-linux-gnu/vlc/plugins/video_filter/libscale_plugin.so
7ac1345a6000-7ac1345a7000 r--p 00002000 103:03 1318341                   /usr/lib/x86_64-linux-gnu/vlc/plugins/video_filter/libscale_plugin.so
7ac1345a7000-7ac1345a8000 rw-p 00003000 103:03 1318341                   /usr/lib/x86_64-linux-gnu/vlc/plugins/video_filter/libscale_plugin.so
7ac1345a8000-7ac1345a9000 r--p 00000000 103:03 1318351                   /usr/lib/x86_64-linux-gnu/vlc/plugins/video_output/libvmem_plugin.so
7ac1345a9000-7ac1345ab000 r-xp 00001000 103:03 1318351                   /usr/lib/x86_64-linux-gnu/vlc/plugins/video_output/libvmem_plugin.so
7ac1345ab000-7ac1345ac000 r--p 00003000 103:03 1318351                   /usr/lib/x86_64-linux-gnu/vlc/plugins/video_output/libvmem_plugin.so
7ac1345ac000-7ac1345ad000 r--p 00003000 103:03 1318351                   /usr/lib/x86_64-linux-gnu/vlc/plugins/video_output/libvmem_plugin.so
7ac1345ad000-7ac1345ae000 rw-p 00004000 103:03 1318351                   /usr/lib/x86_64-linux-gnu/vlc/plugins/video_output/libvmem_plugin.so
7ac1345ae000-7ac1345af000 ---p 00000000 00:00 0 
7ac1345af000-7ac1345b3000 ---p 00000000 00:00 0 
7ac1345b3000-7ac1346af000 rw-p 00000000 00:00 0 
7ac1346af000-7ac1346b0000 r--p 00000000 103:03 1318303                   /usr/lib/x86_64-linux-gnu/vlc/plugins/video_chroma/libyuvp_plugin.so
7ac1346b0000-7ac1346b1000 r-xp 00001000 103:03 1318303                   /usr/lib/x86_64-linux-gnu/vlc/plugins/video_chroma/libyuvp_plugin.so
7ac1346b1000-7ac1346b2000 r--p 00002000 103:03 1318303                   /usr/lib/x86_64-linux-gnu/vlc/plugins/video_chroma/libyuvp_plugin.so
7ac1346b2000-7ac1346b3000 r--p 00002000 103:03 1318303                   /usr/lib/x86_64-linux-gnu/vlc/plugins/video_chroma/libyuvp_plugin.so
7ac1346b3000-7ac1346b4000 rw-p 00003000 103:03 1318303                   /usr/lib/x86_64-linux-gnu/vlc/plugins/video_chroma/libyuvp_plugin.so
7ac1346b4000-7ac1346b5000 r--p 00000000 103:03 1318299                   /usr/lib/x86_64-linux-gnu/vlc/plugins/video_chroma/libi422_yuy2_plugin.so
7ac1346b5000-7ac1346bb000 r-xp 00001000 103:03 1318299                   /usr/lib/x86_64-linux-gnu/vlc/plugins/video_chroma/libi422_yuy2_plugin.so
7ac1346bb000-7ac1346bc000 r--p 00007000 103:03 1318299                   /usr/lib/x86_64-linux-gnu/vlc/plugins/video_chroma/libi422_yuy2_plugin.so
7ac1346bc000-7ac1346bd000 r--p 00007000 103:03 1318299                   /usr/lib/x86_64-linux-gnu/vlc/plugins/video_chroma/libi422_yuy2_plugin.so
7ac1346bd000-7ac1346be000 rw-p 00008000 103:03 1318299                   /usr/lib/x86_64-linux-gnu/vlc/plugins/video_chroma/libi422_yuy2_plugin.so
7ac1346be000-7ac1346bf000 r--p 00000000 103:03 1318305                   /usr/lib/x86_64-linux-gnu/vlc/plugins/video_chroma/libyuy2_i422_plugin.so
7ac1346bf000-7ac1346c5000 r-xp 00001000 103:03 1318305                   /usr/lib/x86_64-linux-gnu/vlc/plugins/video_chroma/libyuy2_i422_plugin.so
7ac1346c5000-7ac1346c6000 r--p 00007000 103:03 1318305                   /usr/lib/x86_64-linux-gnu/vlc/plugins/video_chroma/libyuy2_i422_plugin.so
7ac1346c6000-7ac1346c7000 r--p 00007000 103:03 1318305                   /usr/lib/x86_64-linux-gnu/vlc/plugins/video_chroma/libyuy2_i422_plugin.so
7ac1346c7000-7ac1346c8000 rw-p 00008000 103:03 1318305                   /usr/lib/x86_64-linux-gnu/vlc/plugins/video_chroma/libyuy2_i422_plugin.so
7ac1346c8000-7ac1346c9000 r--p 00000000 103:03 1318292                   /usr/lib/x86_64-linux-gnu/vlc/plugins/video_chroma/libi420_rgb_plugin.so
7ac1346c9000-7ac1346ce000 r-xp 00001000 103:03 1318292                   /usr/lib/x86_64-linux-gnu/vlc/plugins/video_chroma/libi420_rgb_plugin.so
7ac1346ce000-7ac1346cf000 r--p 00006000 103:03 1318292                   /usr/lib/x86_64-linux-gnu/vlc/plugins/video_chroma/libi420_rgb_plugin.so
7ac1346cf000-7ac1346d0000 r--p 00006000 103:03 1318292                   /usr/lib/x86_64-linux-gnu/vlc/plugins/video_chroma/libi420_rgb_plugin.so
7ac1346d0000-7ac1346d1000 rw-p 00007000 103:03 1318292                   /usr/lib/x86_64-linux-gnu/vlc/plugins/video_chroma/libi420_rgb_plugin.so
7ac1346d1000-7ac1346d2000 r--p 00000000 103:03 1318304                   /usr/lib/x86_64-linux-gnu/vlc/plugins/video_chroma/libyuy2_i420_plugin.so
7ac1346d2000-7ac1346da000 r-xp 00001000 103:03 1318304                   /usr/lib/x86_64-linux-gnu/vlc/plugins/video_chroma/libyuy2_i420_plugin.so
7ac1346da000-7ac1346db000 r--p 00009000 103:03 1318304                   /usr/lib/x86_64-linux-gnu/vlc/plugins/video_chroma/libyuy2_i420_plugin.so
7ac1346db000-7ac1346dc000 r--p 00009000 103:03 1318304                   /usr/lib/x86_64-linux-gnu/vlc/plugins/video_chroma/libyuy2_i420_plugin.so
7ac1346dc000-7ac1346dd000 rw-p 0000a000 103:03 1318304                   /usr/lib/x86_64-linux-gnu/vlc/plugins/video_chroma/libyuy2_i420_plugin.so
7ac1346dd000-7ac1346de000 r--p 00000000 103:03 1318295                   /usr/lib/x86_64-linux-gnu/vlc/plugins/video_chroma/libi420_yuy2_plugin.so
7ac1346de000-7ac1346e6000 r-xp 00001000 103:03 1318295                   /usr/lib/x86_64-linux-gnu/vlc/plugins/video_chroma/libi420_yuy2_plugin.so
7ac1346e6000-7ac1346e7000 r--p 00009000 103:03 1318295                   /usr/lib/x86_64-linux-gnu/vlc/plugins/video_chroma/libi420_yuy2_plugin.so
7ac1346e7000-7ac1346e8000 r--p 00009000 103:03 1318295                   /usr/lib/x86_64-linux-gnu/vlc/plugins/video_chroma/libi420_yuy2_plugin.so
7ac1346e8000-7ac1346e9000 rw-p 0000a000 103:03 1318295                   /usr/lib/x86_64-linux-gnu/vlc/plugins/video_chroma/libi420_yuy2_plugin.so
7ac1346e9000-7ac1346ea000 r--p 00000000 103:03 1318288                   /usr/lib/x86_64-linux-gnu/vlc/plugins/video_chroma/libgrey_yuv_plugin.so
7ac1346ea000-7ac1346ec000 r-xp 00001000 103:03 1318288                   /usr/lib/x86_64-linux-gnu/vlc/plugins/video_chroma/libgrey_yuv_plugin.so
7ac1346ec000-7ac1346ed000 r--p 00003000 103:03 1318288                   /usr/lib/x86_64-linux-gnu/vlc/plugins/video_chroma/libgrey_yuv_plugin.so
7ac1346ed000-7ac1346ee000 r--p 00003000 103:03 1318288                   /usr/lib/x86_64-linux-gnu/vlc/plugins/video_chroma/libgrey_yuv_plugin.so
7ac1346ee000-7ac1346ef000 rw-p 00004000 103:03 1318288                   /usr/lib/x86_64-linux-gnu/vlc/plugins/video_chroma/libgrey_yuv_plugin.so
7ac1346ef000-7ac1346f0000 r--p 00000000 103:03 1318298                   /usr/lib/x86_64-linux-gnu/vlc/plugins/video_chroma/libi422_yuy2_mmx_plugin.so
7ac1346f0000-7ac1346f2000 r-xp 00001000 103:03 1318298                   /usr/lib/x86_64-linux-gnu/vlc/plugins/video_chroma/libi422_yuy2_mmx_plugin.so
7ac1346f2000-7ac1346f3000 r--p 00003000 103:03 1318298                   /usr/lib/x86_64-linux-gnu/vlc/plugins/video_chroma/libi422_yuy2_mmx_plugin.so
7ac1346f3000-7ac1346f4000 r--p 00003000 103:03 1318298                   /usr/lib/x86_64-linux-gnu/vlc/plugins/video_chroma/libi422_yuy2_mmx_plugin.so
7ac1346f4000-7ac1346f5000 rw-p 00004000 103:03 1318298                   /usr/lib/x86_64-linux-gnu/vlc/plugins/video_chroma/libi422_yuy2_mmx_plugin.so
7ac1346f5000-7ac1346f6000 r--p 00000000 103:03 1318293                   /usr/lib/x86_64-linux-gnu/vlc/plugins/video_chroma/libi420_rgb_sse2_plugin.so
7ac1346f6000-7ac13470f000 r-xp 00001000 103:03 1318293                   /usr/lib/x86_64-linux-gnu/vlc/plugins/video_chroma/libi420_rgb_sse2_plugin.so
7ac13470f000-7ac134710000 r--p 0001a000 103:03 1318293                   /usr/lib/x86_64-linux-gnu/vlc/plugins/video_chroma/libi420_rgb_sse2_plugin.so
7ac134710000-7ac134711000 r--p 0001a000 103:03 1318293                   /usr/lib/x86_64-linux-gnu/vlc/plugins/video_chroma/libi420_rgb_sse2_plugin.so
7ac134711000-7ac134712000 rw-p 0001b000 103:03 1318293                   /usr/lib/x86_64-linux-gnu/vlc/plugins/video_chroma/libi420_rgb_sse2_plugin.so
7ac134712000-7ac134715000 r--p 00000000 103:03 28975859                  /usr/lib/x86_64-linux-gnu/libswscale.so.7.5.100
7ac134715000-7ac13479a000 r-xp 00003000 103:03 28975859                  /usr/lib/x86_64-linux-gnu/libswscale.so.7.5.100
7ac13479a000-7ac1347ac000 r--p 00088000 103:03 28975859                  /usr/lib/x86_64-linux-gnu/libswscale.so.7.5.100
7ac1347ac000-7ac1347ae000 r--p 00099000 103:03 28975859                  /usr/lib/x86_64-linux-gnu/libswscale.so.7.5.100
7ac1347ae000-7ac1347af000 rw-p 0009b000 103:03 28975859                  /usr/lib/x86_64-linux-gnu/libswscale.so.7.5.100
7ac1347af000-7ac1347b7000 rw-p 00000000 00:00 0 
7ac1347b7000-7ac1347b8000 r--p 00000000 103:03 1318297                   /usr/lib/x86_64-linux-gnu/vlc/plugins/video_chroma/libi422_i420_plugin.so
7ac1347b8000-7ac1347b9000 r-xp 00001000 103:03 1318297                   /usr/lib/x86_64-linux-gnu/vlc/plugins/video_chroma/libi422_i420_plugin.so
7ac1347b9000-7ac1347ba000 r--p 00002000 103:03 1318297                   /usr/lib/x86_64-linux-gnu/vlc/plugins/video_chroma/libi422_i420_plugin.so
7ac1347ba000-7ac1347bb000 r--p 00002000 103:03 1318297                   /usr/lib/x86_64-linux-gnu/vlc/plugins/video_chroma/libi422_i420_plugin.so
7ac1347bb000-7ac1347bc000 rw-p 00003000 103:03 1318297                   /usr/lib/x86_64-linux-gnu/vlc/plugins/video_chroma/libi422_i420_plugin.so
7ac1347bc000-7ac1347bd000 r--p 00000000 103:03 1318291                   /usr/lib/x86_64-linux-gnu/vlc/plugins/video_chroma/libi420_rgb_mmx_plugin.so
7ac1347bd000-7ac1347c7000 r-xp 00001000 103:03 1318291                   /usr/lib/x86_64-linux-gnu/vlc/plugins/video_chroma/libi420_rgb_mmx_plugin.so
7ac1347c7000-7ac1347c8000 r--p 0000b000 103:03 1318291                   /usr/lib/x86_64-linux-gnu/vlc/plugins/video_chroma/libi420_rgb_mmx_plugin.so
7ac1347c8000-7ac1347c9000 r--p 0000b000 103:03 1318291                   /usr/lib/x86_64-linux-gnu/vlc/plugins/video_chroma/libi420_rgb_mmx_plugin.so
7ac1347c9000-7ac1347ca000 rw-p 0000c000 103:03 1318291                   /usr/lib/x86_64-linux-gnu/vlc/plugins/video_chroma/libi420_rgb_mmx_plugin.so
7ac1347ca000-7ac1347cb000 r--p 00000000 103:03 1318300                   /usr/lib/x86_64-linux-gnu/vlc/plugins/video_chroma/libi422_yuy2_sse2_plugin.so
7ac1347cb000-7ac1347ce000 r-xp 00001000 103:03 1318300                   /usr/lib/x86_64-linux-gnu/vlc/plugins/video_chroma/libi422_yuy2_sse2_plugin.so
7ac1347ce000-7ac1347cf000 r--p 00004000 103:03 1318300                   /usr/lib/x86_64-linux-gnu/vlc/plugins/video_chroma/libi422_yuy2_sse2_plugin.so
7ac1347cf000-7ac1347d0000 r--p 00004000 103:03 1318300                   /usr/lib/x86_64-linux-gnu/vlc/plugins/video_chroma/libi422_yuy2_sse2_plugin.so
7ac1347d0000-7ac1347d1000 rw-p 00005000 103:03 1318300                   /usr/lib/x86_64-linux-gnu/vlc/plugins/video_chroma/libi422_yuy2_sse2_plugin.so
7ac1347d1000-7ac1347d2000 r--p 00000000 103:03 1318302                   /usr/lib/x86_64-linux-gnu/vlc/plugins/video_chroma/libswscale_plugin.so
7ac1347d2000-7ac1347d5000 r-xp 00001000 103:03 1318302                   /usr/lib/x86_64-linux-gnu/vlc/plugins/video_chroma/libswscale_plugin.so
7ac1347d5000-7ac1347d6000 r--p 00004000 103:03 1318302                   /usr/lib/x86_64-linux-gnu/vlc/plugins/video_chroma/libswscale_plugin.so
7ac1347d6000-7ac1347d7000 r--p 00005000 103:03 1318302                   /usr/lib/x86_64-linux-gnu/vlc/plugins/video_chroma/libswscale_plugin.so
7ac1347d7000-7ac1347d8000 rw-p 00006000 103:03 1318302                   /usr/lib/x86_64-linux-gnu/vlc/plugins/video_chroma/libswscale_plugin.so
7ac1347d8000-7ac1347d9000 r--p 00000000 103:03 1318290                   /usr/lib/x86_64-linux-gnu/vlc/plugins/video_chroma/libi420_nv12_plugin.so
7ac1347d9000-7ac1347e3000 r-xp 00001000 103:03 1318290                   /usr/lib/x86_64-linux-gnu/vlc/plugins/video_chroma/libi420_nv12_plugin.so
7ac1347e3000-7ac1347e4000 r--p 0000b000 103:03 1318290                   /usr/lib/x86_64-linux-gnu/vlc/plugins/video_chroma/libi420_nv12_plugin.so
7ac1347e4000-7ac1347e5000 r--p 0000b000 103:03 1318290                   /usr/lib/x86_64-linux-gnu/vlc/plugins/video_chroma/libi420_nv12_plugin.so
7ac1347e5000-7ac1347e6000 rw-p 0000c000 103:03 1318290                   /usr/lib/x86_64-linux-gnu/vlc/plugins/video_chroma/libi420_nv12_plugin.so
7ac1347e6000-7ac1347e7000 r--p 00000000 103:03 1318294                   /usr/lib/x86_64-linux-gnu/vlc/plugins/video_chroma/libi420_yuy2_mmx_plugin.so
7ac1347e7000-7ac1347ea000 r-xp 00001000 103:03 1318294                   /usr/lib/x86_64-linux-gnu/vlc/plugins/video_chroma/libi420_yuy2_mmx_plugin.so
7ac1347ea000-7ac1347eb000 r--p 00004000 103:03 1318294                   /usr/lib/x86_64-linux-gnu/vlc/plugins/video_chroma/libi420_yuy2_mmx_plugin.so
7ac1347eb000-7ac1347ec000 r--p 00004000 103:03 1318294                   /usr/lib/x86_64-linux-gnu/vlc/plugins/video_chroma/libi420_yuy2_mmx_plugin.so
7ac1347ec000-7ac1347ed000 rw-p 00005000 103:03 1318294                   /usr/lib/x86_64-linux-gnu/vlc/plugins/video_chroma/libi420_yuy2_mmx_plugin.so
7ac1347ed000-7ac1347ee000 r--p 00000000 103:03 1318296                   /usr/lib/x86_64-linux-gnu/vlc/plugins/video_chroma/libi420_yuy2_sse2_plugin.so
7ac1347ee000-7ac1347f3000 r-xp 00001000 103:03 1318296                   /usr/lib/x86_64-linux-gnu/vlc/plugins/video_chroma/libi420_yuy2_sse2_plugin.so
7ac1347f3000-7ac1347f4000 r--p 00006000 103:03 1318296                   /usr/lib/x86_64-linux-gnu/vlc/plugins/video_chroma/libi420_yuy2_sse2_plugin.so
7ac1347f4000-7ac1347f5000 r--p 00006000 103:03 1318296                   /usr/lib/x86_64-linux-gnu/vlc/plugins/video_chroma/libi420_yuy2_sse2_plugin.so
7ac1347f5000-7ac1347f6000 rw-p 00007000 103:03 1318296                   /usr/lib/x86_64-linux-gnu/vlc/plugins/video_chroma/libi420_yuy2_sse2_plugin.so
7ac134881000-7ac134883000 r--p 00000000 103:03 28978392                  /usr/lib/x86_64-linux-gnu/libsamplerate.so.0.2.2
7ac134883000-7ac134888000 r-xp 00002000 103:03 28978392                  /usr/lib/x86_64-linux-gnu/libsamplerate.so.0.2.2
7ac134888000-7ac1349ee000 r--p 00007000 103:03 28978392                  /usr/lib/x86_64-linux-gnu/libsamplerate.so.0.2.2
7ac1349ee000-7ac1349ef000 r--p 0016c000 103:03 28978392                  /usr/lib/x86_64-linux-gnu/libsamplerate.so.0.2.2
7ac1349ef000-7ac1349f0000 rw-p 0016d000 103:03 28978392                  /usr/lib/x86_64-linux-gnu/libsamplerate.so.0.2.2
7ac1349f0000-7ac1349f1000 ---p 00000000 00:00 0 
7ac1349f1000-7ac1349f5000 ---p 00000000 00:00 0 
7ac1349f5000-7ac1351f1000 rw-p 00000000 00:00 0 
7ac1351f1000-7ac1351f5000 ---p 00000000 00:00 0 
7ac1351f5000-7ac1352f1000 rw-p 00000000 00:00 0 
7ac1352f1000-7ac1354f1000 rw-s 00000000 00:07 968                        /dev/nvidiactl
7ac1354f1000-7ac13552f000 r--p 00000000 103:03 28978501                  /usr/lib/x86_64-linux-gnu/libtag.so.1.19.1
7ac13552f000-7ac1355a4000 r-xp 0003e000 103:03 28978501                  /usr/lib/x86_64-linux-gnu/libtag.so.1.19.1
7ac1355a4000-7ac1355d9000 r--p 000b3000 103:03 28978501                  /usr/lib/x86_64-linux-gnu/libtag.so.1.19.1
7ac1355d9000-7ac1355de000 r--p 000e7000 103:03 28978501                  /usr/lib/x86_64-linux-gnu/libtag.so.1.19.1
7ac1355de000-7ac1355df000 rw-p 000ec000 103:03 28978501                  /usr/lib/x86_64-linux-gnu/libtag.so.1.19.1
7ac1355df000-7ac1355e0000 rw-p 00000000 00:00 0 
7ac1355fa000-7ac1355fb000 ---p 00000000 00:00 0 
7ac1355fb000-7ac1355ff000 ---p 00000000 00:00 0 
7ac1355ff000-7ac1356fb000 rw-p 00000000 00:00 0 
7ac1357fc000-7ac1357fd000 ---p 00000000 00:00 0 
7ac1357fd000-7ac135ffd000 rw-p 00000000 00:00 0 
7ac137800000-7ac137a00000 rw-s 00000000 00:07 968                        /dev/nvidiactl
7ac137a00000-7ac137c00000 rw-s 00000000 00:07 968                        /dev/nvidiactl
7ac137c00000-7ac137c63000 r--p 00000000 103:03 28978703                  /usr/lib/x86_64-linux-gnu/libx265.so.199
7ac137c63000-7ac138b0b000 r-xp 00063000 103:03 28978703                  /usr/lib/x86_64-linux-gnu/libx265.so.199
7ac138b0b000-7ac138b7b000 r--p 00f0b000 103:03 28978703                  /usr/lib/x86_64-linux-gnu/libx265.so.199
7ac138b7b000-7ac138b8b000 r--p 00f7b000 103:03 28978703                  /usr/lib/x86_64-linux-gnu/libx265.so.199
7ac138b8b000-7ac138b8e000 rw-p 00f8b000 103:03 28978703                  /usr/lib/x86_64-linux-gnu/libx265.so.199
7ac138b8e000-7ac138b9e000 rw-p 00000000 00:00 0 
7ac138ba0000-7ac138ba2000 r--p 00000000 103:03 1318284                   /usr/lib/x86_64-linux-gnu/vlc/plugins/text_renderer/libfreetype_plugin.so
7ac138ba2000-7ac138bb0000 r-xp 00002000 103:03 1318284                   /usr/lib/x86_64-linux-gnu/vlc/plugins/text_renderer/libfreetype_plugin.so
7ac138bb0000-7ac138bb2000 r--p 00010000 103:03 1318284                   /usr/lib/x86_64-linux-gnu/vlc/plugins/text_renderer/libfreetype_plugin.so
7ac138bb2000-7ac138bb3000 r--p 00012000 103:03 1318284                   /usr/lib/x86_64-linux-gnu/vlc/plugins/text_renderer/libfreetype_plugin.so
7ac138bb3000-7ac138bb4000 rw-p 00013000 103:03 1318284                   /usr/lib/x86_64-linux-gnu/vlc/plugins/text_renderer/libfreetype_plugin.so
7ac138bb4000-7ac138bb6000 r--p 00000000 103:03 28977359                  /usr/lib/x86_64-linux-gnu/libfaad.so.2.11.1
7ac138bb6000-7ac138be1000 r-xp 00002000 103:03 28977359                  /usr/lib/x86_64-linux-gnu/libfaad.so.2.11.1
7ac138be1000-7ac138bfd000 r--p 0002d000 103:03 28977359                  /usr/lib/x86_64-linux-gnu/libfaad.so.2.11.1
7ac138bfd000-7ac138bfe000 r--p 00048000 103:03 28977359                  /usr/lib/x86_64-linux-gnu/libfaad.so.2.11.1
7ac138bfe000-7ac138c00000 rw-p 00049000 103:03 28977359                  /usr/lib/x86_64-linux-gnu/libfaad.so.2.11.1
7ac138c00000-7ac138c05000 r--p 00000000 103:03 28978702                  /usr/lib/x86_64-linux-gnu/libx264.so.164
7ac138c05000-7ac138d91000 r-xp 00005000 103:03 28978702                  /usr/lib/x86_64-linux-gnu/libx264.so.164
7ac138d91000-7ac138dc9000 r--p 00191000 103:03 28978702                  /usr/lib/x86_64-linux-gnu/libx264.so.164
7ac138dc9000-7ac138dcb000 r--p 001c9000 103:03 28978702                  /usr/lib/x86_64-linux-gnu/libx264.so.164
7ac138dcb000-7ac138dcc000 rw-p 001cb000 103:03 28978702                  /usr/lib/x86_64-linux-gnu/libx264.so.164
7ac138dcc000-7ac138ec5000 rw-p 00000000 00:00 0 
7ac138ec5000-7ac138ec6000 r--p 00000000 103:03 1318043                   /usr/lib/x86_64-linux-gnu/vlc/plugins/audio_filter/libsamplerate_plugin.so
7ac138ec6000-7ac138ec7000 r-xp 00001000 103:03 1318043                   /usr/lib/x86_64-linux-gnu/vlc/plugins/audio_filter/libsamplerate_plugin.so
7ac138ec7000-7ac138ec8000 r--p 00002000 103:03 1318043                   /usr/lib/x86_64-linux-gnu/vlc/plugins/audio_filter/libsamplerate_plugin.so
7ac138ec8000-7ac138ec9000 r--p 00002000 103:03 1318043                   /usr/lib/x86_64-linux-gnu/vlc/plugins/audio_filter/libsamplerate_plugin.so
7ac138ec9000-7ac138eca000 rw-p 00003000 103:03 1318043                   /usr/lib/x86_64-linux-gnu/vlc/plugins/audio_filter/libsamplerate_plugin.so
7ac138eca000-7ac138ecb000 r--p 00000000 103:03 1318045                   /usr/lib/x86_64-linux-gnu/vlc/plugins/audio_filter/libscaletempo_plugin.so
7ac138ecb000-7ac138ecd000 r-xp 00001000 103:03 1318045                   /usr/lib/x86_64-linux-gnu/vlc/plugins/audio_filter/libscaletempo_plugin.so
7ac138ecd000-7ac138ece000 r--p 00003000 103:03 1318045                   /usr/lib/x86_64-linux-gnu/vlc/plugins/audio_filter/libscaletempo_plugin.so
7ac138ece000-7ac138ecf000 r--p 00003000 103:03 1318045                   /usr/lib/x86_64-linux-gnu/vlc/plugins/audio_filter/libscaletempo_plugin.so
7ac138ecf000-7ac138ed0000 rw-p 00004000 103:03 1318045                   /usr/lib/x86_64-linux-gnu/vlc/plugins/audio_filter/libscaletempo_plugin.so
7ac138ed0000-7ac138ed1000 r--p 00000000 103:03 1318056                   /usr/lib/x86_64-linux-gnu/vlc/plugins/audio_mixer/libfloat_mixer_plugin.so
7ac138ed1000-7ac138ed2000 r-xp 00001000 103:03 1318056                   /usr/lib/x86_64-linux-gnu/vlc/plugins/audio_mixer/libfloat_mixer_plugin.so
7ac138ed2000-7ac138ed3000 r--p 00002000 103:03 1318056                   /usr/lib/x86_64-linux-gnu/vlc/plugins/audio_mixer/libfloat_mixer_plugin.so
7ac138ed3000-7ac138ed4000 r--p 00002000 103:03 1318056                   /usr/lib/x86_64-linux-gnu/vlc/plugins/audio_mixer/libfloat_mixer_plugin.so
7ac138ed4000-7ac138ed5000 rw-p 00003000 103:03 1318056                   /usr/lib/x86_64-linux-gnu/vlc/plugins/audio_mixer/libfloat_mixer_plugin.so
7ac138ed5000-7ac138eda000 r--p 00000000 103:03 1318191                   /usr/lib/x86_64-linux-gnu/vlc/plugins/meta_engine/libtaglib_plugin.so
7ac138eda000-7ac138ee9000 r-xp 00005000 103:03 1318191                   /usr/lib/x86_64-linux-gnu/vlc/plugins/meta_engine/libtaglib_plugin.so
7ac138ee9000-7ac138eec000 r--p 00014000 103:03 1318191                   /usr/lib/x86_64-linux-gnu/vlc/plugins/meta_engine/libtaglib_plugin.so
7ac138eec000-7ac138eed000 r--p 00016000 103:03 1318191                   /usr/lib/x86_64-linux-gnu/vlc/plugins/meta_engine/libtaglib_plugin.so
7ac138eed000-7ac138eee000 rw-p 00017000 103:03 1318191                   /usr/lib/x86_64-linux-gnu/vlc/plugins/meta_engine/libtaglib_plugin.so
7ac138eee000-7ac138eef000 r--p 00000000 103:03 1318079                   /usr/lib/x86_64-linux-gnu/vlc/plugins/codec/libfaad_plugin.so
7ac138eef000-7ac138ef2000 r-xp 00001000 103:03 1318079                   /usr/lib/x86_64-linux-gnu/vlc/plugins/codec/libfaad_plugin.so
7ac138ef2000-7ac138ef3000 r--p 00004000 103:03 1318079                   /usr/lib/x86_64-linux-gnu/vlc/plugins/codec/libfaad_plugin.so
7ac138ef3000-7ac138ef4000 r--p 00004000 103:03 1318079                   /usr/lib/x86_64-linux-gnu/vlc/plugins/codec/libfaad_plugin.so
7ac138ef4000-7ac138ef5000 rw-p 00005000 103:03 1318079                   /usr/lib/x86_64-linux-gnu/vlc/plugins/codec/libfaad_plugin.so
7ac138ef5000-7ac138ef6000 r--p 00000000 103:03 1318087                   /usr/lib/x86_64-linux-gnu/vlc/plugins/codec/libmpg123_plugin.so
7ac138ef6000-7ac138ef7000 r-xp 00001000 103:03 1318087                   /usr/lib/x86_64-linux-gnu/vlc/plugins/codec/libmpg123_plugin.so
7ac138ef7000-7ac138ef8000 r--p 00002000 103:03 1318087                   /usr/lib/x86_64-linux-gnu/vlc/plugins/codec/libmpg123_plugin.so
7ac138ef8000-7ac138ef9000 r--p 00002000 103:03 1318087                   /usr/lib/x86_64-linux-gnu/vlc/plugins/codec/libmpg123_plugin.so
7ac138ef9000-7ac138efa000 rw-p 00003000 103:03 1318087                   /usr/lib/x86_64-linux-gnu/vlc/plugins/codec/libmpg123_plugin.so
7ac138efa000-7ac138efb000 r--p 00000000 103:03 1318067                   /usr/lib/x86_64-linux-gnu/vlc/plugins/codec/libaes3_plugin.so
7ac138efb000-7ac138efc000 r-xp 00001000 103:03 1318067                   /usr/lib/x86_64-linux-gnu/vlc/plugins/codec/libaes3_plugin.so
7ac138efc000-7ac138efd000 r--p 00002000 103:03 1318067                   /usr/lib/x86_64-linux-gnu/vlc/plugins/codec/libaes3_plugin.so
7ac138efd000-7ac138efe000 r--p 00002000 103:03 1318067                   /usr/lib/x86_64-linux-gnu/vlc/plugins/codec/libaes3_plugin.so
7ac138efe000-7ac138eff000 rw-p 00003000 103:03 1318067                   /usr/lib/x86_64-linux-gnu/vlc/plugins/codec/libaes3_plugin.so
7ac138eff000-7ac138f00000 ---p 00000000 00:00 0 
7ac138f00000-7ac139000000 rw-p 00000000 00:00 0 
7ac139000000-7ac13901d000 r--p 00000000 103:03 28976767                  /usr/lib/x86_64-linux-gnu/libSvtAv1Enc.so.1.7.0
7ac13901d000-7ac1395d5000 r-xp 0001d000 103:03 28976767                  /usr/lib/x86_64-linux-gnu/libSvtAv1Enc.so.1.7.0
7ac1395d5000-7ac1396cb000 r--p 005d5000 103:03 28976767                  /usr/lib/x86_64-linux-gnu/libSvtAv1Enc.so.1.7.0
7ac1396cb000-7ac1396d5000 r--p 006cb000 103:03 28976767                  /usr/lib/x86_64-linux-gnu/libSvtAv1Enc.so.1.7.0
7ac1396d5000-7ac1396db000 rw-p 006d5000 103:03 28976767                  /usr/lib/x86_64-linux-gnu/libSvtAv1Enc.so.1.7.0
7ac1396db000-7ac139822000 rw-p 00000000 00:00 0 
7ac139826000-7ac13982a000 r--p 00000000 103:03 28977848                  /usr/lib/x86_64-linux-gnu/libjpeg.so.8.2.2
7ac13982a000-7ac139877000 r-xp 00004000 103:03 28977848                  /usr/lib/x86_64-linux-gnu/libjpeg.so.8.2.2
7ac139877000-7ac1398a7000 r--p 00051000 103:03 28977848                  /usr/lib/x86_64-linux-gnu/libjpeg.so.8.2.2
7ac1398a7000-7ac1398a8000 r--p 00081000 103:03 28977848                  /usr/lib/x86_64-linux-gnu/libjpeg.so.8.2.2
7ac1398a8000-7ac1398a9000 rw-p 00082000 103:03 28977848                  /usr/lib/x86_64-linux-gnu/libjpeg.so.8.2.2
7ac1398a9000-7ac1398b4000 r--p 00000000 103:03 28977540                  /usr/lib/x86_64-linux-gnu/libgomp.so.1.0.0
7ac1398b4000-7ac1398f0000 r-xp 0000b000 103:03 28977540                  /usr/lib/x86_64-linux-gnu/libgomp.so.1.0.0
7ac1398f0000-7ac1398fd000 r--p 00047000 103:03 28977540                  /usr/lib/x86_64-linux-gnu/libgomp.so.1.0.0
7ac1398fd000-7ac1398fe000 r--p 00054000 103:03 28977540                  /usr/lib/x86_64-linux-gnu/libgomp.so.1.0.0
7ac1398fe000-7ac1398ff000 rw-p 00055000 103:03 28977540                  /usr/lib/x86_64-linux-gnu/libgomp.so.1.0.0
7ac1398ff000-7ac139909000 r--p 00000000 103:03 28977884                  /usr/lib/x86_64-linux-gnu/liblcms2.so.2.0.14
7ac139909000-7ac139948000 r-xp 0000a000 103:03 28977884                  /usr/lib/x86_64-linux-gnu/liblcms2.so.2.0.14
7ac139948000-7ac13995a000 r--p 00049000 103:03 28977884                  /usr/lib/x86_64-linux-gnu/liblcms2.so.2.0.14
7ac13995a000-7ac13995c000 r--p 0005b000 103:03 28977884                  /usr/lib/x86_64-linux-gnu/liblcms2.so.2.0.14
7ac13995c000-7ac13995f000 rw-p 0005d000 103:03 28977884                  /usr/lib/x86_64-linux-gnu/liblcms2.so.2.0.14
7ac13995f000-7ac139961000 rw-p 00000000 00:00 0 
7ac139961000-7ac139962000 r--p 00000000 103:03 28977099                  /usr/lib/x86_64-linux-gnu/libbrotlienc.so.1.1.0
7ac139962000-7ac1399ae000 r-xp 00001000 103:03 28977099                  /usr/lib/x86_64-linux-gnu/libbrotlienc.so.1.1.0
7ac1399ae000-7ac1399fe000 r--p 0004d000 103:03 28977099                  /usr/lib/x86_64-linux-gnu/libbrotlienc.so.1.1.0
7ac1399fe000-7ac1399ff000 r--p 0009c000 103:03 28977099                  /usr/lib/x86_64-linux-gnu/libbrotlienc.so.1.1.0
7ac1399ff000-7ac139a00000 rw-p 0009d000 103:03 28977099                  /usr/lib/x86_64-linux-gnu/libbrotlienc.so.1.1.0
7ac139a00000-7ac139a26000 r--p 00000000 103:03 28978350                  /usr/lib/x86_64-linux-gnu/librav1e.so.0.7.1
7ac139a26000-7ac139c8f000 r-xp 00026000 103:03 28978350                  /usr/lib/x86_64-linux-gnu/librav1e.so.0.7.1
7ac139c8f000-7ac139cff000 r--p 0028f000 103:03 28978350                  /usr/lib/x86_64-linux-gnu/librav1e.so.0.7.1
7ac139cff000-7ac139d22000 r--p 002ff000 103:03 28978350                  /usr/lib/x86_64-linux-gnu/librav1e.so.0.7.1
7ac139d22000-7ac139d23000 rw-p 00322000 103:03 28978350                  /usr/lib/x86_64-linux-gnu/librav1e.so.0.7.1
7ac139d26000-7ac139d27000 r--p 00000000 103:03 1318089                   /usr/lib/x86_64-linux-gnu/vlc/plugins/codec/libopus_plugin.so
7ac139d27000-7ac139d2b000 r-xp 00001000 103:03 1318089                   /usr/lib/x86_64-linux-gnu/vlc/plugins/codec/libopus_plugin.so
7ac139d2b000-7ac139d2c000 r--p 00005000 103:03 1318089                   /usr/lib/x86_64-linux-gnu/vlc/plugins/codec/libopus_plugin.so
7ac139d2c000-7ac139d2d000 r--p 00005000 103:03 1318089                   /usr/lib/x86_64-linux-gnu/vlc/plugins/codec/libopus_plugin.so
7ac139d2d000-7ac139d2e000 rw-p 00006000 103:03 1318089                   /usr/lib/x86_64-linux-gnu/vlc/plugins/codec/libopus_plugin.so
7ac139d2e000-7ac139d2f000 r--p 00000000 103:03 1318086                   /usr/lib/x86_64-linux-gnu/vlc/plugins/codec/liblpcm_plugin.so
7ac139d2f000-7ac139d32000 r-xp 00001000 103:03 1318086                   /usr/lib/x86_64-linux-gnu/vlc/plugins/codec/liblpcm_plugin.so
7ac139d32000-7ac139d33000 r--p 00004000 103:03 1318086                   /usr/lib/x86_64-linux-gnu/vlc/plugins/codec/liblpcm_plugin.so
7ac139d33000-7ac139d34000 r--p 00004000 103:03 1318086                   /usr/lib/x86_64-linux-gnu/vlc/plugins/codec/liblpcm_plugin.so
7ac139d34000-7ac139d35000 rw-p 00005000 103:03 1318086                   /usr/lib/x86_64-linux-gnu/vlc/plugins/codec/liblpcm_plugin.so
7ac139d35000-7ac139d36000 r--p 00000000 103:03 1318068                   /usr/lib/x86_64-linux-gnu/vlc/plugins/codec/libaraw_plugin.so
7ac139d36000-7ac139d3d000 r-xp 00001000 103:03 1318068                   /usr/lib/x86_64-linux-gnu/vlc/plugins/codec/libaraw_plugin.so
7ac139d3d000-7ac139d3e000 r--p 00008000 103:03 1318068                   /usr/lib/x86_64-linux-gnu/vlc/plugins/codec/libaraw_plugin.so
7ac139d3e000-7ac139d3f000 r--p 00008000 103:03 1318068                   /usr/lib/x86_64-linux-gnu/vlc/plugins/codec/libaraw_plugin.so
7ac139d3f000-7ac139d40000 rw-p 00009000 103:03 1318068                   /usr/lib/x86_64-linux-gnu/vlc/plugins/codec/libaraw_plugin.so
7ac139d40000-7ac139d42000 r--p 00000000 103:03 1318111                   /usr/lib/x86_64-linux-gnu/vlc/plugins/codec/libvorbis_plugin.so
7ac139d42000-7ac139d46000 r-xp 00002000 103:03 1318111                   /usr/lib/x86_64-linux-gnu/vlc/plugins/codec/libvorbis_plugin.so
7ac139d46000-7ac139d47000 r--p 00006000 103:03 1318111                   /usr/lib/x86_64-linux-gnu/vlc/plugins/codec/libvorbis_plugin.so
7ac139d47000-7ac139d48000 r--p 00006000 103:03 1318111                   /usr/lib/x86_64-linux-gnu/vlc/plugins/codec/libvorbis_plugin.so
7ac139d48000-7ac139d49000 rw-p 00007000 103:03 1318111                   /usr/lib/x86_64-linux-gnu/vlc/plugins/codec/libvorbis_plugin.so
7ac139d49000-7ac139d4b000 r--p 00000000 103:03 1318097                   /usr/lib/x86_64-linux-gnu/vlc/plugins/codec/libspeex_plugin.so
7ac139d4b000-7ac139d4e000 r-xp 00002000 103:03 1318097                   /usr/lib/x86_64-linux-gnu/vlc/plugins/codec/libspeex_plugin.so
7ac139d4e000-7ac139d4f000 r--p 00005000 103:03 1318097                   /usr/lib/x86_64-linux-gnu/vlc/plugins/codec/libspeex_plugin.so
7ac139d4f000-7ac139d50000 r--p 00006000 103:03 1318097                   /usr/lib/x86_64-linux-gnu/vlc/plugins/codec/libspeex_plugin.so
7ac139d50000-7ac139d51000 rw-p 00007000 103:03 1318097                   /usr/lib/x86_64-linux-gnu/vlc/plugins/codec/libspeex_plugin.so
7ac139d51000-7ac139d5b000 r--p 00000000 103:03 28978271                  /usr/lib/x86_64-linux-gnu/libpixman-1.so.0.42.2
7ac139d5b000-7ac139de8000 r-xp 0000a000 103:03 28978271                  /usr/lib/x86_64-linux-gnu/libpixman-1.so.0.42.2
7ac139de8000-7ac139df7000 r--p 00097000 103:03 28978271                  /usr/lib/x86_64-linux-gnu/libpixman-1.so.0.42.2
7ac139df7000-7ac139dff000 r--p 000a5000 103:03 28978271                  /usr/lib/x86_64-linux-gnu/libpixman-1.so.0.42.2
7ac139dff000-7ac139e00000 rw-p 000ad000 103:03 28978271                  /usr/lib/x86_64-linux-gnu/libpixman-1.so.0.42.2
7ac139e00000-7ac139e17000 r--p 00000000 103:03 28977859                  /usr/lib/x86_64-linux-gnu/libjxl.so.0.7.0
7ac139e17000-7ac13a112000 r-xp 00017000 103:03 28977859                  /usr/lib/x86_64-linux-gnu/libjxl.so.0.7.0
7ac13a112000-7ac13a16f000 r--p 00312000 103:03 28977859                  /usr/lib/x86_64-linux-gnu/libjxl.so.0.7.0
7ac13a16f000-7ac13a178000 r--p 0036e000 103:03 28977859                  /usr/lib/x86_64-linux-gnu/libjxl.so.0.7.0
7ac13a178000-7ac13a179000 rw-p 00377000 103:03 28977859                  /usr/lib/x86_64-linux-gnu/libjxl.so.0.7.0
7ac13a179000-7ac13a17b000 rw-p 00000000 00:00 0 
7ac13a17d000-7ac13a17e000 r--p 00000000 103:03 1318081                   /usr/lib/x86_64-linux-gnu/vlc/plugins/codec/libg711_plugin.so
7ac13a17e000-7ac13a17f000 r-xp 00001000 103:03 1318081                   /usr/lib/x86_64-linux-gnu/vlc/plugins/codec/libg711_plugin.so
7ac13a17f000-7ac13a183000 r--p 00002000 103:03 1318081                   /usr/lib/x86_64-linux-gnu/vlc/plugins/codec/libg711_plugin.so
7ac13a183000-7ac13a184000 r--p 00005000 103:03 1318081                   /usr/lib/x86_64-linux-gnu/vlc/plugins/codec/libg711_plugin.so
7ac13a184000-7ac13a185000 rw-p 00006000 103:03 1318081                   /usr/lib/x86_64-linux-gnu/vlc/plugins/codec/libg711_plugin.so
7ac13a185000-7ac13a186000 r--p 00000000 103:03 1318080                   /usr/lib/x86_64-linux-gnu/vlc/plugins/codec/libflac_plugin.so
7ac13a186000-7ac13a189000 r-xp 00001000 103:03 1318080                   /usr/lib/x86_64-linux-gnu/vlc/plugins/codec/libflac_plugin.so
7ac13a189000-7ac13a18a000 r--p 00004000 103:03 1318080                   /usr/lib/x86_64-linux-gnu/vlc/plugins/codec/libflac_plugin.so
7ac13a18a000-7ac13a18b000 r--p 00005000 103:03 1318080                   /usr/lib/x86_64-linux-gnu/vlc/plugins/codec/libflac_plugin.so
7ac13a18b000-7ac13a18c000 rw-p 00006000 103:03 1318080                   /usr/lib/x86_64-linux-gnu/vlc/plugins/codec/libflac_plugin.so
7ac13a18c000-7ac13a18d000 r--p 00000000 103:03 1318096                   /usr/lib/x86_64-linux-gnu/vlc/plugins/codec/libspdif_plugin.so
7ac13a18d000-7ac13a18e000 r-xp 00001000 103:03 1318096                   /usr/lib/x86_64-linux-gnu/vlc/plugins/codec/libspdif_plugin.so
7ac13a18e000-7ac13a18f000 r--p 00002000 103:03 1318096                   /usr/lib/x86_64-linux-gnu/vlc/plugins/codec/libspdif_plugin.so
7ac13a18f000-7ac13a190000 r--p 00002000 103:03 1318096                   /usr/lib/x86_64-linux-gnu/vlc/plugins/codec/libspdif_plugin.so
7ac13a190000-7ac13a191000 rw-p 00003000 103:03 1318096                   /usr/lib/x86_64-linux-gnu/vlc/plugins/codec/libspdif_plugin.so
7ac13a191000-7ac13a193000 r--p 00000000 103:03 28977443                  /usr/lib/x86_64-linux-gnu/libfribidi.so.0.4.0
7ac13a193000-7ac13a197000 r-xp 00002000 103:03 28977443                  /usr/lib/x86_64-linux-gnu/libfribidi.so.0.4.0
7ac13a197000-7ac13a1ad000 r--p 00006000 103:03 28977443                  /usr/lib/x86_64-linux-gnu/libfribidi.so.0.4.0
7ac13a1ad000-7ac13a1ae000 r--p 0001c000 103:03 28977443                  /usr/lib/x86_64-linux-gnu/libfribidi.so.0.4.0
7ac13a1ae000-7ac13a1af000 rw-p 0001d000 103:03 28977443                  /usr/lib/x86_64-linux-gnu/libfribidi.so.0.4.0
7ac13a1af000-7ac13a1b7000 r--p 00000000 103:03 28977425                  /usr/lib/x86_64-linux-gnu/libfontconfig.so.1.12.1
7ac13a1b7000-7ac13a1e6000 r-xp 00008000 103:03 28977425                  /usr/lib/x86_64-linux-gnu/libfontconfig.so.1.12.1
7ac13a1e6000-7ac13a1fd000 r--p 00037000 103:03 28977425                  /usr/lib/x86_64-linux-gnu/libfontconfig.so.1.12.1
7ac13a1fd000-7ac13a1ff000 r--p 0004d000 103:03 28977425                  /usr/lib/x86_64-linux-gnu/libfontconfig.so.1.12.1
7ac13a1ff000-7ac13a200000 rw-p 0004f000 103:03 28977425                  /usr/lib/x86_64-linux-gnu/libfontconfig.so.1.12.1
7ac13a200000-7ac13a20b000 r--p 00000000 103:03 28977169                  /usr/lib/x86_64-linux-gnu/libcodec2.so.1.2
7ac13a20b000-7ac13a245000 r-xp 0000b000 103:03 28977169                  /usr/lib/x86_64-linux-gnu/libcodec2.so.1.2
7ac13a245000-7ac13a321000 r--p 00045000 103:03 28977169                  /usr/lib/x86_64-linux-gnu/libcodec2.so.1.2
7ac13a321000-7ac13a322000 r--p 00120000 103:03 28977169                  /usr/lib/x86_64-linux-gnu/libcodec2.so.1.2
7ac13a322000-7ac13b210000 rw-p 00121000 103:03 28977169                  /usr/lib/x86_64-linux-gnu/libcodec2.so.1.2
7ac13b211000-7ac13b212000 r--p 00000000 103:03 1318107                   /usr/lib/x86_64-linux-gnu/vlc/plugins/codec/libtheora_plugin.so
7ac13b212000-7ac13b216000 r-xp 00001000 103:03 1318107                   /usr/lib/x86_64-linux-gnu/vlc/plugins/codec/libtheora_plugin.so
7ac13b216000-7ac13b217000 r--p 00005000 103:03 1318107                   /usr/lib/x86_64-linux-gnu/vlc/plugins/codec/libtheora_plugin.so
7ac13b217000-7ac13b218000 r--p 00005000 103:03 1318107                   /usr/lib/x86_64-linux-gnu/vlc/plugins/codec/libtheora_plugin.so
7ac13b218000-7ac13b219000 rw-p 00006000 103:03 1318107                   /usr/lib/x86_64-linux-gnu/vlc/plugins/codec/libtheora_plugin.so
7ac13b219000-7ac13b21b000 r--p 00000000 103:03 28977216                  /usr/lib/x86_64-linux-gnu/libdatrie.so.1.4.0
7ac13b21b000-7ac13b21f000 r-xp 00002000 103:03 28977216                  /usr/lib/x86_64-linux-gnu/libdatrie.so.1.4.0
7ac13b21f000-7ac13b220000 r--p 00006000 103:03 28977216                  /usr/lib/x86_64-linux-gnu/libdatrie.so.1.4.0
7ac13b220000-7ac13b221000 r--p 00006000 103:03 28977216                  /usr/lib/x86_64-linux-gnu/libdatrie.so.1.4.0
7ac13b221000-7ac13b222000 rw-p 00007000 103:03 28977216                  /usr/lib/x86_64-linux-gnu/libdatrie.so.1.4.0
7ac13b222000-7ac13b22a000 r--p 00000000 103:03 28978216                  /usr/lib/x86_64-linux-gnu/libpangoft2-1.0.so.0.5200.1
7ac13b22a000-7ac13b237000 r-xp 00008000 103:03 28978216                  /usr/lib/x86_64-linux-gnu/libpangoft2-1.0.so.0.5200.1
7ac13b237000-7ac13b23b000 r--p 00015000 103:03 28978216                  /usr/lib/x86_64-linux-gnu/libpangoft2-1.0.so.0.5200.1
7ac13b23b000-7ac13b23c000 r--p 00019000 103:03 28978216                  /usr/lib/x86_64-linux-gnu/libpangoft2-1.0.so.0.5200.1
7ac13b23c000-7ac13b23d000 rw-p 0001a000 103:03 28978216                  /usr/lib/x86_64-linux-gnu/libpangoft2-1.0.so.0.5200.1
7ac13b23d000-7ac13b240000 r--p 00000000 103:03 28978100                  /usr/lib/x86_64-linux-gnu/libnuma.so.1.0.0
7ac13b240000-7ac13b247000 r-xp 00003000 103:03 28978100                  /usr/lib/x86_64-linux-gnu/libnuma.so.1.0.0
7ac13b247000-7ac13b249000 r--p 0000a000 103:03 28978100                  /usr/lib/x86_64-linux-gnu/libnuma.so.1.0.0
7ac13b249000-7ac13b24a000 r--p 0000b000 103:03 28978100                  /usr/lib/x86_64-linux-gnu/libnuma.so.1.0.0
7ac13b24a000-7ac13b24b000 rw-p 0000c000 103:03 28978100                  /usr/lib/x86_64-linux-gnu/libnuma.so.1.0.0
7ac13b24b000-7ac13b250000 r--p 00000000 103:03 28978725                  /usr/lib/x86_64-linux-gnu/libxcb-render.so.0.0.0
7ac13b250000-7ac13b255000 r-xp 00005000 103:03 28978725                  /usr/lib/x86_64-linux-gnu/libxcb-render.so.0.0.0
7ac13b255000-7ac13b258000 r--p 0000a000 103:03 28978725                  /usr/lib/x86_64-linux-gnu/libxcb-render.so.0.0.0
7ac13b258000-7ac13b259000 r--p 0000c000 103:03 28978725                  /usr/lib/x86_64-linux-gnu/libxcb-render.so.0.0.0
7ac13b259000-7ac13b25a000 rw-p 0000d000 103:03 28978725                  /usr/lib/x86_64-linux-gnu/libxcb-render.so.0.0.0
7ac13b25a000-7ac13b26d000 r--p 00000000 103:03 28978212                  /usr/lib/x86_64-linux-gnu/libpango-1.0.so.0.5200.1
7ac13b26d000-7ac13b2a6000 r-xp 00013000 103:03 28978212                  /usr/lib/x86_64-linux-gnu/libpango-1.0.so.0.5200.1
7ac13b2a6000-7ac13b2c0000 r--p 0004c000 103:03 28978212                  /usr/lib/x86_64-linux-gnu/libpango-1.0.so.0.5200.1
7ac13b2c0000-7ac13b2c4000 r--p 00065000 103:03 28978212                  /usr/lib/x86_64-linux-gnu/libpango-1.0.so.0.5200.1
7ac13b2c4000-7ac13b2c5000 rw-p 00069000 103:03 28978212                  /usr/lib/x86_64-linux-gnu/libpango-1.0.so.0.5200.1
7ac13b2c5000-7ac13b2cd000 r--p 00000000 103:03 28977486                  /usr/lib/x86_64-linux-gnu/libgdk_pixbuf-2.0.so.0.4200.10
7ac13b2cd000-7ac13b2e8000 r-xp 00008000 103:03 28977486                  /usr/lib/x86_64-linux-gnu/libgdk_pixbuf-2.0.so.0.4200.10
7ac13b2e8000-7ac13b2f1000 r--p 00023000 103:03 28977486                  /usr/lib/x86_64-linux-gnu/libgdk_pixbuf-2.0.so.0.4200.10
7ac13b2f1000-7ac13b2f2000 r--p 0002c000 103:03 28977486                  /usr/lib/x86_64-linux-gnu/libgdk_pixbuf-2.0.so.0.4200.10
7ac13b2f2000-7ac13b2f3000 rw-p 0002d000 103:03 28977486                  /usr/lib/x86_64-linux-gnu/libgdk_pixbuf-2.0.so.0.4200.10
7ac13b2f3000-7ac13b2f5000 r--p 00000000 103:03 28978775                  /usr/lib/x86_64-linux-gnu/libxvidcore.so.4.3
7ac13b2f5000-7ac13b37e000 r-xp 00002000 103:03 28978775                  /usr/lib/x86_64-linux-gnu/libxvidcore.so.4.3
7ac13b37e000-7ac13b38c000 r--p 0008b000 103:03 28978775                  /usr/lib/x86_64-linux-gnu/libxvidcore.so.4.3
7ac13b38c000-7ac13b38d000 r--p 00099000 103:03 28978775                  /usr/lib/x86_64-linux-gnu/libxvidcore.so.4.3
7ac13b38d000-7ac13b397000 rw-p 0009a000 103:03 28978775                  /usr/lib/x86_64-linux-gnu/libxvidcore.so.4.3
7ac13b397000-7ac13b400000 rw-p 00000000 00:00 0 
7ac13b400000-7ac13b415000 r--p 00000000 103:03 28976983                  /usr/lib/x86_64-linux-gnu/libaom.so.3.8.2
7ac13b415000-7ac13b833000 r-xp 00015000 103:03 28976983                  /usr/lib/x86_64-linux-gnu/libaom.so.3.8.2
7ac13b833000-7ac13b91d000 r--p 00433000 103:03 28976983                  /usr/lib/x86_64-linux-gnu/libaom.so.3.8.2
7ac13b91d000-7ac13b92d000 r--p 0051d000 103:03 28976983                  /usr/lib/x86_64-linux-gnu/libaom.so.3.8.2
7ac13b92d000-7ac13b932000 rw-p 0052d000 103:03 28976983                  /usr/lib/x86_64-linux-gnu/libaom.so.3.8.2
7ac13b932000-7ac13b97e000 rw-p 00000000 00:00 0 
7ac13b980000-7ac13b981000 r--p 00000000 103:03 1318104                   /usr/lib/x86_64-linux-gnu/vlc/plugins/codec/libsvgdec_plugin.so
7ac13b981000-7ac13b982000 r-xp 00001000 103:03 1318104                   /usr/lib/x86_64-linux-gnu/vlc/plugins/codec/libsvgdec_plugin.so
7ac13b982000-7ac13b983000 r--p 00002000 103:03 1318104                   /usr/lib/x86_64-linux-gnu/vlc/plugins/codec/libsvgdec_plugin.so
7ac13b983000-7ac13b984000 r--p 00002000 103:03 1318104                   /usr/lib/x86_64-linux-gnu/vlc/plugins/codec/libsvgdec_plugin.so
7ac13b984000-7ac13b985000 rw-p 00003000 103:03 1318104                   /usr/lib/x86_64-linux-gnu/vlc/plugins/codec/libsvgdec_plugin.so
7ac13b985000-7ac13b988000 r--p 00000000 103:03 28978681                  /usr/lib/x86_64-linux-gnu/libwebp.so.7.1.8
7ac13b988000-7ac13b9e8000 r-xp 00003000 103:03 28978681                  /usr/lib/x86_64-linux-gnu/libwebp.so.7.1.8
7ac13b9e8000-7ac13b9fd000 r--p 00063000 103:03 28978681                  /usr/lib/x86_64-linux-gnu/libwebp.so.7.1.8
7ac13b9fd000-7ac13b9fe000 r--p 00077000 103:03 28978681                  /usr/lib/x86_64-linux-gnu/libwebp.so.7.1.8
7ac13b9fe000-7ac13b9ff000 rw-p 00078000 103:03 28978681                  /usr/lib/x86_64-linux-gnu/libwebp.so.7.1.8
7ac13b9ff000-7ac13ba00000 rw-p 00000000 00:00 0 
7ac13ba00000-7ac13bc00000 rw-s 00000000 00:07 968                        /dev/nvidiactl
7ac13bc00000-7ac13bcb7000 r--p 00000000 103:03 28978375                  /usr/lib/x86_64-linux-gnu/librsvg-2.so.2.50.0
7ac13bcb7000-7ac13c04e000 r-xp 000b7000 103:03 28978375                  /usr/lib/x86_64-linux-gnu/librsvg-2.so.2.50.0
7ac13c04e000-7ac13c1e0000 r--p 0044e000 103:03 28978375                  /usr/lib/x86_64-linux-gnu/librsvg-2.so.2.50.0
7ac13c1e0000-7ac13c277000 r--p 005e0000 103:03 28978375                  /usr/lib/x86_64-linux-gnu/librsvg-2.so.2.50.0
7ac13c277000-7ac13c278000 rw-p 00677000 103:03 28978375                  /usr/lib/x86_64-linux-gnu/librsvg-2.so.2.50.0
7ac13c27a000-7ac13c27e000 r--p 00000000 103:03 28978460                  /usr/lib/x86_64-linux-gnu/libsoxr.so.0.1.2
7ac13c27e000-7ac13c2a3000 r-xp 00004000 103:03 28978460                  /usr/lib/x86_64-linux-gnu/libsoxr.so.0.1.2
7ac13c2a3000-7ac13c2a8000 r--p 00029000 103:03 28978460                  /usr/lib/x86_64-linux-gnu/libsoxr.so.0.1.2
7ac13c2a8000-7ac13c2aa000 r--p 0002d000 103:03 28978460                  /usr/lib/x86_64-linux-gnu/libsoxr.so.0.1.2
7ac13c2aa000-7ac13c2ab000 rw-p 0002f000 103:03 28978460                  /usr/lib/x86_64-linux-gnu/libsoxr.so.0.1.2
7ac13c2ab000-7ac13c2e0000 rw-p 00000000 00:00 0 
7ac13c2e0000-7ac13c2f4000 r--p 00000000 103:03 28977126                  /usr/lib/x86_64-linux-gnu/libcairo.so.2.11800.0
7ac13c2f4000-7ac13c3e5000 r-xp 00014000 103:03 28977126                  /usr/lib/x86_64-linux-gnu/libcairo.so.2.11800.0
7ac13c3e5000-7ac13c41d000 r--p 00105000 103:03 28977126                  /usr/lib/x86_64-linux-gnu/libcairo.so.2.11800.0
7ac13c41d000-7ac13c421000 r--p 0013d000 103:03 28977126                  /usr/lib/x86_64-linux-gnu/libcairo.so.2.11800.0
7ac13c421000-7ac13c423000 rw-p 00141000 103:03 28977126                  /usr/lib/x86_64-linux-gnu/libcairo.so.2.11800.0
7ac13c423000-7ac13c424000 rw-p 00000000 00:00 0 
7ac13c424000-7ac13c42e000 r--p 00000000 103:03 28977218                  /usr/lib/x86_64-linux-gnu/libdav1d.so.7.0.0
7ac13c42e000-7ac13c59d000 r-xp 0000a000 103:03 28977218                  /usr/lib/x86_64-linux-gnu/libdav1d.so.7.0.0
7ac13c59d000-7ac13c5c4000 r--p 00179000 103:03 28977218                  /usr/lib/x86_64-linux-gnu/libdav1d.so.7.0.0
7ac13c5c4000-7ac13c5c7000 r--p 001a0000 103:03 28977218                  /usr/lib/x86_64-linux-gnu/libdav1d.so.7.0.0
7ac13c5c7000-7ac13c5c8000 rw-p 001a3000 103:03 28977218                  /usr/lib/x86_64-linux-gnu/libdav1d.so.7.0.0
7ac13c5c8000-7ac13c600000 rw-p 00000000 00:00 0 
7ac13c600000-7ac13c606000 r--p 00000000 103:03 28978647                  /usr/lib/x86_64-linux-gnu/libvpx.so.9.0.0
7ac13c606000-7ac13c8fc000 r-xp 00006000 103:03 28978647                  /usr/lib/x86_64-linux-gnu/libvpx.so.9.0.0
7ac13c8fc000-7ac13c93c000 r--p 002fc000 103:03 28978647                  /usr/lib/x86_64-linux-gnu/libvpx.so.9.0.0
7ac13c93c000-7ac13c93f000 r--p 0033c000 103:03 28978647                  /usr/lib/x86_64-linux-gnu/libvpx.so.9.0.0
7ac13c93f000-7ac13c940000 rw-p 0033f000 103:03 28978647                  /usr/lib/x86_64-linux-gnu/libvpx.so.9.0.0
7ac13c940000-7ac13c947000 rw-p 00000000 00:00 0 
7ac13c948000-7ac13c94a000 r--p 00000000 103:03 28977749                  /usr/lib/x86_64-linux-gnu/libhwy.so.1.0.7
7ac13c94a000-7ac13c950000 r-xp 00002000 103:03 28977749                  /usr/lib/x86_64-linux-gnu/libhwy.so.1.0.7
7ac13c950000-7ac13c952000 r--p 00008000 103:03 28977749                  /usr/lib/x86_64-linux-gnu/libhwy.so.1.0.7
7ac13c952000-7ac13c953000 r--p 00009000 103:03 28977749                  /usr/lib/x86_64-linux-gnu/libhwy.so.1.0.7
7ac13c953000-7ac13c954000 rw-p 0000a000 103:03 28977749                  /usr/lib/x86_64-linux-gnu/libhwy.so.1.0.7
7ac13c954000-7ac13c95a000 r--p 00000000 103:03 28978644                  /usr/lib/x86_64-linux-gnu/libvpl.so.2.9
7ac13c95a000-7ac13c981000 r-xp 00006000 103:03 28978644                  /usr/lib/x86_64-linux-gnu/libvpl.so.2.9
7ac13c981000-7ac13c989000 r--p 0002d000 103:03 28978644                  /usr/lib/x86_64-linux-gnu/libvpl.so.2.9
7ac13c989000-7ac13c98b000 r--p 00035000 103:03 28978644                  /usr/lib/x86_64-linux-gnu/libvpl.so.2.9
7ac13c98b000-7ac13c98c000 rw-p 00037000 103:03 28978644                  /usr/lib/x86_64-linux-gnu/libvpl.so.2.9
7ac13c98c000-7ac13c98f000 r--p 00000000 103:03 28978624                  /usr/lib/x86_64-linux-gnu/libva.so.2.2000.0
7ac13c98f000-7ac13c9aa000 r-xp 00003000 103:03 28978624                  /usr/lib/x86_64-linux-gnu/libva.so.2.2000.0
7ac13c9aa000-7ac13c9ba000 r--p 0001e000 103:03 28978624                  /usr/lib/x86_64-linux-gnu/libva.so.2.2000.0
7ac13c9ba000-7ac13c9bb000 r--p 0002d000 103:03 28978624                  /usr/lib/x86_64-linux-gnu/libva.so.2.2000.0
7ac13c9bb000-7ac13c9bc000 rw-p 0002e000 103:03 28978624                  /usr/lib/x86_64-linux-gnu/libva.so.2.2000.0
7ac13c9bc000-7ac13c9be000 r--p 00000000 103:03 28978553                  /usr/lib/x86_64-linux-gnu/libtwolame.so.0.0.0
7ac13c9be000-7ac13c9cd000 r-xp 00002000 103:03 28978553                  /usr/lib/x86_64-linux-gnu/libtwolame.so.0.0.0
7ac13c9cd000-7ac13c9dc000 r--p 00011000 103:03 28978553                  /usr/lib/x86_64-linux-gnu/libtwolame.so.0.0.0
7ac13c9dc000-7ac13c9dd000 r--p 0001f000 103:03 28978553                  /usr/lib/x86_64-linux-gnu/libtwolame.so.0.0.0
7ac13c9dd000-7ac13c9de000 rw-p 00020000 103:03 28978553                  /usr/lib/x86_64-linux-gnu/libtwolame.so.0.0.0
7ac13c9de000-7ac13c9e2000 rw-p 00000000 00:00 0 
7ac13c9e2000-7ac13c9e4000 r--p 00000000 103:03 28978521                  /usr/lib/x86_64-linux-gnu/libtheoradec.so.1.1.4
7ac13c9e4000-7ac13c9fc000 r-xp 00002000 103:03 28978521                  /usr/lib/x86_64-linux-gnu/libtheoradec.so.1.1.4
7ac13c9fc000-7ac13c9fe000 r--p 0001a000 103:03 28978521                  /usr/lib/x86_64-linux-gnu/libtheoradec.so.1.1.4
7ac13c9fe000-7ac13c9ff000 r--p 0001b000 103:03 28978521                  /usr/lib/x86_64-linux-gnu/libtheoradec.so.1.1.4
7ac13c9ff000-7ac13ca00000 rw-p 0001c000 103:03 28978521                  /usr/lib/x86_64-linux-gnu/libtheoradec.so.1.1.4
7ac13ca00000-7ac13ca19000 r--p 00000000 103:03 28977049                  /usr/lib/x86_64-linux-gnu/libavutil.so.58.29.100
7ac13ca19000-7ac13cacc000 r-xp 00019000 103:03 28977049                  /usr/lib/x86_64-linux-gnu/libavutil.so.58.29.100
7ac13cacc000-7ac13caf5000 r--p 000cc000 103:03 28977049                  /usr/lib/x86_64-linux-gnu/libavutil.so.58.29.100
7ac13caf5000-7ac13cb0a000 r--p 000f4000 103:03 28977049                  /usr/lib/x86_64-linux-gnu/libavutil.so.58.29.100
7ac13cb0a000-7ac13cb0b000 rw-p 00109000 103:03 28977049                  /usr/lib/x86_64-linux-gnu/libavutil.so.58.29.100
7ac13cb0b000-7ac13db1a000 rw-p 00000000 00:00 0 
7ac13db1d000-7ac13db1f000 r--p 00000000 103:03 28978523                  /usr/lib/x86_64-linux-gnu/libtheoraenc.so.1.1.2
7ac13db1f000-7ac13db43000 r-xp 00002000 103:03 28978523                  /usr/lib/x86_64-linux-gnu/libtheoraenc.so.1.1.2
7ac13db43000-7ac13db54000 r--p 00026000 103:03 28978523                  /usr/lib/x86_64-linux-gnu/libtheoraenc.so.1.1.2
7ac13db54000-7ac13db55000 r--p 00036000 103:03 28978523                  /usr/lib/x86_64-linux-gnu/libtheoraenc.so.1.1.2
7ac13db55000-7ac13db56000 rw-p 00037000 103:03 28978523                  /usr/lib/x86_64-linux-gnu/libtheoraenc.so.1.1.2
7ac13db56000-7ac13db59000 r--p 00000000 103:03 28978468                  /usr/lib/x86_64-linux-gnu/libspeex.so.1.5.2
7ac13db59000-7ac13db6c000 r-xp 00003000 103:03 28978468                  /usr/lib/x86_64-linux-gnu/libspeex.so.1.5.2
7ac13db6c000-7ac13db71000 r--p 00016000 103:03 28978468                  /usr/lib/x86_64-linux-gnu/libspeex.so.1.5.2
7ac13db71000-7ac13db72000 r--p 0001b000 103:03 28978468                  /usr/lib/x86_64-linux-gnu/libspeex.so.1.5.2
7ac13db72000-7ac13db73000 rw-p 0001c000 103:03 28978468                  /usr/lib/x86_64-linux-gnu/libspeex.so.1.5.2
7ac13db73000-7ac13db8a000 r--p 00000000 103:03 28978799                  /usr/lib/x86_64-linux-gnu/libzvbi.so.0.13.2
7ac13db8a000-7ac13dbd4000 r-xp 00017000 103:03 28978799                  /usr/lib/x86_64-linux-gnu/libzvbi.so.0.13.2
7ac13dbd4000-7ac13dbeb000 r--p 00061000 103:03 28978799                  /usr/lib/x86_64-linux-gnu/libzvbi.so.0.13.2
7ac13dbeb000-7ac13dbf4000 r--p 00078000 103:03 28978799                  /usr/lib/x86_64-linux-gnu/libzvbi.so.0.13.2
7ac13dbf4000-7ac13dc00000 rw-p 00081000 103:03 28978799                  /usr/lib/x86_64-linux-gnu/libzvbi.so.0.13.2
7ac13dc00000-7ac13dc83000 r--p 00000000 103:03 28977045                  /usr/lib/x86_64-linux-gnu/libavcodec.so.60.31.102
7ac13dc83000-7ac13e72c000 r-xp 00083000 103:03 28977045                  /usr/lib/x86_64-linux-gnu/libavcodec.so.60.31.102
7ac13e72c000-7ac13eb4c000 r--p 00b2c000 103:03 28977045                  /usr/lib/x86_64-linux-gnu/libavcodec.so.60.31.102
7ac13eb4c000-7ac13ebc7000 r--p 00f4c000 103:03 28977045                  /usr/lib/x86_64-linux-gnu/libavcodec.so.60.31.102
7ac13ebc7000-7ac13ebc9000 rw-p 00fc7000 103:03 28977045                  /usr/lib/x86_64-linux-gnu/libavcodec.so.60.31.102
7ac13ebc9000-7ac13f11e000 rw-p 00000000 00:00 0 
7ac13f11e000-7ac13f123000 r--p 00000000 103:03 28978214                  /usr/lib/x86_64-linux-gnu/libpangocairo-1.0.so.0.5200.1
7ac13f123000-7ac13f12b000 r-xp 00005000 103:03 28978214                  /usr/lib/x86_64-linux-gnu/libpangocairo-1.0.so.0.5200.1
7ac13f12b000-7ac13f12d000 r--p 0000d000 103:03 28978214                  /usr/lib/x86_64-linux-gnu/libpangocairo-1.0.so.0.5200.1
7ac13f12d000-7ac13f12e000 r--p 0000f000 103:03 28978214                  /usr/lib/x86_64-linux-gnu/libpangocairo-1.0.so.0.5200.1
7ac13f12e000-7ac13f12f000 rw-p 00010000 103:03 28978214                  /usr/lib/x86_64-linux-gnu/libpangocairo-1.0.so.0.5200.1
7ac13f12f000-7ac13f32f000 rw-s 00000000 00:07 968                        /dev/nvidiactl
7ac13f32f000-7ac13f33f000 r--p 00000000 103:03 28976996                  /usr/lib/x86_64-linux-gnu/libarchive.so.13.7.2
7ac13f33f000-7ac13f3d7000 r-xp 00010000 103:03 28976996                  /usr/lib/x86_64-linux-gnu/libarchive.so.13.7.2
7ac13f3d7000-7ac13f3fb000 r--p 000a8000 103:03 28976996                  /usr/lib/x86_64-linux-gnu/libarchive.so.13.7.2
7ac13f3fb000-7ac13f3ff000 r--p 000cc000 103:03 28976996                  /usr/lib/x86_64-linux-gnu/libarchive.so.13.7.2
7ac13f3ff000-7ac13f400000 rw-p 000d0000 103:03 28976996                  /usr/lib/x86_64-linux-gnu/libarchive.so.13.7.2
7ac13f400000-7ac13f600000 rw-s 00000000 00:07 968                        /dev/nvidiactl
7ac13f600000-7ac13f800000 rw-s 00000000 00:07 968                        /dev/nvidiactl
7ac13f800000-7ac13fa00000 rw-s 00000000 00:07 968                        /dev/nvidiactl
7ac13fa00000-7ac13fc00000 rw-s 00000000 00:07 968                        /dev/nvidiactl
7ac13fc00000-7ac13fe00000 rw-s 00000000 00:07 968                        /dev/nvidiactl
7ac13fe00000-7ac140000000 rw-s 00000000 00:07 968                        /dev/nvidiactl
7ac140000000-7ac140452000 rw-p 00000000 00:00 0 
7ac140452000-7ac144000000 ---p 00000000 00:00 0 
7ac144000000-7ac144002000 r--p 00000000 103:03 28978517                  /usr/lib/x86_64-linux-gnu/libthai.so.0.3.1
7ac144002000-7ac144006000 r-xp 00002000 103:03 28978517                  /usr/lib/x86_64-linux-gnu/libthai.so.0.3.1
7ac144006000-7ac144009000 r--p 00006000 103:03 28978517                  /usr/lib/x86_64-linux-gnu/libthai.so.0.3.1
7ac144009000-7ac14400a000 r--p 00008000 103:03 28978517                  /usr/lib/x86_64-linux-gnu/libthai.so.0.3.1
7ac14400a000-7ac14400b000 rw-p 00009000 103:03 28978517                  /usr/lib/x86_64-linux-gnu/libthai.so.0.3.1
7ac14400b000-7ac14400f000 r--p 00000000 103:03 28977122                  /usr/lib/x86_64-linux-gnu/libcairo-gobject.so.2.11800.0
7ac14400f000-7ac144011000 r-xp 00004000 103:03 28977122                  /usr/lib/x86_64-linux-gnu/libcairo-gobject.so.2.11800.0
7ac144011000-7ac144014000 r--p 00006000 103:03 28977122                  /usr/lib/x86_64-linux-gnu/libcairo-gobject.so.2.11800.0
7ac144014000-7ac144016000 r--p 00008000 103:03 28977122                  /usr/lib/x86_64-linux-gnu/libcairo-gobject.so.2.11800.0
7ac144016000-7ac144017000 rw-p 0000a000 103:03 28977122                  /usr/lib/x86_64-linux-gnu/libcairo-gobject.so.2.11800.0
7ac144017000-7ac1440b0000 r--p 00000000 103:03 29525326                  /usr/share/locale/es/LC_MESSAGES/vlc.mo
7ac1440b0000-7ac1442b0000 rw-s 00000000 00:07 968                        /dev/nvidiactl
7ac1442b0000-7ac1444b0000 rw-s 00000000 00:07 968                        /dev/nvidiactl
7ac1444b0000-7ac1446b0000 rw-s 00000000 00:07 968                        /dev/nvidiactl
7ac1446b0000-7ac1448b0000 rw-s 00000000 00:07 968                        /dev/nvidiactl
7ac1448b0000-7ac144ab0000 rw-s 00000000 00:07 968                        /dev/nvidiactl
7ac144ab0000-7ac144cb0000 rw-s 00000000 00:07 968                        /dev/nvidiactl
7ac144cb0000-7ac144eb0000 rw-s 00000000 00:07 968                        /dev/nvidiactl
7ac144eb0000-7ac1450b0000 rw-s 00000000 00:07 968                        /dev/nvidiactl
7ac1450b0000-7ac1452b0000 rw-s 00000000 00:07 968                        /dev/nvidiactl
7ac1452b0000-7ac1454b0000 rw-s 00000000 00:07 968                        /dev/nvidiactl
7ac1454b0000-7ac1456b0000 rw-s 00000000 00:07 968                        /dev/nvidiactl
7ac1456b0000-7ac1458b0000 rw-s 00000000 00:07 968                        /dev/nvidiactl
7ac1458b0000-7ac145ab0000 rw-s 00000000 00:07 968                        /dev/nvidiactl
7ac145ab0000-7ac145cb0000 rw-s 00000000 00:07 968                        /dev/nvidiactl
7ac145cb0000-7ac145eb0000 rw-s 00000000 00:07 968                        /dev/nvidiactl
7ac145eb0000-7ac145eb1000 ---p 00000000 00:00 0 
7ac145eb1000-7ac145fb1000 rw-p 00000000 00:00 0 
7ac145fb1000-7ac145fc2000 r--p 00000000 103:03 28978567                  /usr/lib/x86_64-linux-gnu/libunistring.so.5.0.0
7ac145fc2000-7ac145ff9000 r-xp 00011000 103:03 28978567                  /usr/lib/x86_64-linux-gnu/libunistring.so.5.0.0
7ac145ff9000-7ac146159000 r--p 00048000 103:03 28978567                  /usr/lib/x86_64-linux-gnu/libunistring.so.5.0.0
7ac146159000-7ac14615d000 r--p 001a8000 103:03 28978567                  /usr/lib/x86_64-linux-gnu/libunistring.so.5.0.0
7ac14615d000-7ac14615e000 rw-p 001ac000 103:03 28978567                  /usr/lib/x86_64-linux-gnu/libunistring.so.5.0.0
7ac14615e000-7ac146196000 r--p 00000000 103:03 28978196                  /usr/lib/x86_64-linux-gnu/libp11-kit.so.0.3.1
7ac146196000-7ac146268000 r-xp 00038000 103:03 28978196                  /usr/lib/x86_64-linux-gnu/libp11-kit.so.0.3.1
7ac146268000-7ac1462e7000 r--p 0010a000 103:03 28978196                  /usr/lib/x86_64-linux-gnu/libp11-kit.so.0.3.1
7ac1462e7000-7ac1462f4000 r--p 00188000 103:03 28978196                  /usr/lib/x86_64-linux-gnu/libp11-kit.so.0.3.1
7ac1462f4000-7ac146301000 rw-p 00195000 103:03 28978196                  /usr/lib/x86_64-linux-gnu/libp11-kit.so.0.3.1
7ac146301000-7ac146302000 rw-p 00000000 00:00 0 
7ac146302000-7ac146335000 r--p 00000000 103:03 28977532                  /usr/lib/x86_64-linux-gnu/libgnutls.so.30.37.1
7ac146335000-7ac14646f000 r-xp 00033000 103:03 28977532                  /usr/lib/x86_64-linux-gnu/libgnutls.so.30.37.1
7ac14646f000-7ac1464e8000 r--p 0016d000 103:03 28977532                  /usr/lib/x86_64-linux-gnu/libgnutls.so.30.37.1
7ac1464e8000-7ac1464f8000 r--p 001e6000 103:03 28977532                  /usr/lib/x86_64-linux-gnu/libgnutls.so.30.37.1
7ac1464f8000-7ac1464fa000 rw-p 001f6000 103:03 28977532                  /usr/lib/x86_64-linux-gnu/libgnutls.so.30.37.1
7ac1464fa000-7ac1464fd000 rw-p 00000000 00:00 0 
7ac1464fd000-7ac1466fd000 rw-s 00000000 00:07 968                        /dev/nvidiactl
7ac1466fd000-7ac1466fe000 ---p 00000000 00:00 0 
7ac1466fe000-7ac146702000 ---p 00000000 00:00 0 
7ac146702000-7ac1467fe000 rw-p 00000000 00:00 0 
7ac147800000-7ac147a00000 rw-s 00000000 00:07 968                        /dev/nvidiactl
7ac147a00000-7ac147c00000 rw-s 00000000 00:07 968                        /dev/nvidiactl
7ac147c00000-7ac147e00000 rw-s 00000000 00:07 968                        /dev/nvidiactl
7ac147e00000-7ac148000000 rw-s 00000000 00:07 968                        /dev/nvidiactl
7ac148000000-7ac148021000 rw-p 00000000 00:00 0 
7ac148021000-7ac14c000000 ---p 00000000 00:00 0 
7ac14c000000-7ac14c021000 rw-p 00000000 00:00 0 
7ac14c021000-7ac150000000 ---p 00000000 00:00 0 
7ac150000000-7ac150cad000 rw-p 00000000 00:00 0 
7ac150cad000-7ac154000000 ---p 00000000 00:00 0 
7ac154000000-7ac154021000 rw-p 00000000 00:00 0 
7ac154021000-7ac158000000 ---p 00000000 00:00 0 
7ac158000000-7ac1581e5000 rw-p 00000000 00:00 0 
7ac1581e5000-7ac15c000000 ---p 00000000 00:00 0 
7ac15c001000-7ac15c003000 r--p 00000000 103:03 28976799                  /usr/lib/x86_64-linux-gnu/libXfixes.so.3.1.0
7ac15c003000-7ac15c006000 r-xp 00002000 103:03 28976799                  /usr/lib/x86_64-linux-gnu/libXfixes.so.3.1.0
7ac15c006000-7ac15c007000 r--p 00005000 103:03 28976799                  /usr/lib/x86_64-linux-gnu/libXfixes.so.3.1.0
7ac15c007000-7ac15c008000 r--p 00005000 103:03 28976799                  /usr/lib/x86_64-linux-gnu/libXfixes.so.3.1.0
7ac15c008000-7ac15c009000 rw-p 00006000 103:03 28976799                  /usr/lib/x86_64-linux-gnu/libXfixes.so.3.1.0
7ac15c009000-7ac15c00f000 r--p 00000000 103:03 28976668                  /usr/lib/x86_64-linux-gnu/libOpenCL.so.1.0.0
7ac15c00f000-7ac15c016000 r-xp 00006000 103:03 28976668                  /usr/lib/x86_64-linux-gnu/libOpenCL.so.1.0.0
7ac15c016000-7ac15c01a000 r--p 0000d000 103:03 28976668                  /usr/lib/x86_64-linux-gnu/libOpenCL.so.1.0.0
7ac15c01a000-7ac15c01b000 r--p 00010000 103:03 28976668                  /usr/lib/x86_64-linux-gnu/libOpenCL.so.1.0.0
7ac15c01b000-7ac15c01c000 rw-p 00011000 103:03 28976668                  /usr/lib/x86_64-linux-gnu/libOpenCL.so.1.0.0
7ac15c01c000-7ac15c020000 r--p 00000000 103:03 28978178                  /usr/lib/x86_64-linux-gnu/libopenjp2.so.2.5.0
7ac15c020000-7ac15c06b000 r-xp 00004000 103:03 28978178                  /usr/lib/x86_64-linux-gnu/libopenjp2.so.2.5.0
7ac15c06b000-7ac15c07b000 r--p 0004f000 103:03 28978178                  /usr/lib/x86_64-linux-gnu/libopenjp2.so.2.5.0
7ac15c07b000-7ac15c07c000 r--p 0005e000 103:03 28978178                  /usr/lib/x86_64-linux-gnu/libopenjp2.so.2.5.0
7ac15c07c000-7ac15c07d000 rw-p 0005f000 103:03 28978178                  /usr/lib/x86_64-linux-gnu/libopenjp2.so.2.5.0
7ac15c07d000-7ac15c082000 r--p 00000000 103:03 1318149                   /usr/lib/x86_64-linux-gnu/vlc/plugins/demux/libmp4_plugin.so
7ac15c082000-7ac15c0b1000 r-xp 00005000 103:03 1318149                   /usr/lib/x86_64-linux-gnu/vlc/plugins/demux/libmp4_plugin.so
7ac15c0b1000-7ac15c0ba000 r--p 00034000 103:03 1318149                   /usr/lib/x86_64-linux-gnu/vlc/plugins/demux/libmp4_plugin.so
7ac15c0ba000-7ac15c0bd000 r--p 0003d000 103:03 1318149                   /usr/lib/x86_64-linux-gnu/vlc/plugins/demux/libmp4_plugin.so
7ac15c0bd000-7ac15c0be000 rw-p 00040000 103:03 1318149                   /usr/lib/x86_64-linux-gnu/vlc/plugins/demux/libmp4_plugin.so
7ac15c0be000-7ac15c0c4000 r--p 00000000 103:03 28975883                  /usr/lib/x86_64-linux-gnu/liblua5.2.so.0.0.0
7ac15c0c4000-7ac15c0e8000 r-xp 00006000 103:03 28975883                  /usr/lib/x86_64-linux-gnu/liblua5.2.so.0.0.0
7ac15c0e8000-7ac15c0f1000 r--p 0002a000 103:03 28975883                  /usr/lib/x86_64-linux-gnu/liblua5.2.so.0.0.0
7ac15c0f1000-7ac15c0f3000 r--p 00032000 103:03 28975883                  /usr/lib/x86_64-linux-gnu/liblua5.2.so.0.0.0
7ac15c0f3000-7ac15c0f4000 rw-p 00034000 103:03 28975883                  /usr/lib/x86_64-linux-gnu/liblua5.2.so.0.0.0
7ac15c0f4000-7ac15c0f5000 ---p 00000000 00:00 0 
7ac15c0f5000-7ac15c1f5000 rw-p 00000000 00:00 0 
7ac15c1f5000-7ac15c5f5000 rw-s 00000000 00:07 968                        /dev/nvidiactl
7ac15c5f5000-7ac15c7f5000 rw-s 00000000 00:07 968                        /dev/nvidiactl
7ac15c7f5000-7ac15c9f5000 rw-s 00000000 00:07 968                        /dev/nvidiactl
7ac15c9f5000-7ac15d800000 rw-p 00000000 00:00 0 
7ac15d800000-7ac15d801000 r--p 00000000 103:03 28977781                  /usr/lib/x86_64-linux-gnu/libicudata.so.74.2
7ac15d801000-7ac15d802000 r-xp 00001000 103:03 28977781                  /usr/lib/x86_64-linux-gnu/libicudata.so.74.2
7ac15d802000-7ac15f55e000 r--p 00002000 103:03 28977781                  /usr/lib/x86_64-linux-gnu/libicudata.so.74.2
7ac15f55e000-7ac15f55f000 r--p 01d5d000 103:03 28977781                  /usr/lib/x86_64-linux-gnu/libicudata.so.74.2
7ac15f55f000-7ac15f560000 rw-p 01d5e000 103:03 28977781                  /usr/lib/x86_64-linux-gnu/libicudata.so.74.2
7ac15f561000-7ac15f562000 r--p 00000000 103:03 28978422                  /usr/lib/x86_64-linux-gnu/libshine.so.3.0.1
7ac15f562000-7ac15f568000 r-xp 00001000 103:03 28978422                  /usr/lib/x86_64-linux-gnu/libshine.so.3.0.1
7ac15f568000-7ac15f56b000 r--p 00007000 103:03 28978422                  /usr/lib/x86_64-linux-gnu/libshine.so.3.0.1
7ac15f56b000-7ac15f56c000 r--p 00009000 103:03 28978422                  /usr/lib/x86_64-linux-gnu/libshine.so.3.0.1
7ac15f56c000-7ac15f56d000 rw-p 0000a000 103:03 28978422                  /usr/lib/x86_64-linux-gnu/libshine.so.3.0.1
7ac15f56d000-7ac15f56e000 r--p 00000000 103:03 28977599                  /usr/lib/x86_64-linux-gnu/libgsm.so.1.0.19
7ac15f56e000-7ac15f579000 r-xp 00001000 103:03 28977599                  /usr/lib/x86_64-linux-gnu/libgsm.so.1.0.19
7ac15f579000-7ac15f57a000 r--p 0000c000 103:03 28977599                  /usr/lib/x86_64-linux-gnu/libgsm.so.1.0.19
7ac15f57a000-7ac15f57b000 r--p 0000d000 103:03 28977599                  /usr/lib/x86_64-linux-gnu/libgsm.so.1.0.19
7ac15f57b000-7ac15f57c000 rw-p 0000e000 103:03 28977599                  /usr/lib/x86_64-linux-gnu/libgsm.so.1.0.19
7ac15f57c000-7ac15f586000 r--p 00000000 103:03 28977520                  /usr/lib/x86_64-linux-gnu/libgmp.so.10.5.0
7ac15f586000-7ac15f5e9000 r-xp 0000a000 103:03 28977520                  /usr/lib/x86_64-linux-gnu/libgmp.so.10.5.0
7ac15f5e9000-7ac15f5fe000 r--p 0006d000 103:03 28977520                  /usr/lib/x86_64-linux-gnu/libgmp.so.10.5.0
7ac15f5fe000-7ac15f5ff000 r--p 00081000 103:03 28977520                  /usr/lib/x86_64-linux-gnu/libgmp.so.10.5.0
7ac15f5ff000-7ac15f600000 rw-p 00082000 103:03 28977520                  /usr/lib/x86_64-linux-gnu/libgmp.so.10.5.0
7ac15f600000-7ac167808000 r-xp 00000000 103:03 28976661                  /usr/lib/x86_64-linux-gnu/libLLVM.so.20.1
7ac167808000-7ac167809000 ---p 08208000 103:03 28976661                  /usr/lib/x86_64-linux-gnu/libLLVM.so.20.1
7ac167809000-7ac167e9e000 r--p 08208000 103:03 28976661                  /usr/lib/x86_64-linux-gnu/libLLVM.so.20.1
7ac167e9e000-7ac167ee6000 rw-p 0889d000 103:03 28976661                  /usr/lib/x86_64-linux-gnu/libLLVM.so.20.1
7ac167ee6000-7ac167f8e000 rw-p 00000000 00:00 0 
7ac167f8f000-7ac167f90000 r--p 00000000 103:03 28978420                  /usr/lib/x86_64-linux-gnu/libsharpyuv.so.0.0.1
7ac167f90000-7ac167f93000 r-xp 00001000 103:03 28978420                  /usr/lib/x86_64-linux-gnu/libsharpyuv.so.0.0.1
7ac167f93000-7ac167f94000 r--p 00004000 103:03 28978420                  /usr/lib/x86_64-linux-gnu/libsharpyuv.so.0.0.1
7ac167f94000-7ac167f95000 r--p 00004000 103:03 28978420                  /usr/lib/x86_64-linux-gnu/libsharpyuv.so.0.0.1
7ac167f95000-7ac167f96000 rw-p 00005000 103:03 28978420                  /usr/lib/x86_64-linux-gnu/libsharpyuv.so.0.0.1
7ac167f96000-7ac167f97000 rw-p 00000000 00:00 0 
7ac167f97000-7ac167f9a000 r--p 00000000 103:03 28978493                  /usr/lib/x86_64-linux-gnu/libswresample.so.4.12.100
7ac167f9a000-7ac167fb0000 r-xp 00003000 103:03 28978493                  /usr/lib/x86_64-linux-gnu/libswresample.so.4.12.100
7ac167fb0000-7ac167fb5000 r--p 00019000 103:03 28978493                  /usr/lib/x86_64-linux-gnu/libswresample.so.4.12.100
7ac167fb5000-7ac167fb7000 r--p 0001e000 103:03 28978493                  /usr/lib/x86_64-linux-gnu/libswresample.so.4.12.100
7ac167fb7000-7ac167fb8000 rw-p 00020000 103:03 28978493                  /usr/lib/x86_64-linux-gnu/libswresample.so.4.12.100
7ac167fb8000-7ac167fc0000 r--p 00000000 103:03 28977735                  /usr/lib/x86_64-linux-gnu/libhogweed.so.6.8
7ac167fc0000-7ac167fd4000 r-xp 00008000 103:03 28977735                  /usr/lib/x86_64-linux-gnu/libhogweed.so.6.8
7ac167fd4000-7ac167ffd000 r--p 0001c000 103:03 28977735                  /usr/lib/x86_64-linux-gnu/libhogweed.so.6.8
7ac167ffd000-7ac167fff000 r--p 00044000 103:03 28977735                  /usr/lib/x86_64-linux-gnu/libhogweed.so.6.8
7ac167fff000-7ac168000000 rw-p 00046000 103:03 28977735                  /usr/lib/x86_64-linux-gnu/libhogweed.so.6.8
7ac168000000-7ac168282000 rw-p 00000000 00:00 0 
7ac168282000-7ac16c000000 ---p 00000000 00:00 0 
7ac16c200000-7ac16c280000 rw-s 00000000 00:07 968                        /dev/nvidiactl
7ac16c480000-7ac16c500000 rw-s 00000000 00:07 968                        /dev/nvidiactl
7ac16c500000-7ac16c580000 rw-s 00000000 00:07 968                        /dev/nvidiactl
7ac16c780000-7ac16c980000 rw-s 00000000 00:07 968                        /dev/nvidiactl
7ac16c980000-7ac16ca00000 rw-s 00000000 00:07 968                        /dev/nvidiactl
7ac16cc00000-7ac16cc80000 rw-s 00000000 00:07 968                        /dev/nvidiactl
7ac16ce00000-7ac16cf0b000 r--p 00000000 103:03 28972422                  /usr/lib/x86_64-linux-gnu/libgallium-26.1.6-1pop0~1787580452~24.04~a5619ea.so
7ac16cf0b000-7ac16e8b7000 r-xp 0010b000 103:03 28972422                  /usr/lib/x86_64-linux-gnu/libgallium-26.1.6-1pop0~1787580452~24.04~a5619ea.so
7ac16e8b7000-7ac16f935000 r--p 01ab7000 103:03 28972422                  /usr/lib/x86_64-linux-gnu/libgallium-26.1.6-1pop0~1787580452~24.04~a5619ea.so
7ac16f935000-7ac16faaa000 r--p 02b35000 103:03 28972422                  /usr/lib/x86_64-linux-gnu/libgallium-26.1.6-1pop0~1787580452~24.04~a5619ea.so
7ac16faaa000-7ac16fad3000 rw-p 02caa000 103:03 28972422                  /usr/lib/x86_64-linux-gnu/libgallium-26.1.6-1pop0~1787580452~24.04~a5619ea.so
7ac16fad3000-7ac16fc9f000 rw-p 00000000 00:00 0 
7ac16fca2000-7ac16fca4000 r--p 00000000 103:03 28978622                  /usr/lib/x86_64-linux-gnu/libva-x11.so.2.2000.0
7ac16fca4000-7ac16fca7000 r-xp 00002000 103:03 28978622                  /usr/lib/x86_64-linux-gnu/libva-x11.so.2.2000.0
7ac16fca7000-7ac16fca8000 r--p 00005000 103:03 28978622                  /usr/lib/x86_64-linux-gnu/libva-x11.so.2.2000.0
7ac16fca8000-7ac16fca9000 r--p 00005000 103:03 28978622                  /usr/lib/x86_64-linux-gnu/libva-x11.so.2.2000.0
7ac16fca9000-7ac16fcaa000 rw-p 00006000 103:03 28978622                  /usr/lib/x86_64-linux-gnu/libva-x11.so.2.2000.0
7ac16fcaa000-7ac16fcb6000 r--p 00000000 103:03 28978041                  /usr/lib/x86_64-linux-gnu/libnettle.so.8.8
7ac16fcb6000-7ac16fce5000 r-xp 0000c000 103:03 28978041                  /usr/lib/x86_64-linux-gnu/libnettle.so.8.8
7ac16fce5000-7ac16fcfc000 r--p 0003b000 103:03 28978041                  /usr/lib/x86_64-linux-gnu/libnettle.so.8.8
7ac16fcfc000-7ac16fcfe000 r--p 00051000 103:03 28978041                  /usr/lib/x86_64-linux-gnu/libnettle.so.8.8
7ac16fcfe000-7ac16fcff000 rw-p 00053000 103:03 28978041                  /usr/lib/x86_64-linux-gnu/libnettle.so.8.8
7ac16fcff000-7ac16fd00000 ---p 00000000 00:00 0 
7ac16fd00000-7ac16fe00000 rw-p 00000000 00:00 0 
7ac16fe00000-7ac170114000 r--p 00000000 103:03 28978131                  /usr/lib/x86_64-linux-gnu/libnvidia-gpucomp.so.595.84
7ac170114000-7ac174042000 r-xp 00314000 103:03 28978131                  /usr/lib/x86_64-linux-gnu/libnvidia-gpucomp.so.595.84
7ac174042000-7ac175471000 r--p 04242000 103:03 28978131                  /usr/lib/x86_64-linux-gnu/libnvidia-gpucomp.so.595.84
7ac175471000-7ac175472000 ---p 05671000 103:03 28978131                  /usr/lib/x86_64-linux-gnu/libnvidia-gpucomp.so.595.84
7ac175472000-7ac17567e000 r--p 05671000 103:03 28978131                  /usr/lib/x86_64-linux-gnu/libnvidia-gpucomp.so.595.84
7ac17567e000-7ac1757b8000 rw-p 0587d000 103:03 28978131                  /usr/lib/x86_64-linux-gnu/libnvidia-gpucomp.so.595.84
7ac1757b8000-7ac175864000 rw-p 00000000 00:00 0 
7ac175866000-7ac175868000 r--p 00000000 103:03 1318090                   /usr/lib/x86_64-linux-gnu/vlc/plugins/codec/libpng_plugin.so
7ac175868000-7ac17586a000 r-xp 00002000 103:03 1318090                   /usr/lib/x86_64-linux-gnu/vlc/plugins/codec/libpng_plugin.so
7ac17586a000-7ac17586b000 r--p 00004000 103:03 1318090                   /usr/lib/x86_64-linux-gnu/vlc/plugins/codec/libpng_plugin.so
7ac17586b000-7ac17586c000 r--p 00004000 103:03 1318090                   /usr/lib/x86_64-linux-gnu/vlc/plugins/codec/libpng_plugin.so
7ac17586c000-7ac17586d000 rw-p 00005000 103:03 1318090                   /usr/lib/x86_64-linux-gnu/vlc/plugins/codec/libpng_plugin.so
7ac17586d000-7ac17586e000 r--p 00000000 103:03 1318072                   /usr/lib/x86_64-linux-gnu/vlc/plugins/codec/libcdg_plugin.so
7ac17586e000-7ac175870000 r-xp 00001000 103:03 1318072                   /usr/lib/x86_64-linux-gnu/vlc/plugins/codec/libcdg_plugin.so
7ac175870000-7ac175871000 r--p 00003000 103:03 1318072                   /usr/lib/x86_64-linux-gnu/vlc/plugins/codec/libcdg_plugin.so
7ac175871000-7ac175872000 r--p 00003000 103:03 1318072                   /usr/lib/x86_64-linux-gnu/vlc/plugins/codec/libcdg_plugin.so
7ac175872000-7ac175873000 rw-p 00004000 103:03 1318072                   /usr/lib/x86_64-linux-gnu/vlc/plugins/codec/libcdg_plugin.so
7ac175873000-7ac175874000 r--p 00000000 103:03 1318082                   /usr/lib/x86_64-linux-gnu/vlc/plugins/codec/libjpeg_plugin.so
7ac175874000-7ac175877000 r-xp 00001000 103:03 1318082                   /usr/lib/x86_64-linux-gnu/vlc/plugins/codec/libjpeg_plugin.so
7ac175877000-7ac175878000 r--p 00004000 103:03 1318082                   /usr/lib/x86_64-linux-gnu/vlc/plugins/codec/libjpeg_plugin.so
7ac175878000-7ac175879000 r--p 00004000 103:03 1318082                   /usr/lib/x86_64-linux-gnu/vlc/plugins/codec/libjpeg_plugin.so
7ac175879000-7ac17587a000 rw-p 00005000 103:03 1318082                   /usr/lib/x86_64-linux-gnu/vlc/plugins/codec/libjpeg_plugin.so
7ac17587a000-7ac17587b000 r--p 00000000 103:03 1318074                   /usr/lib/x86_64-linux-gnu/vlc/plugins/codec/libdav1d_plugin.so
7ac17587b000-7ac17587c000 r-xp 00001000 103:03 1318074                   /usr/lib/x86_64-linux-gnu/vlc/plugins/codec/libdav1d_plugin.so
7ac17587c000-7ac17587d000 r--p 00002000 103:03 1318074                   /usr/lib/x86_64-linux-gnu/vlc/plugins/codec/libdav1d_plugin.so
7ac17587d000-7ac17587e000 r--p 00002000 103:03 1318074                   /usr/lib/x86_64-linux-gnu/vlc/plugins/codec/libdav1d_plugin.so
7ac17587e000-7ac17587f000 rw-p 00003000 103:03 1318074                   /usr/lib/x86_64-linux-gnu/vlc/plugins/codec/libdav1d_plugin.so
7ac1758ff000-7ac175900000 ---p 00000000 00:00 0 
7ac175900000-7ac175a00000 rw-p 00000000 00:00 0 
7ac175a00000-7ac175c39000 r--p 00000000 103:03 28978121                  /usr/lib/x86_64-linux-gnu/libnvidia-eglcore.so.595.84
7ac175c39000-7ac1768cb000 r-xp 00239000 103:03 28978121                  /usr/lib/x86_64-linux-gnu/libnvidia-eglcore.so.595.84
7ac1768cb000-7ac177c5a000 r--p 00ecb000 103:03 28978121                  /usr/lib/x86_64-linux-gnu/libnvidia-eglcore.so.595.84
7ac177c5a000-7ac177dcf000 r--p 02259000 103:03 28978121                  /usr/lib/x86_64-linux-gnu/libnvidia-eglcore.so.595.84
7ac177dcf000-7ac177e22000 rw-p 023ce000 103:03 28978121                  /usr/lib/x86_64-linux-gnu/libnvidia-eglcore.so.595.84
7ac177e22000-7ac177e39000 rw-p 00000000 00:00 0 
7ac177e3a000-7ac177e3b000 r--p 00000000 103:03 28978626                  /usr/lib/x86_64-linux-gnu/libvdpau.so.1.0.0
7ac177e3b000-7ac177e3d000 r-xp 00001000 103:03 28978626                  /usr/lib/x86_64-linux-gnu/libvdpau.so.1.0.0
7ac177e3d000-7ac177e3e000 r--p 00003000 103:03 28978626                  /usr/lib/x86_64-linux-gnu/libvdpau.so.1.0.0
7ac177e3e000-7ac177e3f000 r--p 00003000 103:03 28978626                  /usr/lib/x86_64-linux-gnu/libvdpau.so.1.0.0
7ac177e3f000-7ac177e40000 rw-p 00004000 103:03 28978626                  /usr/lib/x86_64-linux-gnu/libvdpau.so.1.0.0
7ac177e40000-7ac177e43000 r--p 00000000 103:03 28978441                  /usr/lib/x86_64-linux-gnu/libsnappy.so.1.1.10
7ac177e43000-7ac177e48000 r-xp 00003000 103:03 28978441                  /usr/lib/x86_64-linux-gnu/libsnappy.so.1.1.10
7ac177e48000-7ac177e49000 r--p 00008000 103:03 28978441                  /usr/lib/x86_64-linux-gnu/libsnappy.so.1.1.10
7ac177e49000-7ac177e4a000 r--p 00009000 103:03 28978441                  /usr/lib/x86_64-linux-gnu/libsnappy.so.1.1.10
7ac177e4a000-7ac177e4b000 rw-p 0000a000 103:03 28978441                  /usr/lib/x86_64-linux-gnu/libsnappy.so.1.1.10
7ac177e4b000-7ac177e53000 r--p 00000000 103:03 1318188                   /usr/lib/x86_64-linux-gnu/vlc/plugins/lua/liblua_plugin.so
7ac177e53000-7ac177e72000 r-xp 00008000 103:03 1318188                   /usr/lib/x86_64-linux-gnu/vlc/plugins/lua/liblua_plugin.so
7ac177e72000-7ac177e7c000 r--p 00027000 103:03 1318188                   /usr/lib/x86_64-linux-gnu/vlc/plugins/lua/liblua_plugin.so
7ac177e7c000-7ac177e7e000 r--p 00031000 103:03 1318188                   /usr/lib/x86_64-linux-gnu/vlc/plugins/lua/liblua_plugin.so
7ac177e7e000-7ac177e7f000 rw-p 00033000 103:03 1318188                   /usr/lib/x86_64-linux-gnu/vlc/plugins/lua/liblua_plugin.so
7ac177e7f000-7ac177eff000 rw-s 00000000 00:07 968                        /dev/nvidiactl
7ac177eff000-7ac177f00000 ---p 00000000 00:00 0 
7ac177f00000-7ac178000000 rw-p 00000000 00:00 0 
7ac178000000-7ac178021000 rw-p 00000000 00:00 0 
7ac178021000-7ac17c000000 ---p 00000000 00:00 0 
7ac17c000000-7ac17c113000 rw-p 00000000 00:00 0 
7ac17c113000-7ac180000000 ---p 00000000 00:00 0 
7ac180000000-7ac180021000 rw-p 00000000 00:00 0 
7ac180021000-7ac184000000 ---p 00000000 00:00 0 
7ac184000000-7ac184080000 rw-s 00000000 00:07 968                        /dev/nvidiactl
7ac184080000-7ac184100000 rw-s 00000000 00:07 968                        /dev/nvidiactl
7ac184200000-7ac184268000 r--p 00000000 103:03 28977801                  /usr/lib/x86_64-linux-gnu/libicuuc.so.74.2
7ac184268000-7ac18436d000 r-xp 00068000 103:03 28977801                  /usr/lib/x86_64-linux-gnu/libicuuc.so.74.2
7ac18436d000-7ac1843f7000 r--p 0016d000 103:03 28977801                  /usr/lib/x86_64-linux-gnu/libicuuc.so.74.2
7ac1843f7000-7ac18440a000 r--p 001f7000 103:03 28977801                  /usr/lib/x86_64-linux-gnu/libicuuc.so.74.2
7ac18440a000-7ac18440b000 rw-p 0020a000 103:03 28977801                  /usr/lib/x86_64-linux-gnu/libicuuc.so.74.2
7ac18440b000-7ac18440d000 rw-p 00000000 00:00 0 
7ac18440d000-7ac18440e000 r--p 00000000 103:03 28978618                  /usr/lib/x86_64-linux-gnu/libva-drm.so.2.2000.0
7ac18440e000-7ac18440f000 r-xp 00001000 103:03 28978618                  /usr/lib/x86_64-linux-gnu/libva-drm.so.2.2000.0
7ac18440f000-7ac184410000 r--p 00002000 103:03 28978618                  /usr/lib/x86_64-linux-gnu/libva-drm.so.2.2000.0
7ac184410000-7ac184411000 r--p 00002000 103:03 28978618                  /usr/lib/x86_64-linux-gnu/libva-drm.so.2.2000.0
7ac184411000-7ac184412000 rw-p 00003000 103:03 28978618                  /usr/lib/x86_64-linux-gnu/libva-drm.so.2.2000.0
7ac184412000-7ac184414000 r--p 00000000 103:03 28978685                  /usr/lib/x86_64-linux-gnu/libwebpmux.so.3.0.13
7ac184414000-7ac18441c000 r-xp 00002000 103:03 28978685                  /usr/lib/x86_64-linux-gnu/libwebpmux.so.3.0.13
7ac18441c000-7ac18441e000 r--p 0000a000 103:03 28978685                  /usr/lib/x86_64-linux-gnu/libwebpmux.so.3.0.13
7ac18441e000-7ac18441f000 r--p 0000b000 103:03 28978685                  /usr/lib/x86_64-linux-gnu/libwebpmux.so.3.0.13
7ac18441f000-7ac184420000 rw-p 0000c000 103:03 28978685                  /usr/lib/x86_64-linux-gnu/libwebpmux.so.3.0.13
7ac184420000-7ac184422000 r--p 00000000 103:03 28976973                  /usr/lib/x86_64-linux-gnu/libacl.so.1.1.2302
7ac184422000-7ac184427000 r-xp 00002000 103:03 28976973                  /usr/lib/x86_64-linux-gnu/libacl.so.1.1.2302
7ac184427000-7ac184428000 r--p 00007000 103:03 28976973                  /usr/lib/x86_64-linux-gnu/libacl.so.1.1.2302
7ac184428000-7ac184429000 r--p 00008000 103:03 28976973                  /usr/lib/x86_64-linux-gnu/libacl.so.1.1.2302
7ac184429000-7ac18442a000 rw-p 00009000 103:03 28976973                  /usr/lib/x86_64-linux-gnu/libacl.so.1.1.2302
7ac18452a000-7ac184e4c000 rw-p 00000000 00:00 0 
7ac184e4c000-7ac184e4d000 ---p 00000000 00:00 0 
7ac184e4d000-7ac18564d000 rw-p 00000000 00:00 0 
7ac18564d000-7ac185682000 r--p 00000000 103:03 29520403                  /usr/share/locale-langpack/es/LC_MESSAGES/gtk30-properties.mo
7ac185682000-7ac18569e000 r--p 00000000 103:03 29520404                  /usr/share/locale-langpack/es/LC_MESSAGES/gtk30.mo
7ac1856a1000-7ac1856a2000 r--p 00000000 103:03 28977861                  /usr/lib/x86_64-linux-gnu/libjxl_threads.so.0.7.0
7ac1856a2000-7ac1856a4000 r-xp 00001000 103:03 28977861                  /usr/lib/x86_64-linux-gnu/libjxl_threads.so.0.7.0
7ac1856a4000-7ac1856a5000 r--p 00003000 103:03 28977861                  /usr/lib/x86_64-linux-gnu/libjxl_threads.so.0.7.0
7ac1856a5000-7ac1856a6000 r--p 00003000 103:03 28977861                  /usr/lib/x86_64-linux-gnu/libjxl_threads.so.0.7.0
7ac1856a6000-7ac1856a7000 rw-p 00004000 103:03 28977861                  /usr/lib/x86_64-linux-gnu/libjxl_threads.so.0.7.0
7ac1856a7000-7ac1856ae000 r--p 00000000 103:03 28977082                  /usr/lib/x86_64-linux-gnu/libblkid.so.1.1.0
7ac1856ae000-7ac1856d2000 r-xp 00007000 103:03 28977082                  /usr/lib/x86_64-linux-gnu/libblkid.so.1.1.0
7ac1856d2000-7ac1856db000 r--p 0002b000 103:03 28977082                  /usr/lib/x86_64-linux-gnu/libblkid.so.1.1.0
7ac1856db000-7ac1856e1000 r--p 00033000 103:03 28977082                  /usr/lib/x86_64-linux-gnu/libblkid.so.1.1.0
7ac1856e1000-7ac1856e2000 rw-p 00039000 103:03 28977082                  /usr/lib/x86_64-linux-gnu/libblkid.so.1.1.0
7ac1856e4000-7ac1856e7000 r--p 00000000 103:03 1318070                   /usr/lib/x86_64-linux-gnu/vlc/plugins/codec/libavcodec_plugin.so
7ac1856e7000-7ac1856f8000 r-xp 00003000 103:03 1318070                   /usr/lib/x86_64-linux-gnu/vlc/plugins/codec/libavcodec_plugin.so
7ac1856f8000-7ac1856fe000 r--p 00014000 103:03 1318070                   /usr/lib/x86_64-linux-gnu/vlc/plugins/codec/libavcodec_plugin.so
7ac1856fe000-7ac1856ff000 r--p 00019000 103:03 1318070                   /usr/lib/x86_64-linux-gnu/vlc/plugins/codec/libavcodec_plugin.so
7ac1856ff000-7ac185700000 rw-p 0001a000 103:03 1318070                   /usr/lib/x86_64-linux-gnu/vlc/plugins/codec/libavcodec_plugin.so
7ac185700000-7ac185701000 r--p 00000000 103:03 1318260                   /usr/lib/x86_64-linux-gnu/vlc/plugins/stream_filter/librecord_plugin.so
7ac185701000-7ac185702000 r-xp 00001000 103:03 1318260                   /usr/lib/x86_64-linux-gnu/vlc/plugins/stream_filter/librecord_plugin.so
7ac185702000-7ac185703000 r--p 00002000 103:03 1318260                   /usr/lib/x86_64-linux-gnu/vlc/plugins/stream_filter/librecord_plugin.so
7ac185703000-7ac185704000 r--p 00002000 103:03 1318260                   /usr/lib/x86_64-linux-gnu/vlc/plugins/stream_filter/librecord_plugin.so
7ac185704000-7ac185705000 rw-p 00003000 103:03 1318260                   /usr/lib/x86_64-linux-gnu/vlc/plugins/stream_filter/librecord_plugin.so
7ac185705000-7ac185707000 r--p 00000000 103:03 1318157                   /usr/lib/x86_64-linux-gnu/vlc/plugins/demux/libplaylist_plugin.so
7ac185707000-7ac185717000 r-xp 00002000 103:03 1318157                   /usr/lib/x86_64-linux-gnu/vlc/plugins/demux/libplaylist_plugin.so
7ac185717000-7ac18571b000 r--p 00012000 103:03 1318157                   /usr/lib/x86_64-linux-gnu/vlc/plugins/demux/libplaylist_plugin.so
7ac18571b000-7ac18571c000 r--p 00016000 103:03 1318157                   /usr/lib/x86_64-linux-gnu/vlc/plugins/demux/libplaylist_plugin.so
7ac18571c000-7ac18571d000 rw-p 00017000 103:03 1318157                   /usr/lib/x86_64-linux-gnu/vlc/plugins/demux/libplaylist_plugin.so
7ac18571d000-7ac185720000 r--p 00000000 103:03 28978505                  /usr/lib/x86_64-linux-gnu/libtasn1.so.6.6.3
7ac185720000-7ac18572e000 r-xp 00003000 103:03 28978505                  /usr/lib/x86_64-linux-gnu/libtasn1.so.6.6.3
7ac18572e000-7ac185731000 r--p 00011000 103:03 28978505                  /usr/lib/x86_64-linux-gnu/libtasn1.so.6.6.3
7ac185731000-7ac185732000 r--p 00014000 103:03 28978505                  /usr/lib/x86_64-linux-gnu/libtasn1.so.6.6.3
7ac185732000-7ac185733000 rw-p 00015000 103:03 28978505                  /usr/lib/x86_64-linux-gnu/libtasn1.so.6.6.3
7ac185733000-7ac185735000 r--p 00000000 103:03 28977805                  /usr/lib/x86_64-linux-gnu/libidn2.so.0.4.0
7ac185735000-7ac185739000 r-xp 00002000 103:03 28977805                  /usr/lib/x86_64-linux-gnu/libidn2.so.0.4.0
7ac185739000-7ac185753000 r--p 00006000 103:03 28977805                  /usr/lib/x86_64-linux-gnu/libidn2.so.0.4.0
7ac185753000-7ac185754000 r--p 0001f000 103:03 28977805                  /usr/lib/x86_64-linux-gnu/libidn2.so.0.4.0
7ac185754000-7ac185755000 rw-p 00020000 103:03 28977805                  /usr/lib/x86_64-linux-gnu/libidn2.so.0.4.0
7ac185755000-7ac185788000 r--p 00000000 103:03 786487                    /tmp/lwjgl_paullexd/3.3.6+1/x64/liblwjgl_opengl.so
7ac185788000-7ac18579c000 r-xp 00033000 103:03 786487                    /tmp/lwjgl_paullexd/3.3.6+1/x64/liblwjgl_opengl.so
7ac18579c000-7ac1857ac000 r--p 00047000 103:03 786487                    /tmp/lwjgl_paullexd/3.3.6+1/x64/liblwjgl_opengl.so
7ac1857ac000-7ac1857ad000 r--p 00056000 103:03 786487                    /tmp/lwjgl_paullexd/3.3.6+1/x64/liblwjgl_opengl.so
7ac1857ad000-7ac1857ae000 rw-p 00057000 103:03 786487                    /tmp/lwjgl_paullexd/3.3.6+1/x64/liblwjgl_opengl.so
7ac1857ae000-7ac1857b4000 r--p 00000000 103:03 28978408                  /usr/lib/x86_64-linux-gnu/libselinux.so.1
7ac1857b4000-7ac1857d1000 r-xp 00006000 103:03 28978408                  /usr/lib/x86_64-linux-gnu/libselinux.so.1
7ac1857d1000-7ac1857d7000 r--p 00023000 103:03 28978408                  /usr/lib/x86_64-linux-gnu/libselinux.so.1
7ac1857d7000-7ac1857d8000 r--p 00029000 103:03 28978408                  /usr/lib/x86_64-linux-gnu/libselinux.so.1
7ac1857d8000-7ac1857d9000 rw-p 0002a000 103:03 28978408                  /usr/lib/x86_64-linux-gnu/libselinux.so.1
7ac1857d9000-7ac1857db000 rw-p 00000000 00:00 0 
7ac1857db000-7ac1857e4000 r--p 00000000 103:03 28977974                  /usr/lib/x86_64-linux-gnu/libmount.so.1.1.0
7ac1857e4000-7ac185818000 r-xp 00009000 103:03 28977974                  /usr/lib/x86_64-linux-gnu/libmount.so.1.1.0
7ac185818000-7ac185825000 r--p 0003d000 103:03 28977974                  /usr/lib/x86_64-linux-gnu/libmount.so.1.1.0
7ac185825000-7ac185827000 r--p 00049000 103:03 28977974                  /usr/lib/x86_64-linux-gnu/libmount.so.1.1.0
7ac185827000-7ac185828000 rw-p 0004b000 103:03 28977974                  /usr/lib/x86_64-linux-gnu/libmount.so.1.1.0
7ac18582a000-7ac18582c000 r--p 00000000 103:03 1318251                   /usr/lib/x86_64-linux-gnu/vlc/plugins/stream_extractor/libarchive_plugin.so
7ac18582c000-7ac18582e000 r-xp 00002000 103:03 1318251                   /usr/lib/x86_64-linux-gnu/vlc/plugins/stream_extractor/libarchive_plugin.so
7ac18582e000-7ac18582f000 r--p 00004000 103:03 1318251                   /usr/lib/x86_64-linux-gnu/vlc/plugins/stream_extractor/libarchive_plugin.so
7ac18582f000-7ac185830000 r--p 00004000 103:03 1318251                   /usr/lib/x86_64-linux-gnu/vlc/plugins/stream_extractor/libarchive_plugin.so
7ac185830000-7ac185831000 rw-p 00005000 103:03 1318251                   /usr/lib/x86_64-linux-gnu/vlc/plugins/stream_extractor/libarchive_plugin.so
7ac185831000-7ac185833000 r--p 00000000 103:03 1318256                   /usr/lib/x86_64-linux-gnu/vlc/plugins/stream_filter/libdecomp_plugin.so
7ac185833000-7ac185835000 r-xp 00002000 103:03 1318256                   /usr/lib/x86_64-linux-gnu/vlc/plugins/stream_filter/libdecomp_plugin.so
7ac185835000-7ac185836000 r--p 00004000 103:03 1318256                   /usr/lib/x86_64-linux-gnu/vlc/plugins/stream_filter/libdecomp_plugin.so
7ac185836000-7ac185837000 r--p 00004000 103:03 1318256                   /usr/lib/x86_64-linux-gnu/vlc/plugins/stream_filter/libdecomp_plugin.so
7ac185837000-7ac185838000 rw-p 00005000 103:03 1318256                   /usr/lib/x86_64-linux-gnu/vlc/plugins/stream_filter/libdecomp_plugin.so
7ac185838000-7ac185839000 r--p 00000000 103:03 1318261                   /usr/lib/x86_64-linux-gnu/vlc/plugins/stream_filter/libskiptags_plugin.so
7ac185839000-7ac18583a000 r-xp 00001000 103:03 1318261                   /usr/lib/x86_64-linux-gnu/vlc/plugins/stream_filter/libskiptags_plugin.so
7ac18583a000-7ac18583b000 r--p 00002000 103:03 1318261                   /usr/lib/x86_64-linux-gnu/vlc/plugins/stream_filter/libskiptags_plugin.so
7ac18583b000-7ac18583c000 r--p 00002000 103:03 1318261                   /usr/lib/x86_64-linux-gnu/vlc/plugins/stream_filter/libskiptags_plugin.so
7ac18583c000-7ac18583d000 rw-p 00003000 103:03 1318261                   /usr/lib/x86_64-linux-gnu/vlc/plugins/stream_filter/libskiptags_plugin.so
7ac18583d000-7ac18583e000 r--p 00000000 103:03 1318253                   /usr/lib/x86_64-linux-gnu/vlc/plugins/stream_filter/libadf_plugin.so
7ac18583e000-7ac18583f000 r-xp 00001000 103:03 1318253                   /usr/lib/x86_64-linux-gnu/vlc/plugins/stream_filter/libadf_plugin.so
7ac18583f000-7ac185840000 r--p 00002000 103:03 1318253                   /usr/lib/x86_64-linux-gnu/vlc/plugins/stream_filter/libadf_plugin.so
7ac185840000-7ac185841000 r--p 00002000 103:03 1318253                   /usr/lib/x86_64-linux-gnu/vlc/plugins/stream_filter/libadf_plugin.so
7ac185841000-7ac185842000 rw-p 00003000 103:03 1318253                   /usr/lib/x86_64-linux-gnu/vlc/plugins/stream_filter/libadf_plugin.so
7ac185842000-7ac185844000 r--p 00000000 103:03 1318257                   /usr/lib/x86_64-linux-gnu/vlc/plugins/stream_filter/libhds_plugin.so
7ac185844000-7ac185849000 r-xp 00002000 103:03 1318257                   /usr/lib/x86_64-linux-gnu/vlc/plugins/stream_filter/libhds_plugin.so
7ac185849000-7ac18584b000 r--p 00007000 103:03 1318257                   /usr/lib/x86_64-linux-gnu/vlc/plugins/stream_filter/libhds_plugin.so
7ac18584b000-7ac18584c000 r--p 00008000 103:03 1318257                   /usr/lib/x86_64-linux-gnu/vlc/plugins/stream_filter/libhds_plugin.so
7ac18584c000-7ac18584d000 rw-p 00009000 103:03 1318257                   /usr/lib/x86_64-linux-gnu/vlc/plugins/stream_filter/libhds_plugin.so
7ac18584d000-7ac1858cd000 rw-s 00000000 00:07 968                        /dev/nvidiactl
7ac1858cd000-7ac18594d000 rw-s 00000000 00:07 968                        /dev/nvidiactl
7ac18594d000-7ac18598d000 rw-s 00000000 00:07 968                        /dev/nvidiactl
7ac18598d000-7ac1859ad000 rw-s 00000000 00:07 968                        /dev/nvidiactl
7ac1859ad000-7ac1859ed000 rw-s 00000000 00:07 968                        /dev/nvidiactl
7ac1859ed000-7ac185a0d000 rw-s 00000000 00:07 968                        /dev/nvidiactl
7ac185a0d000-7ac185a8d000 rw-s 00000000 00:07 972                        /dev/nvidia0
7ac185a8d000-7ac185acd000 rw-s 00000000 00:07 968                        /dev/nvidiactl
7ac185acd000-7ac185b06000 r--p 00000000 103:03 28977496                  /usr/lib/x86_64-linux-gnu/libgio-2.0.so.0.8000.0
7ac185b06000-7ac185c1d000 r-xp 00039000 103:03 28977496                  /usr/lib/x86_64-linux-gnu/libgio-2.0.so.0.8000.0
7ac185c1d000-7ac185c92000 r--p 00150000 103:03 28977496                  /usr/lib/x86_64-linux-gnu/libgio-2.0.so.0.8000.0
7ac185c92000-7ac185c9a000 r--p 001c4000 103:03 28977496                  /usr/lib/x86_64-linux-gnu/libgio-2.0.so.0.8000.0
7ac185c9a000-7ac185c9b000 rw-p 001cc000 103:03 28977496                  /usr/lib/x86_64-linux-gnu/libgio-2.0.so.0.8000.0
7ac185c9b000-7ac185c9d000 rw-p 00000000 00:00 0 
7ac185c9f000-7ac185ca0000 r--p 00000000 103:03 1318258                   /usr/lib/x86_64-linux-gnu/vlc/plugins/stream_filter/libinflate_plugin.so
7ac185ca0000-7ac185ca1000 r-xp 00001000 103:03 1318258                   /usr/lib/x86_64-linux-gnu/vlc/plugins/stream_filter/libinflate_plugin.so
7ac185ca1000-7ac185ca2000 r--p 00002000 103:03 1318258                   /usr/lib/x86_64-linux-gnu/vlc/plugins/stream_filter/libinflate_plugin.so
7ac185ca2000-7ac185ca3000 r--p 00002000 103:03 1318258                   /usr/lib/x86_64-linux-gnu/vlc/plugins/stream_filter/libinflate_plugin.so
7ac185ca3000-7ac185ca4000 rw-p 00003000 103:03 1318258                   /usr/lib/x86_64-linux-gnu/vlc/plugins/stream_filter/libinflate_plugin.so
7ac185ca4000-7ac185ca5000 r--p 00000000 103:03 1318259                   /usr/lib/x86_64-linux-gnu/vlc/plugins/stream_filter/libprefetch_plugin.so
7ac185ca5000-7ac185ca7000 r-xp 00001000 103:03 1318259                   /usr/lib/x86_64-linux-gnu/vlc/plugins/stream_filter/libprefetch_plugin.so
7ac185ca7000-7ac185ca8000 r--p 00003000 103:03 1318259                   /usr/lib/x86_64-linux-gnu/vlc/plugins/stream_filter/libprefetch_plugin.so
7ac185ca8000-7ac185ca9000 r--p 00003000 103:03 1318259                   /usr/lib/x86_64-linux-gnu/vlc/plugins/stream_filter/libprefetch_plugin.so
7ac185ca9000-7ac185caa000 rw-p 00004000 103:03 1318259                   /usr/lib/x86_64-linux-gnu/vlc/plugins/stream_filter/libprefetch_plugin.so
7ac185caa000-7ac185cad000 r--p 00000000 103:03 29520387                  /usr/share/locale-langpack/es/LC_MESSAGES/gnutls30.mo
7ac185caf000-7ac185cb3000 rw-s 00000000 00:07 968                        /dev/nvidiactl
7ac185cb5000-7ac185cb7000 r--p 00000000 103:03 1318199                   /usr/lib/x86_64-linux-gnu/vlc/plugins/misc/libgnutls_plugin.so
7ac185cb7000-7ac185cba000 r-xp 00002000 103:03 1318199                   /usr/lib/x86_64-linux-gnu/vlc/plugins/misc/libgnutls_plugin.so
7ac185cba000-7ac185cbc000 r--p 00005000 103:03 1318199                   /usr/lib/x86_64-linux-gnu/vlc/plugins/misc/libgnutls_plugin.so
7ac185cbc000-7ac185cbd000 r--p 00006000 103:03 1318199                   /usr/lib/x86_64-linux-gnu/vlc/plugins/misc/libgnutls_plugin.so
7ac185cbd000-7ac185cbe000 rw-p 00007000 103:03 1318199                   /usr/lib/x86_64-linux-gnu/vlc/plugins/misc/libgnutls_plugin.so
7ac185cbe000-7ac185cc0000 r--p 00000000 103:03 1318000                   /usr/lib/x86_64-linux-gnu/vlc/plugins/access/libhttps_plugin.so
7ac185cc0000-7ac185ccd000 r-xp 00002000 103:03 1318000                   /usr/lib/x86_64-linux-gnu/vlc/plugins/access/libhttps_plugin.so
7ac185ccd000-7ac185cd1000 r--p 0000f000 103:03 1318000                   /usr/lib/x86_64-linux-gnu/vlc/plugins/access/libhttps_plugin.so
7ac185cd1000-7ac185cd2000 r--p 00012000 103:03 1318000                   /usr/lib/x86_64-linux-gnu/vlc/plugins/access/libhttps_plugin.so
7ac185cd2000-7ac185cd3000 rw-p 00013000 103:03 1318000                   /usr/lib/x86_64-linux-gnu/vlc/plugins/access/libhttps_plugin.so
7ac185cd3000-7ac185d9d000 rw-p 00000000 00:00 0 
7ac185d9d000-7ac185dac000 r--p 00000000 103:03 28977538                  /usr/lib/x86_64-linux-gnu/libgobject-2.0.so.0.8000.0
7ac185dac000-7ac185de3000 r-xp 0000f000 103:03 28977538                  /usr/lib/x86_64-linux-gnu/libgobject-2.0.so.0.8000.0
7ac185de3000-7ac185dfc000 r--p 00046000 103:03 28977538                  /usr/lib/x86_64-linux-gnu/libgobject-2.0.so.0.8000.0
7ac185dfc000-7ac185dff000 r--p 0005e000 103:03 28977538                  /usr/lib/x86_64-linux-gnu/libgobject-2.0.so.0.8000.0
7ac185dff000-7ac185e00000 rw-p 00061000 103:03 28977538                  /usr/lib/x86_64-linux-gnu/libgobject-2.0.so.0.8000.0
7ac185e01000-7ac185e14000 rw-s 00000000 00:07 968                        /dev/nvidiactl
7ac185fa5000-7ac185fa9000 r--p 00000000 103:03 28978106                  /usr/lib/x86_64-linux-gnu/libnvidia-allocator.so.595.84
7ac185fa9000-7ac185fc2000 r-xp 00004000 103:03 28978106                  /usr/lib/x86_64-linux-gnu/libnvidia-allocator.so.595.84
7ac185fc2000-7ac185fcd000 r--p 0001d000 103:03 28978106                  /usr/lib/x86_64-linux-gnu/libnvidia-allocator.so.595.84
7ac185fcd000-7ac185fce000 r--p 00027000 103:03 28978106                  /usr/lib/x86_64-linux-gnu/libnvidia-allocator.so.595.84
7ac185fce000-7ac185fcf000 rw-p 00028000 103:03 28978106                  /usr/lib/x86_64-linux-gnu/libnvidia-allocator.so.595.84
7ac185fcf000-7ac185fd1000 rw-p 00000000 00:00 0 
7ac185fd1000-7ac185fdf000 r--p 00000000 103:03 28978531                  /usr/lib/x86_64-linux-gnu/libtinfo.so.6.4
7ac185fdf000-7ac185ff2000 r-xp 0000e000 103:03 28978531                  /usr/lib/x86_64-linux-gnu/libtinfo.so.6.4
7ac185ff2000-7ac186000000 r--p 00021000 103:03 28978531                  /usr/lib/x86_64-linux-gnu/libtinfo.so.6.4
7ac186000000-7ac186004000 r--p 0002e000 103:03 28978531                  /usr/lib/x86_64-linux-gnu/libtinfo.so.6.4
7ac186004000-7ac186005000 rw-p 00032000 103:03 28978531                  /usr/lib/x86_64-linux-gnu/libtinfo.so.6.4
7ac186005000-7ac186007000 r--p 00000000 103:03 28978234                  /usr/lib/x86_64-linux-gnu/libpciaccess.so.0.11.1
7ac186007000-7ac18600c000 r-xp 00002000 103:03 28978234                  /usr/lib/x86_64-linux-gnu/libpciaccess.so.0.11.1
7ac18600c000-7ac18600e000 r--p 00007000 103:03 28978234                  /usr/lib/x86_64-linux-gnu/libpciaccess.so.0.11.1
7ac18600e000-7ac18600f000 r--p 00008000 103:03 28978234                  /usr/lib/x86_64-linux-gnu/libpciaccess.so.0.11.1
7ac18600f000-7ac186010000 rw-p 00009000 103:03 28978234                  /usr/lib/x86_64-linux-gnu/libpciaccess.so.0.11.1
7ac186010000-7ac18603f000 r--p 00000000 103:03 28978761                  /usr/lib/x86_64-linux-gnu/libxml2.so.2.9.14
7ac18603f000-7ac1861a5000 r-xp 0002f000 103:03 28978761                  /usr/lib/x86_64-linux-gnu/libxml2.so.2.9.14
7ac1861a5000-7ac1861e7000 r--p 00195000 103:03 28978761                  /usr/lib/x86_64-linux-gnu/libxml2.so.2.9.14
7ac1861e7000-7ac1861f0000 r--p 001d6000 103:03 28978761                  /usr/lib/x86_64-linux-gnu/libxml2.so.2.9.14
7ac1861f0000-7ac1861f1000 rw-p 001df000 103:03 28978761                  /usr/lib/x86_64-linux-gnu/libxml2.so.2.9.14
7ac1861f1000-7ac1861f2000 rw-p 00000000 00:00 0 
7ac1861f2000-7ac1861fa000 r--p 00000000 103:03 28977308                  /usr/lib/x86_64-linux-gnu/libedit.so.2.0.72
7ac1861fa000-7ac186219000 r-xp 00008000 103:03 28977308                  /usr/lib/x86_64-linux-gnu/libedit.so.2.0.72
7ac186219000-7ac186225000 r--p 00027000 103:03 28977308                  /usr/lib/x86_64-linux-gnu/libedit.so.2.0.72
7ac186225000-7ac186227000 r--p 00033000 103:03 28977308                  /usr/lib/x86_64-linux-gnu/libedit.so.2.0.72
7ac186227000-7ac186228000 rw-p 00035000 103:03 28977308                  /usr/lib/x86_64-linux-gnu/libedit.so.2.0.72
7ac186228000-7ac18622c000 rw-p 00000000 00:00 0 
7ac18622c000-7ac18622f000 r--p 00000000 103:03 28972325                  /usr/lib/x86_64-linux-gnu/libdrm_intel.so.1.134.0
7ac18622f000-7ac186245000 r-xp 00003000 103:03 28972325                  /usr/lib/x86_64-linux-gnu/libdrm_intel.so.1.134.0
7ac186245000-7ac18624e000 r--p 00019000 103:03 28972325                  /usr/lib/x86_64-linux-gnu/libdrm_intel.so.1.134.0
7ac18624e000-7ac18624f000 r--p 00021000 103:03 28972325                  /usr/lib/x86_64-linux-gnu/libdrm_intel.so.1.134.0
7ac18624f000-7ac186250000 rw-p 00022000 103:03 28972325                  /usr/lib/x86_64-linux-gnu/libdrm_intel.so.1.134.0
7ac186250000-7ac186253000 r--p 00000000 103:03 28972331                  /usr/lib/x86_64-linux-gnu/libdrm_amdgpu.so.1.134.0
7ac186253000-7ac186259000 r-xp 00003000 103:03 28972331                  /usr/lib/x86_64-linux-gnu/libdrm_amdgpu.so.1.134.0
7ac186259000-7ac18625b000 r--p 00009000 103:03 28972331                  /usr/lib/x86_64-linux-gnu/libdrm_amdgpu.so.1.134.0
7ac18625b000-7ac18625c000 r--p 0000a000 103:03 28972331                  /usr/lib/x86_64-linux-gnu/libdrm_amdgpu.so.1.134.0
7ac18625c000-7ac18625d000 rw-p 0000b000 103:03 28972331                  /usr/lib/x86_64-linux-gnu/libdrm_amdgpu.so.1.134.0
7ac18625d000-7ac186260000 r--p 00000000 103:03 28977317                  /usr/lib/x86_64-linux-gnu/libelf-0.190.so
7ac186260000-7ac186276000 r-xp 00003000 103:03 28977317                  /usr/lib/x86_64-linux-gnu/libelf-0.190.so
7ac186276000-7ac18627a000 r--p 00019000 103:03 28977317                  /usr/lib/x86_64-linux-gnu/libelf-0.190.so
7ac18627a000-7ac18627b000 r--p 0001c000 103:03 28977317                  /usr/lib/x86_64-linux-gnu/libelf-0.190.so
7ac18627b000-7ac18627c000 rw-p 0001d000 103:03 28977317                  /usr/lib/x86_64-linux-gnu/libelf-0.190.so
7ac18627c000-7ac18627d000 r--p 00000000 103:03 28978769                  /usr/lib/x86_64-linux-gnu/libxshmfence.so.1.0.0
7ac18627d000-7ac18627e000 r-xp 00001000 103:03 28978769                  /usr/lib/x86_64-linux-gnu/libxshmfence.so.1.0.0
7ac18627e000-7ac18627f000 r--p 00002000 103:03 28978769                  /usr/lib/x86_64-linux-gnu/libxshmfence.so.1.0.0
7ac18627f000-7ac186280000 r--p 00002000 103:03 28978769                  /usr/lib/x86_64-linux-gnu/libxshmfence.so.1.0.0
7ac186280000-7ac186281000 rw-p 00003000 103:03 28978769                  /usr/lib/x86_64-linux-gnu/libxshmfence.so.1.0.0
7ac186281000-7ac186284000 r--p 00000000 103:03 28978731                  /usr/lib/x86_64-linux-gnu/libxcb-sync.so.1.0.0
7ac186284000-7ac186287000 r-xp 00003000 103:03 28978731                  /usr/lib/x86_64-linux-gnu/libxcb-sync.so.1.0.0
7ac186287000-7ac186288000 r--p 00006000 103:03 28978731                  /usr/lib/x86_64-linux-gnu/libxcb-sync.so.1.0.0
7ac186288000-7ac186289000 r--p 00007000 103:03 28978731                  /usr/lib/x86_64-linux-gnu/libxcb-sync.so.1.0.0
7ac186289000-7ac18628a000 rw-p 00008000 103:03 28978731                  /usr/lib/x86_64-linux-gnu/libxcb-sync.so.1.0.0
7ac18628a000-7ac18628c000 r--p 00000000 103:03 28978411                  /usr/lib/x86_64-linux-gnu/libsensors.so.5.0.0
7ac18628c000-7ac186293000 r-xp 00002000 103:03 28978411                  /usr/lib/x86_64-linux-gnu/libsensors.so.5.0.0
7ac186293000-7ac186297000 r--p 00009000 103:03 28978411                  /usr/lib/x86_64-linux-gnu/libsensors.so.5.0.0
7ac186297000-7ac186298000 r--p 0000d000 103:03 28978411                  /usr/lib/x86_64-linux-gnu/libsensors.so.5.0.0
7ac186298000-7ac186299000 rw-p 0000e000 103:03 28978411                  /usr/lib/x86_64-linux-gnu/libsensors.so.5.0.0
7ac186299000-7ac18629a000 r--p 00000000 103:03 28978729                  /usr/lib/x86_64-linux-gnu/libxcb-shm.so.0.0.0
7ac18629a000-7ac18629b000 r-xp 00001000 103:03 28978729                  /usr/lib/x86_64-linux-gnu/libxcb-shm.so.0.0.0
7ac18629b000-7ac18629c000 r--p 00002000 103:03 28978729                  /usr/lib/x86_64-linux-gnu/libxcb-shm.so.0.0.0
7ac18629c000-7ac18629d000 r--p 00002000 103:03 28978729                  /usr/lib/x86_64-linux-gnu/libxcb-shm.so.0.0.0
7ac18629d000-7ac18629e000 rw-p 00003000 103:03 28978729                  /usr/lib/x86_64-linux-gnu/libxcb-shm.so.0.0.0
7ac18629e000-7ac1862a1000 r--p 00000000 103:03 28978735                  /usr/lib/x86_64-linux-gnu/libxcb-xfixes.so.0.0.0
7ac1862a1000-7ac1862a4000 r-xp 00003000 103:03 28978735                  /usr/lib/x86_64-linux-gnu/libxcb-xfixes.so.0.0.0
7ac1862a4000-7ac1862a6000 r--p 00006000 103:03 28978735                  /usr/lib/x86_64-linux-gnu/libxcb-xfixes.so.0.0.0
7ac1862a6000-7ac1862a7000 r--p 00007000 103:03 28978735                  /usr/lib/x86_64-linux-gnu/libxcb-xfixes.so.0.0.0
7ac1862a7000-7ac1862a8000 rw-p 00008000 103:03 28978735                  /usr/lib/x86_64-linux-gnu/libxcb-xfixes.so.0.0.0
7ac1862a8000-7ac1862af000 r--p 00000000 103:03 28978721                  /usr/lib/x86_64-linux-gnu/libxcb-randr.so.0.1.0
7ac1862af000-7ac1862b4000 r-xp 00007000 103:03 28978721                  /usr/lib/x86_64-linux-gnu/libxcb-randr.so.0.1.0
7ac1862b4000-7ac1862b7000 r--p 0000c000 103:03 28978721                  /usr/lib/x86_64-linux-gnu/libxcb-randr.so.0.1.0
7ac1862b7000-7ac1862b8000 r--p 0000f000 103:03 28978721                  /usr/lib/x86_64-linux-gnu/libxcb-randr.so.0.1.0
7ac1862b8000-7ac1862b9000 rw-p 00010000 103:03 28978721                  /usr/lib/x86_64-linux-gnu/libxcb-randr.so.0.1.0
7ac1862b9000-7ac1862c9000 r--p 00000000 103:03 28972390                  /usr/lib/x86_64-linux-gnu/libEGL_mesa.so.0.0.0
7ac1862c9000-7ac186304000 r-xp 00010000 103:03 28972390                  /usr/lib/x86_64-linux-gnu/libEGL_mesa.so.0.0.0
7ac186304000-7ac186316000 r--p 0004b000 103:03 28972390                  /usr/lib/x86_64-linux-gnu/libEGL_mesa.so.0.0.0
7ac186316000-7ac186322000 r--p 0005d000 103:03 28972390                  /usr/lib/x86_64-linux-gnu/libEGL_mesa.so.0.0.0
7ac186322000-7ac186323000 rw-p 00069000 103:03 28972390                  /usr/lib/x86_64-linux-gnu/libEGL_mesa.so.0.0.0
7ac186323000-7ac186324000 rw-p 00000000 00:00 0 
7ac186338000-7ac186339000 r--p 00000000 103:03 28978719                  /usr/lib/x86_64-linux-gnu/libxcb-present.so.0.0.0
7ac186339000-7ac18633a000 r-xp 00001000 103:03 28978719                  /usr/lib/x86_64-linux-gnu/libxcb-present.so.0.0.0
7ac18633a000-7ac18633b000 r--p 00002000 103:03 28978719                  /usr/lib/x86_64-linux-gnu/libxcb-present.so.0.0.0
7ac18633b000-7ac18633c000 r--p 00002000 103:03 28978719                  /usr/lib/x86_64-linux-gnu/libxcb-present.so.0.0.0
7ac18633c000-7ac18633d000 rw-p 00003000 103:03 28978719                  /usr/lib/x86_64-linux-gnu/libxcb-present.so.0.0.0
7ac186368000-7ac186378000 r--p 00000000 103:03 28978129                  /usr/lib/x86_64-linux-gnu/libnvidia-glsi.so.595.84
7ac186378000-7ac1863d8000 r-xp 00010000 103:03 28978129                  /usr/lib/x86_64-linux-gnu/libnvidia-glsi.so.595.84
7ac1863d8000-7ac1863f5000 r--p 00070000 103:03 28978129                  /usr/lib/x86_64-linux-gnu/libnvidia-glsi.so.595.84
7ac1863f5000-7ac1863fb000 r--p 0008c000 103:03 28978129                  /usr/lib/x86_64-linux-gnu/libnvidia-glsi.so.595.84
7ac1863fb000-7ac1863fc000 rw-p 00092000 103:03 28978129                  /usr/lib/x86_64-linux-gnu/libnvidia-glsi.so.595.84
7ac1863fc000-7ac186404000 rw-p 00000000 00:00 0 
7ac186404000-7ac186438000 r--p 00000000 103:03 28976626                  /usr/lib/x86_64-linux-gnu/libEGL_nvidia.so.595.84
7ac186438000-7ac1864ce000 r-xp 00034000 103:03 28976626                  /usr/lib/x86_64-linux-gnu/libEGL_nvidia.so.595.84
7ac1864ce000-7ac186521000 r--p 000ca000 103:03 28976626                  /usr/lib/x86_64-linux-gnu/libEGL_nvidia.so.595.84
7ac186521000-7ac186522000 ---p 0011d000 103:03 28976626                  /usr/lib/x86_64-linux-gnu/libEGL_nvidia.so.595.84
7ac186522000-7ac18652a000 r--p 0011d000 103:03 28976626                  /usr/lib/x86_64-linux-gnu/libEGL_nvidia.so.595.84
7ac18652a000-7ac186540000 rw-p 00125000 103:03 28976626                  /usr/lib/x86_64-linux-gnu/libEGL_nvidia.so.595.84
7ac186540000-7ac186545000 rw-p 00000000 00:00 0 
7ac186545000-7ac186586000 r--p 00000000 103:03 28976645                  /usr/lib/x86_64-linux-gnu/libGLdispatch.so.0.0.0
7ac186586000-7ac1865c5000 r-xp 00041000 103:03 28976645                  /usr/lib/x86_64-linux-gnu/libGLdispatch.so.0.0.0
7ac1865c5000-7ac1865d8000 r--p 00080000 103:03 28976645                  /usr/lib/x86_64-linux-gnu/libGLdispatch.so.0.0.0
7ac1865d8000-7ac1865f4000 r--p 00093000 103:03 28976645                  /usr/lib/x86_64-linux-gnu/libGLdispatch.so.0.0.0
7ac1865f4000-7ac1865f5000 rw-p 000af000 103:03 28976645                  /usr/lib/x86_64-linux-gnu/libGLdispatch.so.0.0.0
7ac1865f5000-7ac1865fd000 rw-p 00000000 00:00 0 
7ac1865fd000-7ac1865ff000 r--p 00000000 103:03 28977516                  /usr/lib/x86_64-linux-gnu/libgmodule-2.0.so.0.8000.0
7ac1865ff000-7ac186601000 r-xp 00002000 103:03 28977516                  /usr/lib/x86_64-linux-gnu/libgmodule-2.0.so.0.8000.0
7ac186601000-7ac186602000 r--p 00004000 103:03 28977516                  /usr/lib/x86_64-linux-gnu/libgmodule-2.0.so.0.8000.0
7ac186602000-7ac186603000 r--p 00004000 103:03 28977516                  /usr/lib/x86_64-linux-gnu/libgmodule-2.0.so.0.8000.0
7ac186603000-7ac186604000 rw-p 00005000 103:03 28977516                  /usr/lib/x86_64-linux-gnu/libgmodule-2.0.so.0.8000.0
7ac186604000-7ac186608000 rw-s 00000000 00:07 968                        /dev/nvidiactl
7ac186608000-7ac18660a000 r--p 00000000 103:03 28978709                  /usr/lib/x86_64-linux-gnu/libxcb-dri3.so.0.1.0
7ac18660a000-7ac18660c000 r-xp 00002000 103:03 28978709                  /usr/lib/x86_64-linux-gnu/libxcb-dri3.so.0.1.0
7ac18660c000-7ac18660d000 r--p 00004000 103:03 28978709                  /usr/lib/x86_64-linux-gnu/libxcb-dri3.so.0.1.0
7ac18660d000-7ac18660e000 r--p 00004000 103:03 28978709                  /usr/lib/x86_64-linux-gnu/libxcb-dri3.so.0.1.0
7ac18660e000-7ac18660f000 rw-p 00005000 103:03 28978709                  /usr/lib/x86_64-linux-gnu/libxcb-dri3.so.0.1.0
7ac18662b000-7ac18662f000 r--p 00000000 103:03 28977344                  /usr/lib/x86_64-linux-gnu/libexpat.so.1.9.1
7ac18662f000-7ac18664c000 r-xp 00004000 103:03 28977344                  /usr/lib/x86_64-linux-gnu/libexpat.so.1.9.1
7ac18664c000-7ac186654000 r--p 00021000 103:03 28977344                  /usr/lib/x86_64-linux-gnu/libexpat.so.1.9.1
7ac186654000-7ac186656000 r--p 00028000 103:03 28977344                  /usr/lib/x86_64-linux-gnu/libexpat.so.1.9.1
7ac186656000-7ac186657000 rw-p 0002a000 103:03 28977344                  /usr/lib/x86_64-linux-gnu/libexpat.so.1.9.1
7ac186657000-7ac18665c000 r--p 00000000 103:03 28972323                  /usr/lib/x86_64-linux-gnu/libdrm.so.2.134.0
7ac18665c000-7ac186668000 r-xp 00005000 103:03 28972323                  /usr/lib/x86_64-linux-gnu/libdrm.so.2.134.0
7ac186668000-7ac18666c000 r--p 00011000 103:03 28972323                  /usr/lib/x86_64-linux-gnu/libdrm.so.2.134.0
7ac18666c000-7ac18666d000 r--p 00015000 103:03 28972323                  /usr/lib/x86_64-linux-gnu/libdrm.so.2.134.0
7ac18666d000-7ac18666e000 rw-p 00016000 103:03 28972323                  /usr/lib/x86_64-linux-gnu/libdrm.so.2.134.0
7ac18666e000-7ac186670000 r--p 00000000 103:03 28972411                  /usr/lib/x86_64-linux-gnu/libgbm.so.1.0.0
7ac186670000-7ac186672000 r-xp 00002000 103:03 28972411                  /usr/lib/x86_64-linux-gnu/libgbm.so.1.0.0
7ac186672000-7ac186673000 r--p 00004000 103:03 28972411                  /usr/lib/x86_64-linux-gnu/libgbm.so.1.0.0
7ac186673000-7ac186674000 r--p 00004000 103:03 28972411                  /usr/lib/x86_64-linux-gnu/libgbm.so.1.0.0
7ac186674000-7ac186675000 rw-p 00005000 103:03 28972411                  /usr/lib/x86_64-linux-gnu/libgbm.so.1.0.0
7ac18668b000-7ac18668e000 r--p 00000000 103:03 28976622                  /usr/lib/x86_64-linux-gnu/libEGL.so.1.1.0
7ac18668e000-7ac186698000 r-xp 00003000 103:03 28976622                  /usr/lib/x86_64-linux-gnu/libEGL.so.1.1.0
7ac186698000-7ac18669b000 r--p 0000d000 103:03 28976622                  /usr/lib/x86_64-linux-gnu/libEGL.so.1.1.0
7ac18669b000-7ac18669c000 r--p 00010000 103:03 28976622                  /usr/lib/x86_64-linux-gnu/libEGL.so.1.1.0
7ac18669c000-7ac18669d000 rw-p 00011000 103:03 28976622                  /usr/lib/x86_64-linux-gnu/libEGL.so.1.1.0
7ac1868cf000-7ac1868d1000 r--p 00000000 103:03 28977375                  /usr/lib/x86_64-linux-gnu/libffi.so.8.1.4
7ac1868d1000-7ac1868d8000 r-xp 00002000 103:03 28977375                  /usr/lib/x86_64-linux-gnu/libffi.so.8.1.4
7ac1868d8000-7ac1868d9000 r--p 00009000 103:03 28977375                  /usr/lib/x86_64-linux-gnu/libffi.so.8.1.4
7ac1868d9000-7ac1868da000 r--p 0000a000 103:03 28977375                  /usr/lib/x86_64-linux-gnu/libffi.so.8.1.4
7ac1868da000-7ac1868db000 rw-p 0000b000 103:03 28977375                  /usr/lib/x86_64-linux-gnu/libffi.so.8.1.4
7ac1868db000-7ac1868e1000 r--p 00000000 103:03 28978666                  /usr/lib/x86_64-linux-gnu/libwayland-client.so.0.23.1
7ac1868e1000-7ac1868e7000 r-xp 00006000 103:03 28978666                  /usr/lib/x86_64-linux-gnu/libwayland-client.so.0.23.1
7ac1868e7000-7ac1868ea000 r--p 0000c000 103:03 28978666                  /usr/lib/x86_64-linux-gnu/libwayland-client.so.0.23.1
7ac1868ea000-7ac1868ec000 r--p 0000e000 103:03 28978666                  /usr/lib/x86_64-linux-gnu/libwayland-client.so.0.23.1
7ac1868ec000-7ac1868ed000 rw-p 00010000 103:03 28978666                  /usr/lib/x86_64-linux-gnu/libwayland-client.so.0.23.1
7ac1868ed000-7ac1868ee000 r--p 00000000 103:03 28979034                  /usr/lib/x86_64-linux-gnu/librt.so.1
7ac1868ee000-7ac1868ef000 r-xp 00001000 103:03 28979034                  /usr/lib/x86_64-linux-gnu/librt.so.1
7ac1868ef000-7ac1868f0000 r--p 00002000 103:03 28979034                  /usr/lib/x86_64-linux-gnu/librt.so.1
7ac1868f0000-7ac1868f1000 r--p 00002000 103:03 28979034                  /usr/lib/x86_64-linux-gnu/librt.so.1
7ac1868f1000-7ac1868f2000 rw-p 00003000 103:03 28979034                  /usr/lib/x86_64-linux-gnu/librt.so.1
7ac1868f2000-7ac186902000 r--p 00000000 103:03 786474                    /tmp/lwjgl_paullexd/3.3.6+1/x64/libglfw.so
7ac186902000-7ac186923000 r-xp 00010000 103:03 786474                    /tmp/lwjgl_paullexd/3.3.6+1/x64/libglfw.so
7ac186923000-7ac18695f000 r--p 00031000 103:03 786474                    /tmp/lwjgl_paullexd/3.3.6+1/x64/libglfw.so
7ac18695f000-7ac186963000 r--p 0006c000 103:03 786474                    /tmp/lwjgl_paullexd/3.3.6+1/x64/libglfw.so
7ac186963000-7ac186966000 rw-p 00070000 103:03 786474                    /tmp/lwjgl_paullexd/3.3.6+1/x64/libglfw.so
7ac186966000-7ac186989000 rw-p 00000000 00:00 0 
7ac186989000-7ac18698d000 ---p 00000000 00:00 0 
7ac18698d000-7ac186a89000 rw-p 00000000 00:00 0 
7ac186a89000-7ac1870b9000 rw-p 00000000 00:00 0 
7ac1870b9000-7ac1870ba000 r--p 00000000 103:03 28979032                  /usr/lib/x86_64-linux-gnu/libpthread.so.0
7ac1870ba000-7ac1870bb000 r-xp 00001000 103:03 28979032                  /usr/lib/x86_64-linux-gnu/libpthread.so.0
7ac1870bb000-7ac1870bc000 r--p 00002000 103:03 28979032                  /usr/lib/x86_64-linux-gnu/libpthread.so.0
7ac1870bc000-7ac1870bd000 r--p 00002000 103:03 28979032                  /usr/lib/x86_64-linux-gnu/libpthread.so.0
7ac1870bd000-7ac1870be000 rw-p 00003000 103:03 28979032                  /usr/lib/x86_64-linux-gnu/libpthread.so.0
7ac1870be000-7ac1870bf000 r--p 00000000 103:03 28979022                  /usr/lib/x86_64-linux-gnu/libdl.so.2
7ac1870bf000-7ac1870c0000 r-xp 00001000 103:03 28979022                  /usr/lib/x86_64-linux-gnu/libdl.so.2
7ac1870c0000-7ac1870c1000 r--p 00002000 103:03 28979022                  /usr/lib/x86_64-linux-gnu/libdl.so.2
7ac1870c1000-7ac1870c2000 r--p 00002000 103:03 28979022                  /usr/lib/x86_64-linux-gnu/libdl.so.2
7ac1870c2000-7ac1870c3000 rw-p 00003000 103:03 28979022                  /usr/lib/x86_64-linux-gnu/libdl.so.2
7ac1870c3000-7ac1870ef000 r--p 00000000 103:03 786473                    /tmp/lwjgl_paullexd/3.3.6+1/x64/liblwjgl.so
7ac1870ef000-7ac187123000 r-xp 0002c000 103:03 786473                    /tmp/lwjgl_paullexd/3.3.6+1/x64/liblwjgl.so
7ac187123000-7ac18713d000 r--p 00060000 103:03 786473                    /tmp/lwjgl_paullexd/3.3.6+1/x64/liblwjgl.so
7ac18713d000-7ac18713e000 r--p 00079000 103:03 786473                    /tmp/lwjgl_paullexd/3.3.6+1/x64/liblwjgl.so
7ac18713e000-7ac18713f000 rw-p 0007a000 103:03 786473                    /tmp/lwjgl_paullexd/3.3.6+1/x64/liblwjgl.so
7ac18713f000-7ac187140000 r--p 00000000 103:03 28977095                  /usr/lib/x86_64-linux-gnu/libbrotlicommon.so.1.1.0
7ac187140000-7ac187141000 r-xp 00001000 103:03 28977095                  /usr/lib/x86_64-linux-gnu/libbrotlicommon.so.1.1.0
7ac187141000-7ac187160000 r--p 00002000 103:03 28977095                  /usr/lib/x86_64-linux-gnu/libbrotlicommon.so.1.1.0
7ac187160000-7ac187161000 r--p 00021000 103:03 28977095                  /usr/lib/x86_64-linux-gnu/libbrotlicommon.so.1.1.0
7ac187161000-7ac187162000 rw-p 00022000 103:03 28977095                  /usr/lib/x86_64-linux-gnu/libbrotlicommon.so.1.1.0
7ac187162000-7ac187164000 r--p 00000000 103:03 28978249                  /usr/lib/x86_64-linux-gnu/libpcre2-8.so.0.11.2
7ac187164000-7ac1871d2000 r-xp 00002000 103:03 28978249                  /usr/lib/x86_64-linux-gnu/libpcre2-8.so.0.11.2
7ac1871d2000-7ac1871fa000 r--p 00070000 103:03 28978249                  /usr/lib/x86_64-linux-gnu/libpcre2-8.so.0.11.2
7ac1871fa000-7ac1871fb000 r--p 00097000 103:03 28978249                  /usr/lib/x86_64-linux-gnu/libpcre2-8.so.0.11.2
7ac1871fb000-7ac1871fc000 rw-p 00098000 103:03 28978249                  /usr/lib/x86_64-linux-gnu/libpcre2-8.so.0.11.2
7ac1871fc000-7ac187201000 r--p 00000000 103:03 28978291                  /usr/lib/x86_64-linux-gnu/libpng16.so.16.43.0
7ac187201000-7ac187229000 r-xp 00005000 103:03 28978291                  /usr/lib/x86_64-linux-gnu/libpng16.so.16.43.0
7ac187229000-7ac187232000 r--p 0002d000 103:03 28978291                  /usr/lib/x86_64-linux-gnu/libpng16.so.16.43.0
7ac187232000-7ac187233000 r--p 00035000 103:03 28978291                  /usr/lib/x86_64-linux-gnu/libpng16.so.16.43.0
7ac187233000-7ac187234000 rw-p 00036000 103:03 28978291                  /usr/lib/x86_64-linux-gnu/libpng16.so.16.43.0
7ac187234000-7ac187236000 r--p 00000000 103:03 28977110                  /usr/lib/x86_64-linux-gnu/libbz2.so.1.0.4
7ac187236000-7ac187244000 r-xp 00002000 103:03 28977110                  /usr/lib/x86_64-linux-gnu/libbz2.so.1.0.4
7ac187244000-7ac187246000 r--p 00010000 103:03 28977110                  /usr/lib/x86_64-linux-gnu/libbz2.so.1.0.4
7ac187246000-7ac187247000 r--p 00011000 103:03 28977110                  /usr/lib/x86_64-linux-gnu/libbz2.so.1.0.4
7ac187247000-7ac187248000 rw-p 00012000 103:03 28977110                  /usr/lib/x86_64-linux-gnu/libbz2.so.1.0.4
7ac187248000-7ac18724b000 r--p 00000000 103:03 28977595                  /usr/lib/x86_64-linux-gnu/libgraphite2.so.3.2.1
7ac18724b000-7ac187268000 r-xp 00003000 103:03 28977595                  /usr/lib/x86_64-linux-gnu/libgraphite2.so.3.2.1
7ac187268000-7ac18726b000 r--p 00020000 103:03 28977595                  /usr/lib/x86_64-linux-gnu/libgraphite2.so.3.2.1
7ac18726b000-7ac18726d000 r--p 00022000 103:03 28977595                  /usr/lib/x86_64-linux-gnu/libgraphite2.so.3.2.1
7ac18726d000-7ac18726e000 rw-p 00024000 103:03 28977595                  /usr/lib/x86_64-linux-gnu/libgraphite2.so.3.2.1
7ac18726e000-7ac18728c000 r--p 00000000 103:03 28977506                  /usr/lib/x86_64-linux-gnu/libglib-2.0.so.0.8000.0
7ac18728c000-7ac18732c000 r-xp 0001e000 103:03 28977506                  /usr/lib/x86_64-linux-gnu/libglib-2.0.so.0.8000.0
7ac18732c000-7ac1873b4000 r--p 000be000 103:03 28977506                  /usr/lib/x86_64-linux-gnu/libglib-2.0.so.0.8000.0
7ac1873b4000-7ac1873b5000 r--p 00146000 103:03 28977506                  /usr/lib/x86_64-linux-gnu/libglib-2.0.so.0.8000.0
7ac1873b5000-7ac1873b6000 rw-p 00147000 103:03 28977506                  /usr/lib/x86_64-linux-gnu/libglib-2.0.so.0.8000.0
7ac1873b6000-7ac1873b7000 rw-p 00000000 00:00 0 
7ac1873b7000-7ac1873c4000 r--p 00000000 103:03 28977441                  /usr/lib/x86_64-linux-gnu/libfreetype.so.6.20.1
7ac1873c4000-7ac187455000 r-xp 0000d000 103:03 28977441                  /usr/lib/x86_64-linux-gnu/libfreetype.so.6.20.1
7ac187455000-7ac18747b000 r--p 0009e000 103:03 28977441                  /usr/lib/x86_64-linux-gnu/libfreetype.so.6.20.1
7ac18747b000-7ac187482000 r--p 000c4000 103:03 28977441                  /usr/lib/x86_64-linux-gnu/libfreetype.so.6.20.1
7ac187482000-7ac187483000 rw-p 000cb000 103:03 28977441                  /usr/lib/x86_64-linux-gnu/libfreetype.so.6.20.1
7ac187483000-7ac18748e000 r--p 00000000 103:03 28977723                  /usr/lib/x86_64-linux-gnu/libharfbuzz.so.0.60830.0
7ac18748e000-7ac18755c000 r-xp 0000b000 103:03 28977723                  /usr/lib/x86_64-linux-gnu/libharfbuzz.so.0.60830.0
7ac18755c000-7ac18758e000 r--p 000d9000 103:03 28977723                  /usr/lib/x86_64-linux-gnu/libharfbuzz.so.0.60830.0
7ac18758e000-7ac18758f000 r--p 0010b000 103:03 28977723                  /usr/lib/x86_64-linux-gnu/libharfbuzz.so.0.60830.0
7ac18758f000-7ac187590000 rw-p 0010c000 103:03 28977723                  /usr/lib/x86_64-linux-gnu/libharfbuzz.so.0.60830.0
7ac187590000-7ac187592000 rw-s 00000000 00:07 968                        /dev/nvidiactl
7ac187595000-7ac1875a5000 rw-s 00000000 00:07 972                        /dev/nvidia0
7ac1875a5000-7ac1875a6000 r--p 00000000 103:03 530684                    /usr/lib/jvm/java-21-openjdk-amd64/lib/libextnet.so
7ac1875a6000-7ac1875a7000 r-xp 00001000 103:03 530684                    /usr/lib/jvm/java-21-openjdk-amd64/lib/libextnet.so
7ac1875a7000-7ac1875a8000 r--p 00002000 103:03 530684                    /usr/lib/jvm/java-21-openjdk-amd64/lib/libextnet.so
7ac1875a8000-7ac1875a9000 r--p 00002000 103:03 530684                    /usr/lib/jvm/java-21-openjdk-amd64/lib/libextnet.so
7ac1875a9000-7ac1875aa000 rw-p 00003000 103:03 530684                    /usr/lib/jvm/java-21-openjdk-amd64/lib/libextnet.so
7ac1875aa000-7ac1875ab000 r--p 00000000 103:03 28976807                  /usr/lib/x86_64-linux-gnu/libXinerama.so.1.0.0
7ac1875ab000-7ac1875ac000 r-xp 00001000 103:03 28976807                  /usr/lib/x86_64-linux-gnu/libXinerama.so.1.0.0
7ac1875ac000-7ac1875ad000 r--p 00002000 103:03 28976807                  /usr/lib/x86_64-linux-gnu/libXinerama.so.1.0.0
7ac1875ad000-7ac1875ae000 r--p 00002000 103:03 28976807                  /usr/lib/x86_64-linux-gnu/libXinerama.so.1.0.0
7ac1875ae000-7ac1875af000 rw-p 00003000 103:03 28976807                  /usr/lib/x86_64-linux-gnu/libXinerama.so.1.0.0
7ac1875af000-7ac1875d0000 r--p 00000000 103:03 29520455                  /usr/share/locale-langpack/es/LC_MESSAGES/libc.mo
7ac1875d0000-7ac1875d3000 r--p 00000000 103:03 28976805                  /usr/lib/x86_64-linux-gnu/libXi.so.6.1.0
7ac1875d3000-7ac1875df000 r-xp 00003000 103:03 28976805                  /usr/lib/x86_64-linux-gnu/libXi.so.6.1.0
7ac1875df000-7ac1875e1000 r--p 0000f000 103:03 28976805                  /usr/lib/x86_64-linux-gnu/libXi.so.6.1.0
7ac1875e1000-7ac1875e2000 r--p 00011000 103:03 28976805                  /usr/lib/x86_64-linux-gnu/libXi.so.6.1.0
7ac1875e2000-7ac1875e3000 rw-p 00012000 103:03 28976805                  /usr/lib/x86_64-linux-gnu/libXi.so.6.1.0
7ac1875e3000-7ac1875e5000 r--p 00000000 103:03 28976823                  /usr/lib/x86_64-linux-gnu/libXtst.so.6.1.0
7ac1875e5000-7ac1875e8000 r-xp 00002000 103:03 28976823                  /usr/lib/x86_64-linux-gnu/libXtst.so.6.1.0
7ac1875e8000-7ac1875e9000 r--p 00005000 103:03 28976823                  /usr/lib/x86_64-linux-gnu/libXtst.so.6.1.0
7ac1875e9000-7ac1875ea000 r--p 00005000 103:03 28976823                  /usr/lib/x86_64-linux-gnu/libXtst.so.6.1.0
7ac1875ea000-7ac1875eb000 rw-p 00006000 103:03 28976823                  /usr/lib/x86_64-linux-gnu/libXtst.so.6.1.0
7ac1875eb000-7ac1875ed000 r--p 00000000 103:03 28976817                  /usr/lib/x86_64-linux-gnu/libXrender.so.1.3.0
7ac1875ed000-7ac1875f4000 r-xp 00002000 103:03 28976817                  /usr/lib/x86_64-linux-gnu/libXrender.so.1.3.0
7ac1875f4000-7ac1875f5000 r--p 00009000 103:03 28976817                  /usr/lib/x86_64-linux-gnu/libXrender.so.1.3.0
7ac1875f5000-7ac1875f6000 r--p 00009000 103:03 28976817                  /usr/lib/x86_64-linux-gnu/libXrender.so.1.3.0
7ac1875f6000-7ac1875f7000 rw-p 0000a000 103:03 28976817                  /usr/lib/x86_64-linux-gnu/libXrender.so.1.3.0
7ac1875f7000-7ac1875fb000 r--p 00000000 103:03 28976797                  /usr/lib/x86_64-linux-gnu/libXext.so.6.4.0
7ac1875fb000-7ac187606000 r-xp 00004000 103:03 28976797                  /usr/lib/x86_64-linux-gnu/libXext.so.6.4.0
7ac187606000-7ac187609000 r--p 0000f000 103:03 28976797                  /usr/lib/x86_64-linux-gnu/libXext.so.6.4.0
7ac187609000-7ac18760a000 r--p 00011000 103:03 28976797                  /usr/lib/x86_64-linux-gnu/libXext.so.6.4.0
7ac18760a000-7ac18760b000 rw-p 00012000 103:03 28976797                  /usr/lib/x86_64-linux-gnu/libXext.so.6.4.0
7ac18760b000-7ac187629000 r--p 00000000 103:03 530681                    /usr/lib/jvm/java-21-openjdk-amd64/lib/libawt.so
7ac187629000-7ac1876c0000 r-xp 0001e000 103:03 530681                    /usr/lib/jvm/java-21-openjdk-amd64/lib/libawt.so
7ac1876c0000-7ac1876cd000 r--p 000b5000 103:03 530681                    /usr/lib/jvm/java-21-openjdk-amd64/lib/libawt.so
7ac1876cd000-7ac1876ce000 r--p 000c1000 103:03 530681                    /usr/lib/jvm/java-21-openjdk-amd64/lib/libawt.so
7ac1876ce000-7ac1876d9000 rw-p 000c2000 103:03 530681                    /usr/lib/jvm/java-21-openjdk-amd64/lib/libawt.so
7ac1876d9000-7ac1876fe000 rw-p 00000000 00:00 0 
7ac1876fe000-7ac1876ff000 ---p 00000000 00:00 0 
7ac1876ff000-7ac1877ff000 rw-p 00000000 00:00 0 
7ac18b7ff000-7ac18b800000 ---p 00000000 00:00 0 
7ac18b800000-7ac18c000000 rw-p 00000000 00:00 0 
7ac18c000000-7ac190000000 rw-s 00000000 00:01 247231                     /memfd:pulseaudio (deleted)
7ac190000000-7ac190021000 rw-p 00000000 00:00 0 
7ac190021000-7ac194000000 ---p 00000000 00:00 0 
7ac194000000-7ac194021000 rw-p 00000000 00:00 0 
7ac194021000-7ac198000000 ---p 00000000 00:00 0 
7ac198000000-7ac198021000 rw-p 00000000 00:00 0 
7ac198021000-7ac19c000000 ---p 00000000 00:00 0 
7ac19c000000-7ac19c021000 rw-p 00000000 00:00 0 
7ac19c021000-7ac1a0000000 ---p 00000000 00:00 0 
7ac1a0000000-7ac1a0021000 rw-p 00000000 00:00 0 
7ac1a0021000-7ac1a4000000 ---p 00000000 00:00 0 
7ac1a4000000-7ac1a4021000 rw-p 00000000 00:00 0 
7ac1a4021000-7ac1a8000000 ---p 00000000 00:00 0 
7ac1a8000000-7ac1a8021000 rw-p 00000000 00:00 0 
7ac1a8021000-7ac1ac000000 ---p 00000000 00:00 0 
7ac1ac000000-7ac1ac021000 rw-p 00000000 00:00 0 
7ac1ac021000-7ac1b0000000 ---p 00000000 00:00 0 
7ac1b0000000-7ac1b0021000 rw-p 00000000 00:00 0 
7ac1b0021000-7ac1b4000000 ---p 00000000 00:00 0 
7ac1b4000000-7ac1b4021000 rw-p 00000000 00:00 0 
7ac1b4021000-7ac1b8000000 ---p 00000000 00:00 0 
7ac1b8000000-7ac1b8021000 rw-p 00000000 00:00 0 
7ac1b8021000-7ac1bc000000 ---p 00000000 00:00 0 
7ac1bc000000-7ac1bc021000 rw-p 00000000 00:00 0 
7ac1bc021000-7ac1c0000000 ---p 00000000 00:00 0 
7ac1c0000000-7ac1c05ab000 rw-p 00000000 00:00 0 
7ac1c05ab000-7ac1c4000000 ---p 00000000 00:00 0 
7ac1c4000000-7ac1c4021000 rw-p 00000000 00:00 0 
7ac1c4021000-7ac1c8000000 ---p 00000000 00:00 0 
7ac1c8000000-7ac1c8097000 rw-p 00000000 00:00 0 
7ac1c8097000-7ac1cc000000 ---p 00000000 00:00 0 
7ac1cc000000-7ac1cc9f6000 rw-p 00000000 00:00 0 
7ac1cc9f6000-7ac1d0000000 ---p 00000000 00:00 0 
7ac1d0000000-7ac1d0494000 rw-p 00000000 00:00 0 
7ac1d0494000-7ac1d4000000 ---p 00000000 00:00 0 
7ac1d4000000-7ac1d40e6000 rw-p 00000000 00:00 0 
7ac1d40e6000-7ac1d8000000 ---p 00000000 00:00 0 
7ac1d8000000-7ac1d8021000 rw-p 00000000 00:00 0 
7ac1d8021000-7ac1dc000000 ---p 00000000 00:00 0 
7ac1dc000000-7ac1dc021000 rw-p 00000000 00:00 0 
7ac1dc021000-7ac1e0000000 ---p 00000000 00:00 0 
7ac1e0000000-7ac1e116a000 rw-p 00000000 00:00 0 
7ac1e116a000-7ac1e4000000 ---p 00000000 00:00 0 
7ac1e4000000-7ac1e43d6000 rw-p 00000000 00:00 0 
7ac1e43d6000-7ac1e8000000 ---p 00000000 00:00 0 
7ac1e8000000-7ac1e8021000 rw-p 00000000 00:00 0 
7ac1e8021000-7ac1ec000000 ---p 00000000 00:00 0 
7ac1ec000000-7ac1ec021000 rw-p 00000000 00:00 0 
7ac1ec021000-7ac1f0000000 ---p 00000000 00:00 0 
7ac1f0000000-7ac1f0021000 rw-p 00000000 00:00 0 
7ac1f0021000-7ac1f4000000 ---p 00000000 00:00 0 
7ac1f4000000-7ac1f4021000 rw-p 00000000 00:00 0 
7ac1f4021000-7ac1f8000000 ---p 00000000 00:00 0 
7ac1f8000000-7ac1f8023000 rw-p 00000000 00:00 0 
7ac1f8023000-7ac1fc000000 ---p 00000000 00:00 0 
7ac1fc000000-7ac1fc021000 rw-p 00000000 00:00 0 
7ac1fc021000-7ac200000000 ---p 00000000 00:00 0 
7ac200000000-7ac200400000 rw-p 00000000 00:00 0 
7ac200400000-7ac200700000 rw-p 00000000 00:00 0 
7ac200700000-7ac200900000 rw-p 00000000 00:00 0 
7ac200900000-7ac200b00000 rw-p 00000000 00:00 0 
7ac200b00000-7ac200d00000 rw-p 00000000 00:00 0 
7ac200d00000-7ac200dc0000 rw-p 00000000 00:00 0 
7ac200dc0000-7ac200e00000 rw-p 00000000 00:00 0 
7ac200e00000-7ac200f00000 rw-p 00000000 00:00 0 
7ac200f00000-7ac201100000 rw-p 00000000 00:00 0 
7ac201100000-7ac201140000 rw-p 00000000 00:00 0 
7ac201140000-7ac201180000 rw-p 00000000 00:00 0 
7ac201180000-7ac201300000 rw-p 00000000 00:00 0 
7ac201300000-7ac201340000 rw-p 00000000 00:00 0 
7ac201340000-7ac201400000 rw-p 00000000 00:00 0 
7ac201400000-7ac201500000 rw-p 00000000 00:00 0 
7ac201500000-7ac201590000 rw-p 00000000 00:00 0 
7ac201590000-7ac201600000 ---p 00000000 00:00 0 
7ac201600000-7ac201630000 rw-p 00000000 00:00 0 
7ac201630000-7ac204000000 ---p 00000000 00:00 0 
7ac204000000-7ac204021000 rw-p 00000000 00:00 0 
7ac204021000-7ac208000000 ---p 00000000 00:00 0 
7ac208000000-7ac208001000 r--p 00000000 103:03 28977097                  /usr/lib/x86_64-linux-gnu/libbrotlidec.so.1.1.0
7ac208001000-7ac208009000 r-xp 00001000 103:03 28977097                  /usr/lib/x86_64-linux-gnu/libbrotlidec.so.1.1.0
7ac208009000-7ac20800c000 r--p 00009000 103:03 28977097                  /usr/lib/x86_64-linux-gnu/libbrotlidec.so.1.1.0
7ac20800c000-7ac20800d000 r--p 0000b000 103:03 28977097                  /usr/lib/x86_64-linux-gnu/libbrotlidec.so.1.1.0
7ac20800d000-7ac20800e000 rw-p 0000c000 103:03 28977097                  /usr/lib/x86_64-linux-gnu/libbrotlidec.so.1.1.0
7ac20800e000-7ac208011000 r--p 00000000 103:03 530685                    /usr/lib/jvm/java-21-openjdk-amd64/lib/libfontmanager.so
7ac208011000-7ac20801a000 r-xp 00003000 103:03 530685                    /usr/lib/jvm/java-21-openjdk-amd64/lib/libfontmanager.so
7ac20801a000-7ac20801c000 r--p 0000c000 103:03 530685                    /usr/lib/jvm/java-21-openjdk-amd64/lib/libfontmanager.so
7ac20801c000-7ac20801d000 r--p 0000d000 103:03 530685                    /usr/lib/jvm/java-21-openjdk-amd64/lib/libfontmanager.so
7ac20801d000-7ac20801e000 rw-p 0000e000 103:03 530685                    /usr/lib/jvm/java-21-openjdk-amd64/lib/libfontmanager.so
7ac20801e000-7ac208031000 r--p 00000000 103:03 530832                    /usr/lib/jvm/java-21-openjdk-amd64/lib/libawt_xawt.so
7ac208031000-7ac20807a000 r-xp 00013000 103:03 530832                    /usr/lib/jvm/java-21-openjdk-amd64/lib/libawt_xawt.so
7ac20807a000-7ac208093000 r--p 0005c000 103:03 530832                    /usr/lib/jvm/java-21-openjdk-amd64/lib/libawt_xawt.so
7ac208093000-7ac208099000 r--p 00074000 103:03 530832                    /usr/lib/jvm/java-21-openjdk-amd64/lib/libawt_xawt.so
7ac208099000-7ac20809b000 rw-p 0007a000 103:03 530832                    /usr/lib/jvm/java-21-openjdk-amd64/lib/libawt_xawt.so
7ac20809b000-7ac20809d000 rw-p 00000000 00:00 0 
7ac20809d000-7ac20809e000 ---p 00000000 00:00 0 
7ac20809e000-7ac20819e000 rw-p 00000000 00:00 0 
7ac20819e000-7ac20819f000 ---p 00000000 00:00 0 
7ac20819f000-7ac20899f000 rw-p 00000000 00:00 0 
7ac20899f000-7ac2089a3000 r--p 00000000 103:03 28977103                  /usr/lib/x86_64-linux-gnu/libbsd.so.0.12.1
7ac2089a3000-7ac2089af000 r-xp 00004000 103:03 28977103                  /usr/lib/x86_64-linux-gnu/libbsd.so.0.12.1
7ac2089af000-7ac2089b2000 r--p 00010000 103:03 28977103                  /usr/lib/x86_64-linux-gnu/libbsd.so.0.12.1
7ac2089b2000-7ac2089b3000 r--p 00012000 103:03 28977103                  /usr/lib/x86_64-linux-gnu/libbsd.so.0.12.1
7ac2089b3000-7ac2089b4000 rw-p 00013000 103:03 28977103                  /usr/lib/x86_64-linux-gnu/libbsd.so.0.12.1
7ac2089b4000-7ac2089b5000 rw-p 00000000 00:00 0 
7ac2089b5000-7ac2089bb000 r--p 00000000 103:03 28977976                  /usr/lib/x86_64-linux-gnu/libmp3lame.so.0.0.0
7ac2089bb000-7ac2089ec000 r-xp 00006000 103:03 28977976                  /usr/lib/x86_64-linux-gnu/libmp3lame.so.0.0.0
7ac2089ec000-7ac2089fc000 r--p 00037000 103:03 28977976                  /usr/lib/x86_64-linux-gnu/libmp3lame.so.0.0.0
7ac2089fc000-7ac2089fd000 r--p 00047000 103:03 28977976                  /usr/lib/x86_64-linux-gnu/libmp3lame.so.0.0.0
7ac2089fd000-7ac2089fe000 rw-p 00048000 103:03 28977976                  /usr/lib/x86_64-linux-gnu/libmp3lame.so.0.0.0
7ac2089fe000-7ac208a2b000 rw-p 00000000 00:00 0 
7ac208a2b000-7ac208a30000 r--p 00000000 103:03 28977986                  /usr/lib/x86_64-linux-gnu/libmpg123.so.0.48.2
7ac208a30000-7ac208a6b000 r-xp 00005000 103:03 28977986                  /usr/lib/x86_64-linux-gnu/libmpg123.so.0.48.2
7ac208a6b000-7ac208a85000 r--p 00040000 103:03 28977986                  /usr/lib/x86_64-linux-gnu/libmpg123.so.0.48.2
7ac208a85000-7ac208a86000 r--p 0005a000 103:03 28977986                  /usr/lib/x86_64-linux-gnu/libmpg123.so.0.48.2
7ac208a86000-7ac208a87000 rw-p 0005b000 103:03 28977986                  /usr/lib/x86_64-linux-gnu/libmpg123.so.0.48.2
7ac208a87000-7ac208a8a000 r--p 00000000 103:03 28978183                  /usr/lib/x86_64-linux-gnu/libopus.so.0.9.0
7ac208a8a000-7ac208ad4000 r-xp 00003000 103:03 28978183                  /usr/lib/x86_64-linux-gnu/libopus.so.0.9.0
7ac208ad4000-7ac208ae4000 r--p 0004d000 103:03 28978183                  /usr/lib/x86_64-linux-gnu/libopus.so.0.9.0
7ac208ae4000-7ac208ae5000 r--p 0005d000 103:03 28978183                  /usr/lib/x86_64-linux-gnu/libopus.so.0.9.0
7ac208ae5000-7ac208ae6000 rw-p 0005e000 103:03 28978183                  /usr/lib/x86_64-linux-gnu/libopus.so.0.9.0
7ac208ae6000-7ac208afa000 r--p 00000000 103:03 28978640                  /usr/lib/x86_64-linux-gnu/libvorbisenc.so.2.0.12
7ac208afa000-7ac208afd000 r-xp 00014000 103:03 28978640                  /usr/lib/x86_64-linux-gnu/libvorbisenc.so.2.0.12
7ac208afd000-7ac208b74000 r--p 00017000 103:03 28978640                  /usr/lib/x86_64-linux-gnu/libvorbisenc.so.2.0.12
7ac208b74000-7ac208b90000 r--p 0008d000 103:03 28978640                  /usr/lib/x86_64-linux-gnu/libvorbisenc.so.2.0.12
7ac208b90000-7ac208b91000 rw-p 000a9000 103:03 28978640                  /usr/lib/x86_64-linux-gnu/libvorbisenc.so.2.0.12
7ac208b91000-7ac208b94000 r--p 00000000 103:03 28978638                  /usr/lib/x86_64-linux-gnu/libvorbis.so.0.4.9
7ac208b94000-7ac208bac000 r-xp 00003000 103:03 28978638                  /usr/lib/x86_64-linux-gnu/libvorbis.so.0.4.9
7ac208bac000-7ac208bbd000 r--p 0001b000 103:03 28978638                  /usr/lib/x86_64-linux-gnu/libvorbis.so.0.4.9
7ac208bbd000-7ac208bbe000 r--p 0002b000 103:03 28978638                  /usr/lib/x86_64-linux-gnu/libvorbis.so.0.4.9
7ac208bbe000-7ac208bbf000 rw-p 0002c000 103:03 28978638                  /usr/lib/x86_64-linux-gnu/libvorbis.so.0.4.9
7ac208bbf000-7ac208bc7000 r--p 00000000 103:03 28976628                  /usr/lib/x86_64-linux-gnu/libFLAC.so.12.1.0
7ac208bc7000-7ac208c19000 r-xp 00008000 103:03 28976628                  /usr/lib/x86_64-linux-gnu/libFLAC.so.12.1.0
7ac208c19000-7ac208c21000 r--p 0005a000 103:03 28976628                  /usr/lib/x86_64-linux-gnu/libFLAC.so.12.1.0
7ac208c21000-7ac208c22000 r--p 00062000 103:03 28976628                  /usr/lib/x86_64-linux-gnu/libFLAC.so.12.1.0
7ac208c22000-7ac208c23000 rw-p 00063000 103:03 28976628                  /usr/lib/x86_64-linux-gnu/libFLAC.so.12.1.0
7ac208c23000-7ac208c26000 r--p 00000000 103:03 28976985                  /usr/lib/x86_64-linux-gnu/libapparmor.so.1.17.2
7ac208c26000-7ac208c30000 r-xp 00003000 103:03 28976985                  /usr/lib/x86_64-linux-gnu/libapparmor.so.1.17.2
7ac208c30000-7ac208c36000 r--p 0000d000 103:03 28976985                  /usr/lib/x86_64-linux-gnu/libapparmor.so.1.17.2
7ac208c36000-7ac208c37000 r--p 00013000 103:03 28976985                  /usr/lib/x86_64-linux-gnu/libapparmor.so.1.17.2
7ac208c37000-7ac208c38000 rw-p 00014000 103:03 28976985                  /usr/lib/x86_64-linux-gnu/libapparmor.so.1.17.2
7ac208c38000-7ac208c43000 r--p 00000000 103:03 28978743                  /usr/lib/x86_64-linux-gnu/libxcb.so.1.1.0
7ac208c43000-7ac208c56000 r-xp 0000b000 103:03 28978743                  /usr/lib/x86_64-linux-gnu/libxcb.so.1.1.0
7ac208c56000-7ac208c5f000 r--p 0001e000 103:03 28978743                  /usr/lib/x86_64-linux-gnu/libxcb.so.1.1.0
7ac208c5f000-7ac208c60000 r--p 00026000 103:03 28978743                  /usr/lib/x86_64-linux-gnu/libxcb.so.1.1.0
7ac208c60000-7ac208c61000 rw-p 00027000 103:03 28978743                  /usr/lib/x86_64-linux-gnu/libxcb.so.1.1.0
7ac208c61000-7ac208c7a000 r--p 00000000 103:03 28976776                  /usr/lib/x86_64-linux-gnu/libX11.so.6.4.0
7ac208c7a000-7ac208d0a000 r-xp 00019000 103:03 28976776                  /usr/lib/x86_64-linux-gnu/libX11.so.6.4.0
7ac208d0a000-7ac208d99000 r--p 000a9000 103:03 28976776                  /usr/lib/x86_64-linux-gnu/libX11.so.6.4.0
7ac208d99000-7ac208d9a000 r--p 00138000 103:03 28976776                  /usr/lib/x86_64-linux-gnu/libX11.so.6.4.0
7ac208d9a000-7ac208d9e000 rw-p 00139000 103:03 28976776                  /usr/lib/x86_64-linux-gnu/libX11.so.6.4.0
7ac208d9e000-7ac208da6000 r--p 00000000 103:03 28978443                  /usr/lib/x86_64-linux-gnu/libsndfile.so.1.0.37
7ac208da6000-7ac208e07000 r-xp 00008000 103:03 28978443                  /usr/lib/x86_64-linux-gnu/libsndfile.so.1.0.37
7ac208e07000-7ac208e20000 r--p 00069000 103:03 28978443                  /usr/lib/x86_64-linux-gnu/libsndfile.so.1.0.37
7ac208e20000-7ac208e23000 r--p 00081000 103:03 28978443                  /usr/lib/x86_64-linux-gnu/libsndfile.so.1.0.37
7ac208e23000-7ac208e24000 rw-p 00084000 103:03 28978443                  /usr/lib/x86_64-linux-gnu/libsndfile.so.1.0.37
7ac208e24000-7ac208e26000 rw-p 00000000 00:00 0 
7ac208e26000-7ac208e38000 r--p 00000000 103:03 29099643                  /usr/lib/x86_64-linux-gnu/pulseaudio/libpulsecommon-16.1.so
7ac208e38000-7ac208e82000 r-xp 00012000 103:03 29099643                  /usr/lib/x86_64-linux-gnu/pulseaudio/libpulsecommon-16.1.so
7ac208e82000-7ac208ea1000 r--p 0005c000 103:03 29099643                  /usr/lib/x86_64-linux-gnu/pulseaudio/libpulsecommon-16.1.so
7ac208ea1000-7ac208ea3000 r--p 0007a000 103:03 29099643                  /usr/lib/x86_64-linux-gnu/pulseaudio/libpulsecommon-16.1.so
7ac208ea3000-7ac208ea4000 rw-p 0007c000 103:03 29099643                  /usr/lib/x86_64-linux-gnu/pulseaudio/libpulsecommon-16.1.so
7ac208ea4000-7ac208eb0000 r--p 00000000 103:03 28978326                  /usr/lib/x86_64-linux-gnu/libpulse.so.0.24.2
7ac208eb0000-7ac208ee1000 r-xp 0000c000 103:03 28978326                  /usr/lib/x86_64-linux-gnu/libpulse.so.0.24.2
7ac208ee1000-7ac208ef2000 r--p 0003d000 103:03 28978326                  /usr/lib/x86_64-linux-gnu/libpulse.so.0.24.2
7ac208ef2000-7ac208ef4000 r--p 0004d000 103:03 28978326                  /usr/lib/x86_64-linux-gnu/libpulse.so.0.24.2
7ac208ef4000-7ac208ef5000 rw-p 0004f000 103:03 28978326                  /usr/lib/x86_64-linux-gnu/libpulse.so.0.24.2
7ac208ef5000-7ac208f8e000 r--p 00000000 103:03 1318445                   /usr/share/locale/es_MX/LC_MESSAGES/vlc.mo
7ac208f8e000-7ac208fd8000 r--s 00000000 103:03 1317579                   /usr/lib/x86_64-linux-gnu/vlc/plugins/plugins.dat
7ac208fd8000-7ac208fe7000 r--p 00000000 103:03 28977472                  /usr/lib/x86_64-linux-gnu/libgcrypt.so.20.4.3
7ac208fe7000-7ac2090db000 r-xp 0000f000 103:03 28977472                  /usr/lib/x86_64-linux-gnu/libgcrypt.so.20.4.3
7ac2090db000-7ac209116000 r--p 00103000 103:03 28977472                  /usr/lib/x86_64-linux-gnu/libgcrypt.so.20.4.3
7ac209116000-7ac20911b000 r--p 0013e000 103:03 28977472                  /usr/lib/x86_64-linux-gnu/libgcrypt.so.20.4.3
7ac20911b000-7ac20911f000 rw-p 00143000 103:03 28977472                  /usr/lib/x86_64-linux-gnu/libgcrypt.so.20.4.3
7ac20911f000-7ac209120000 rw-p 00000000 00:00 0 
7ac209120000-7ac209136000 r--p 00000000 103:03 28978499                  /usr/lib/x86_64-linux-gnu/libsystemd.so.0.38.0
7ac209136000-7ac2091c5000 r-xp 00016000 103:03 28978499                  /usr/lib/x86_64-linux-gnu/libsystemd.so.0.38.0
7ac2091c5000-7ac2091f3000 r--p 000a5000 103:03 28978499                  /usr/lib/x86_64-linux-gnu/libsystemd.so.0.38.0
7ac2091f3000-7ac2091fe000 r--p 000d2000 103:03 28978499                  /usr/lib/x86_64-linux-gnu/libsystemd.so.0.38.0
7ac2091fe000-7ac2091ff000 rw-p 000dd000 103:03 28978499                  /usr/lib/x86_64-linux-gnu/libsystemd.so.0.38.0
7ac2091ff000-7ac209200000 rw-p 00000000 00:00 0 
7ac209200000-7ac209218000 r-xp 00000000 103:03 786470                    /tmp/jna-1267442285/jna11673458132806917466.tmp (deleted)
7ac209218000-7ac209417000 ---p 00018000 103:03 786470                    /tmp/jna-1267442285/jna11673458132806917466.tmp (deleted)
7ac209417000-7ac209419000 rw-p 00017000 103:03 786470                    /tmp/jna-1267442285/jna11673458132806917466.tmp (deleted)
7ac209419000-7ac20941a000 rw-s 00000000 00:07 968                        /dev/nvidiactl
7ac20941a000-7ac20941d000 r--p 00000000 00:01 1040                       /memfd:smithay-dmabuffeedback-format-table (deleted)
7ac20941d000-7ac20941f000 r--p 00000000 103:03 28977944                  /usr/lib/x86_64-linux-gnu/libmd.so.0.1.0
7ac20941f000-7ac209428000 r-xp 00002000 103:03 28977944                  /usr/lib/x86_64-linux-gnu/libmd.so.0.1.0
7ac209428000-7ac20942a000 r--p 0000b000 103:03 28977944                  /usr/lib/x86_64-linux-gnu/libmd.so.0.1.0
7ac20942a000-7ac20942b000 r--p 0000c000 103:03 28977944                  /usr/lib/x86_64-linux-gnu/libmd.so.0.1.0
7ac20942b000-7ac20942c000 rw-p 0000d000 103:03 28977944                  /usr/lib/x86_64-linux-gnu/libmd.so.0.1.0
7ac20942c000-7ac209430000 r--p 00000000 103:03 28978795                  /usr/lib/x86_64-linux-gnu/libzstd.so.1.5.5
7ac209430000-7ac2094d7000 r-xp 00004000 103:03 28978795                  /usr/lib/x86_64-linux-gnu/libzstd.so.1.5.5
7ac2094d7000-7ac2094e4000 r--p 000ab000 103:03 28978795                  /usr/lib/x86_64-linux-gnu/libzstd.so.1.5.5
7ac2094e4000-7ac2094e5000 r--p 000b7000 103:03 28978795                  /usr/lib/x86_64-linux-gnu/libzstd.so.1.5.5
7ac2094e5000-7ac2094e6000 rw-p 000b8000 103:03 28978795                  /usr/lib/x86_64-linux-gnu/libzstd.so.1.5.5
7ac2094e6000-7ac2094fa000 r--p 00000000 103:03 28975929                  /usr/lib/x86_64-linux-gnu/libvlccore.so.9.0.1
7ac2094fa000-7ac2095b3000 r-xp 00014000 103:03 28975929                  /usr/lib/x86_64-linux-gnu/libvlccore.so.9.0.1
7ac2095b3000-7ac2095ee000 r--p 000cd000 103:03 28975929                  /usr/lib/x86_64-linux-gnu/libvlccore.so.9.0.1
7ac2095ee000-7ac2095f3000 r--p 00107000 103:03 28975929                  /usr/lib/x86_64-linux-gnu/libvlccore.so.9.0.1
7ac2095f3000-7ac2095f4000 rw-p 0010c000 103:03 28975929                  /usr/lib/x86_64-linux-gnu/libvlccore.so.9.0.1
7ac2095f4000-7ac2095f6000 rw-p 00000000 00:00 0 
7ac2095f6000-7ac2095f7000 ---p 00000000 00:00 0 
7ac2095f7000-7ac2096f7000 rw-p 00000000 00:00 0 
7ac2096f7000-7ac2096f8000 ---p 00000000 00:00 0 
7ac2096f8000-7ac2097f8000 rw-p 00000000 00:00 0 
7ac2097f8000-7ac2097f9000 ---p 00000000 00:00 0 
7ac2097f9000-7ac2098f9000 rw-p 00000000 00:00 0 
7ac2098f9000-7ac2098fa000 ---p 00000000 00:00 0 
7ac2098fa000-7ac2099fa000 rw-p 00000000 00:00 0 
7ac2099fa000-7ac2099fb000 ---p 00000000 00:00 0 
7ac2099fb000-7ac209afb000 rw-p 00000000 00:00 0 
7ac209afb000-7ac209afc000 ---p 00000000 00:00 0 
7ac209afc000-7ac209bfc000 rw-p 00000000 00:00 0 
7ac209bfc000-7ac209bfd000 ---p 00000000 00:00 0 
7ac209bfd000-7ac209cfd000 rw-p 00000000 00:00 0 
7ac209cfd000-7ac209cfe000 ---p 00000000 00:00 0 
7ac209cfe000-7ac209dfe000 rw-p 00000000 00:00 0 
7ac209dfe000-7ac209dff000 ---p 00000000 00:00 0 
7ac209dff000-7ac209eff000 rw-p 00000000 00:00 0 
7ac209eff000-7ac209f00000 ---p 00000000 00:00 0 
7ac209f00000-7ac20a000000 rw-p 00000000 00:00 0 
7ac20a000000-7ac20af0d000 r--p 00000000 103:03 28836536                  /usr/lib/locale/locale-archive
7ac20af0d000-7ac20af0f000 r--p 00000000 103:03 28976795                  /usr/lib/x86_64-linux-gnu/libXdmcp.so.6.0.0
7ac20af0f000-7ac20af11000 r-xp 00002000 103:03 28976795                  /usr/lib/x86_64-linux-gnu/libXdmcp.so.6.0.0
7ac20af11000-7ac20af13000 r--p 00004000 103:03 28976795                  /usr/lib/x86_64-linux-gnu/libXdmcp.so.6.0.0
7ac20af13000-7ac20af14000 r--p 00005000 103:03 28976795                  /usr/lib/x86_64-linux-gnu/libXdmcp.so.6.0.0
7ac20af14000-7ac20af15000 rw-p 00006000 103:03 28976795                  /usr/lib/x86_64-linux-gnu/libXdmcp.so.6.0.0
7ac20af15000-7ac20af16000 r--p 00000000 103:03 28976784                  /usr/lib/x86_64-linux-gnu/libXau.so.6.0.0
7ac20af16000-7ac20af18000 r-xp 00001000 103:03 28976784                  /usr/lib/x86_64-linux-gnu/libXau.so.6.0.0
7ac20af18000-7ac20af19000 r--p 00003000 103:03 28976784                  /usr/lib/x86_64-linux-gnu/libXau.so.6.0.0
7ac20af19000-7ac20af1a000 r--p 00003000 103:03 28976784                  /usr/lib/x86_64-linux-gnu/libXau.so.6.0.0
7ac20af1a000-7ac20af1b000 rw-p 00004000 103:03 28976784                  /usr/lib/x86_64-linux-gnu/libXau.so.6.0.0
7ac20af1b000-7ac20af1c000 rw-s 00000000 00:07 972                        /dev/nvidia0
7ac20af1c000-7ac20af1d000 rw-s 00000000 00:07 968                        /dev/nvidiactl
7ac20af1d000-7ac20af1e000 r--p 00000000 103:03 1318125                   /usr/lib/x86_64-linux-gnu/vlc/plugins/control/libnetsync_plugin.so
7ac20af1e000-7ac20af1f000 r-xp 00001000 103:03 1318125                   /usr/lib/x86_64-linux-gnu/vlc/plugins/control/libnetsync_plugin.so
7ac20af1f000-7ac20af20000 r--p 00002000 103:03 1318125                   /usr/lib/x86_64-linux-gnu/vlc/plugins/control/libnetsync_plugin.so
7ac20af20000-7ac20af21000 r--p 00002000 103:03 1318125                   /usr/lib/x86_64-linux-gnu/vlc/plugins/control/libnetsync_plugin.so
7ac20af21000-7ac20af22000 rw-p 00003000 103:03 1318125                   /usr/lib/x86_64-linux-gnu/vlc/plugins/control/libnetsync_plugin.so
7ac20af22000-7ac20af35000 r--p 00000000 103:03 29520536                  /usr/share/locale-langpack/es/LC_MESSAGES/pulseaudio.mo
7ac20af35000-7ac20af7f000 r--s 00000000 103:03 1317579                   /usr/lib/x86_64-linux-gnu/vlc/plugins/plugins.dat
7ac20af7f000-7ac20af82000 r--p 00000000 103:03 28977923                  /usr/lib/x86_64-linux-gnu/liblzma.so.5.4.5
7ac20af82000-7ac20afa4000 r-xp 00003000 103:03 28977923                  /usr/lib/x86_64-linux-gnu/liblzma.so.5.4.5
7ac20afa4000-7ac20afaf000 r--p 00025000 103:03 28977923                  /usr/lib/x86_64-linux-gnu/liblzma.so.5.4.5
7ac20afaf000-7ac20afb0000 r--p 00030000 103:03 28977923                  /usr/lib/x86_64-linux-gnu/liblzma.so.5.4.5
7ac20afb0000-7ac20afb1000 rw-p 00031000 103:03 28977923                  /usr/lib/x86_64-linux-gnu/liblzma.so.5.4.5
7ac20afb1000-7ac20afbd000 r--p 00000000 103:03 28977221                  /usr/lib/x86_64-linux-gnu/libdbus-1.so.3.32.4
7ac20afbd000-7ac20afed000 r-xp 0000c000 103:03 28977221                  /usr/lib/x86_64-linux-gnu/libdbus-1.so.3.32.4
7ac20afed000-7ac20affe000 r--p 0003c000 103:03 28977221                  /usr/lib/x86_64-linux-gnu/libdbus-1.so.3.32.4
7ac20affe000-7ac20afff000 r--p 0004c000 103:03 28977221                  /usr/lib/x86_64-linux-gnu/libdbus-1.so.3.32.4
7ac20afff000-7ac20b000000 rw-p 0004d000 103:03 28977221                  /usr/lib/x86_64-linux-gnu/libdbus-1.so.3.32.4
7ac20b000000-7ac20bc9c000 rw-p 00001000 103:03 530717                    /usr/lib/jvm/java-21-openjdk-amd64/lib/server/classes.jsa
7ac20bc9c000-7ac20c000000 ---p 00000000 00:00 0 
7ac20c000000-7ac20c040000 rw-p 00000000 00:00 0 
7ac20c040000-7ac20c080000 rw-p 00000000 00:00 0 
7ac20c080000-7ac20c0c0000 rw-p 00000000 00:00 0 
7ac20c0c0000-7ac20c100000 rw-p 00000000 00:00 0 
7ac20c100000-7ac20c140000 rw-p 00000000 00:00 0 
7ac20c140000-7ac20c1c0000 rw-p 00000000 00:00 0 
7ac20c1c0000-7ac20c240000 rw-p 00000000 00:00 0 
7ac20c240000-7ac20c260000 rw-p 00000000 00:00 0 
7ac20c260000-7ac20c2c0000 rw-p 00000000 00:00 0 
7ac20c2c0000-7ac20c2d0000 rw-p 00000000 00:00 0 
7ac20c2d0000-7ac24c000000 ---p 00000000 00:00 0 
7ac24c000000-7ac24c021000 rw-p 00000000 00:00 0 
7ac24c021000-7ac250000000 ---p 00000000 00:00 0 
7ac250000000-7ac250021000 rw-p 00000000 00:00 0 
7ac250021000-7ac254000000 ---p 00000000 00:00 0 
7ac254000000-7ac254021000 rw-p 00000000 00:00 0 
7ac254021000-7ac258000000 ---p 00000000 00:00 0 
7ac258000000-7ac258021000 rw-p 00000000 00:00 0 
7ac258021000-7ac25c000000 ---p 00000000 00:00 0 
7ac25c000000-7ac25c021000 rw-p 00000000 00:00 0 
7ac25c021000-7ac260000000 ---p 00000000 00:00 0 
7ac260000000-7ac260002000 r--p 00000000 103:03 28978168                  /usr/lib/x86_64-linux-gnu/libogg.so.0.8.5
7ac260002000-7ac260005000 r-xp 00002000 103:03 28978168                  /usr/lib/x86_64-linux-gnu/libogg.so.0.8.5
7ac260005000-7ac260008000 r--p 00005000 103:03 28978168                  /usr/lib/x86_64-linux-gnu/libogg.so.0.8.5
7ac260008000-7ac260009000 r--p 00007000 103:03 28978168                  /usr/lib/x86_64-linux-gnu/libogg.so.0.8.5
7ac260009000-7ac26000a000 rw-p 00008000 103:03 28978168                  /usr/lib/x86_64-linux-gnu/libogg.so.0.8.5
7ac26000a000-7ac26000c000 r--p 00000000 103:03 28977011                  /usr/lib/x86_64-linux-gnu/libasyncns.so.0.3.1
7ac26000c000-7ac26000f000 r-xp 00002000 103:03 28977011                  /usr/lib/x86_64-linux-gnu/libasyncns.so.0.3.1
7ac26000f000-7ac260010000 r--p 00005000 103:03 28977011                  /usr/lib/x86_64-linux-gnu/libasyncns.so.0.3.1
7ac260010000-7ac260011000 r--p 00005000 103:03 28977011                  /usr/lib/x86_64-linux-gnu/libasyncns.so.0.3.1
7ac260011000-7ac260012000 rw-p 00006000 103:03 28977011                  /usr/lib/x86_64-linux-gnu/libasyncns.so.0.3.1
7ac260012000-7ac260013000 r--p 00000000 103:03 28976774                  /usr/lib/x86_64-linux-gnu/libX11-xcb.so.1.0.0
7ac260013000-7ac260014000 r-xp 00001000 103:03 28976774                  /usr/lib/x86_64-linux-gnu/libX11-xcb.so.1.0.0
7ac260014000-7ac260015000 r--p 00002000 103:03 28976774                  /usr/lib/x86_64-linux-gnu/libX11-xcb.so.1.0.0
7ac260015000-7ac260016000 r--p 00002000 103:03 28976774                  /usr/lib/x86_64-linux-gnu/libX11-xcb.so.1.0.0
7ac260016000-7ac260017000 rw-p 00003000 103:03 28976774                  /usr/lib/x86_64-linux-gnu/libX11-xcb.so.1.0.0
7ac260017000-7ac260019000 r--p 00000000 103:03 1317934                   /usr/lib/x86_64-linux-gnu/vlc/libvlc_pulse.so.0.0.0
7ac260019000-7ac26001a000 r-xp 00002000 103:03 1317934                   /usr/lib/x86_64-linux-gnu/vlc/libvlc_pulse.so.0.0.0
7ac26001a000-7ac26001b000 r--p 00003000 103:03 1317934                   /usr/lib/x86_64-linux-gnu/vlc/libvlc_pulse.so.0.0.0
7ac26001b000-7ac26001c000 r--p 00003000 103:03 1317934                   /usr/lib/x86_64-linux-gnu/vlc/libvlc_pulse.so.0.0.0
7ac26001c000-7ac26001d000 rw-p 00004000 103:03 1317934                   /usr/lib/x86_64-linux-gnu/vlc/libvlc_pulse.so.0.0.0
7ac26001d000-7ac26001f000 r--p 00000000 103:03 1318063                   /usr/lib/x86_64-linux-gnu/vlc/plugins/audio_output/libpulse_plugin.so
7ac26001f000-7ac260022000 r-xp 00002000 103:03 1318063                   /usr/lib/x86_64-linux-gnu/vlc/plugins/audio_output/libpulse_plugin.so
7ac260022000-7ac260023000 r--p 00005000 103:03 1318063                   /usr/lib/x86_64-linux-gnu/vlc/plugins/audio_output/libpulse_plugin.so
7ac260023000-7ac260024000 r--p 00006000 103:03 1318063                   /usr/lib/x86_64-linux-gnu/vlc/plugins/audio_output/libpulse_plugin.so
7ac260024000-7ac260025000 rw-p 00007000 103:03 1318063                   /usr/lib/x86_64-linux-gnu/vlc/plugins/audio_output/libpulse_plugin.so
7ac260025000-7ac260026000 ---p 00000000 00:00 0 
7ac260026000-7ac260126000 rw-p 00000000 00:00 0 
7ac260126000-7ac26012a000 ---p 00000000 00:00 0 
7ac26012a000-7ac260226000 rw-p 00000000 00:00 0 
7ac260226000-7ac26022a000 ---p 00000000 00:00 0 
7ac26022a000-7ac260326000 rw-p 00000000 00:00 0 
7ac260726000-7ac26072a000 ---p 00000000 00:00 0 
7ac26072a000-7ac260826000 rw-p 00000000 00:00 0 
7ac260826000-7ac26082a000 ---p 00000000 00:00 0 
7ac26082a000-7ac260926000 rw-p 00000000 00:00 0 
7ac260926000-7ac26092b000 r--p 00000000 103:03 530698                    /usr/lib/jvm/java-21-openjdk-amd64/lib/libjsvml.so
7ac26092b000-7ac26096c000 r-xp 00005000 103:03 530698                    /usr/lib/jvm/java-21-openjdk-amd64/lib/libjsvml.so
7ac26096c000-7ac2609f5000 r--p 00046000 103:03 530698                    /usr/lib/jvm/java-21-openjdk-amd64/lib/libjsvml.so
7ac2609f5000-7ac2609f6000 r--p 000ce000 103:03 530698                    /usr/lib/jvm/java-21-openjdk-amd64/lib/libjsvml.so
7ac2609f6000-7ac2609f7000 rw-p 000cf000 103:03 530698                    /usr/lib/jvm/java-21-openjdk-amd64/lib/libjsvml.so
7ac2609f7000-7ac2609fb000 ---p 00000000 00:00 0 
7ac2609fb000-7ac260af7000 rw-p 00000000 00:00 0 
7ac260af7000-7ac260afb000 ---p 00000000 00:00 0 
7ac260afb000-7ac260bf7000 rw-p 00000000 00:00 0 
7ac260bf7000-7ac260bfb000 ---p 00000000 00:00 0 
7ac260bfb000-7ac260cf7000 rw-p 00000000 00:00 0 
7ac260cf7000-7ac260cfb000 ---p 00000000 00:00 0 
7ac260cfb000-7ac260df7000 rw-p 00000000 00:00 0 
7ac260df7000-7ac260dfb000 ---p 00000000 00:00 0 
7ac260dfb000-7ac260ef7000 rw-p 00000000 00:00 0 
7ac260ef7000-7ac260efb000 ---p 00000000 00:00 0 
7ac260efb000-7ac260ff7000 rw-p 00000000 00:00 0 
7ac260ff7000-7ac260ffb000 ---p 00000000 00:00 0 
7ac260ffb000-7ac2610f7000 rw-p 00000000 00:00 0 
7ac2610f7000-7ac2610f8000 ---p 00000000 00:00 0 
7ac2610f8000-7ac2611f8000 rw-p 00000000 00:00 0 
7ac2611f8000-7ac2611f9000 ---p 00000000 00:00 0 
7ac2611f9000-7ac2612f9000 rw-p 00000000 00:00 0 
7ac2612f9000-7ac2612fa000 ---p 00000000 00:00 0 
7ac2612fa000-7ac2613fa000 rw-p 00000000 00:00 0 
7ac2613fa000-7ac2613fb000 ---p 00000000 00:00 0 
7ac2613fb000-7ac2614fb000 rw-p 00000000 00:00 0 
7ac2614fb000-7ac263a00000 rw-p 00000000 00:00 0 
7ac263a00000-7ac263a03000 r--p 00000000 00:01 1040                       /memfd:smithay-dmabuffeedback-format-table (deleted)
7ac263a03000-7ac263a07000 r--p 00000000 103:03 28977544                  /usr/lib/x86_64-linux-gnu/libgpg-error.so.0.34.0
7ac263a07000-7ac263a1d000 r-xp 00004000 103:03 28977544                  /usr/lib/x86_64-linux-gnu/libgpg-error.so.0.34.0
7ac263a1d000-7ac263a26000 r--p 0001a000 103:03 28977544                  /usr/lib/x86_64-linux-gnu/libgpg-error.so.0.34.0
7ac263a26000-7ac263a27000 r--p 00023000 103:03 28977544                  /usr/lib/x86_64-linux-gnu/libgpg-error.so.0.34.0
7ac263a27000-7ac263a28000 rw-p 00024000 103:03 28977544                  /usr/lib/x86_64-linux-gnu/libgpg-error.so.0.34.0
7ac263a28000-7ac263a2b000 r--p 00000000 103:03 28977919                  /usr/lib/x86_64-linux-gnu/liblz4.so.1.9.4
7ac263a2b000-7ac263a46000 r-xp 00003000 103:03 28977919                  /usr/lib/x86_64-linux-gnu/liblz4.so.1.9.4
7ac263a46000-7ac263a48000 r--p 0001e000 103:03 28977919                  /usr/lib/x86_64-linux-gnu/liblz4.so.1.9.4
7ac263a48000-7ac263a49000 r--p 00020000 103:03 28977919                  /usr/lib/x86_64-linux-gnu/liblz4.so.1.9.4
7ac263a49000-7ac263a4a000 rw-p 00021000 103:03 28977919                  /usr/lib/x86_64-linux-gnu/liblz4.so.1.9.4
7ac263a4a000-7ac263a4d000 r--p 00000000 103:03 28977803                  /usr/lib/x86_64-linux-gnu/libidn.so.12.6.5
7ac263a4d000-7ac263a52000 r-xp 00003000 103:03 28977803                  /usr/lib/x86_64-linux-gnu/libidn.so.12.6.5
7ac263a52000-7ac263a7c000 r--p 00008000 103:03 28977803                  /usr/lib/x86_64-linux-gnu/libidn.so.12.6.5
7ac263a7c000-7ac263a7e000 r--p 00031000 103:03 28977803                  /usr/lib/x86_64-linux-gnu/libidn.so.12.6.5
7ac263a7e000-7ac263a7f000 rw-p 00033000 103:03 28977803                  /usr/lib/x86_64-linux-gnu/libidn.so.12.6.5
7ac263a7f000-7ac263a87000 r--p 00000000 103:03 28975931                  /usr/lib/x86_64-linux-gnu/libvlc.so.5.6.1
7ac263a87000-7ac263a9d000 r-xp 00008000 103:03 28975931                  /usr/lib/x86_64-linux-gnu/libvlc.so.5.6.1
7ac263a9d000-7ac263aa5000 r--p 0001e000 103:03 28975931                  /usr/lib/x86_64-linux-gnu/libvlc.so.5.6.1
7ac263aa5000-7ac263aa6000 r--p 00025000 103:03 28975931                  /usr/lib/x86_64-linux-gnu/libvlc.so.5.6.1
7ac263aa6000-7ac263aa7000 rw-p 00026000 103:03 28975931                  /usr/lib/x86_64-linux-gnu/libvlc.so.5.6.1
7ac263aa7000-7ac263c98000 rw-p 00000000 00:00 0 
7ac263c98000-7ac264308000 ---p 00000000 00:00 0 
7ac264308000-7ac264328000 rw-p 00000000 00:00 0 
7ac264328000-7ac264368000 ---p 00000000 00:00 0 
7ac264368000-7ac264378000 rw-p 00000000 00:00 0 
7ac264378000-7ac26b858000 ---p 00000000 00:00 0 
7ac26b858000-7ac26b886000 rw-p 00000000 00:00 0 
7ac26b886000-7ac26b954000 ---p 00000000 00:00 0 
7ac26b954000-7ac26b958000 rw-p 00000000 00:00 0 
7ac26b958000-7ac26b960000 ---p 00000000 00:00 0 
7ac26b960000-7ac26b962000 rw-p 00000000 00:00 0 
7ac26b962000-7ac26c7fe000 ---p 00000000 00:00 0 
7ac26c7fe000-7ac26c800000 rw-p 00000000 00:00 0 
7ac26c800000-7ac26ce80000 rwxp 00000000 00:00 0 
7ac26ce80000-7ac273c5f000 ---p 00000000 00:00 0 
7ac273c5f000-7ac27406f000 rwxp 00000000 00:00 0 
7ac27406f000-7ac2743a0000 ---p 00000000 00:00 0 
7ac2743a0000-7ac274610000 rwxp 00000000 00:00 0 
7ac274610000-7ac27b800000 ---p 00000000 00:00 0 
7ac27b800000-7ac283e51000 r--s 00000000 103:03 530714                    /usr/lib/jvm/java-21-openjdk-amd64/lib/modules
7ac283e51000-7ac283e52000 r-xp 0005e000 103:03 786473                    /tmp/lwjgl_paullexd/3.3.6+1/x64/liblwjgl.so
7ac283e52000-7ac283e53000 rw-p 00000000 00:00 0 
7ac283e53000-7ac283e57000 r--p 00000000 103:03 28978091                  /usr/lib/x86_64-linux-gnu/libnss_resolve.so.2
7ac283e57000-7ac283e74000 r-xp 00004000 103:03 28978091                  /usr/lib/x86_64-linux-gnu/libnss_resolve.so.2
7ac283e74000-7ac283e7c000 r--p 00021000 103:03 28978091                  /usr/lib/x86_64-linux-gnu/libnss_resolve.so.2
7ac283e7c000-7ac283e7d000 r--p 00029000 103:03 28978091                  /usr/lib/x86_64-linux-gnu/libnss_resolve.so.2
7ac283e7d000-7ac283e7e000 rw-p 0002a000 103:03 28978091                  /usr/lib/x86_64-linux-gnu/libnss_resolve.so.2
7ac283e7e000-7ac285432000 rw-p 00000000 00:00 0 
7ac285432000-7ac288000000 ---p 00000000 00:00 0 
7ac288000000-7ac288001000 rw-s 00000000 00:07 968                        /dev/nvidiactl
7ac288001000-7ac288005000 ---p 00000000 00:00 0 
7ac288005000-7ac288023000 rw-p 00000000 00:00 0 
7ac288023000-7ac288886000 rw-p 00000000 00:00 0 
7ac288886000-7ac288887000 ---p 00000000 00:00 0 
7ac288887000-7ac288987000 rw-p 00000000 00:00 0 
7ac288987000-7ac288988000 ---p 00000000 00:00 0 
7ac288988000-7ac288a88000 rw-p 00000000 00:00 0 
7ac288a88000-7ac288a89000 ---p 00000000 00:00 0 
7ac288a89000-7ac288b89000 rw-p 00000000 00:00 0 
7ac288b89000-7ac288ca5000 rw-p 00000000 00:00 0 
7ac288ca5000-7ac288d73000 ---p 00000000 00:00 0 
7ac288d73000-7ac288d77000 rw-p 00000000 00:00 0 
7ac288d77000-7ac288d7f000 ---p 00000000 00:00 0 
7ac288d7f000-7ac288d81000 rw-p 00000000 00:00 0 
7ac288d81000-7ac289c1d000 ---p 00000000 00:00 0 
7ac289c1d000-7ac28ab33000 rw-p 00000000 00:00 0 
7ac28ab33000-7ac28ac17000 ---p 00000000 00:00 0 
7ac28ac17000-7ac28ac24000 rw-p 00000000 00:00 0 
7ac28ac24000-7ac28ad00000 ---p 00000000 00:00 0 
7ac28ad00000-7ac28ad04000 ---p 00000000 00:00 0 
7ac28ad04000-7ac28ae00000 rw-p 00000000 00:00 0 
7ac28ae00000-7ac28ae9d000 r--p 00000000 103:03 28978487                  /usr/lib/x86_64-linux-gnu/libstdc++.so.6.0.33
7ac28ae9d000-7ac28afe5000 r-xp 0009d000 103:03 28978487                  /usr/lib/x86_64-linux-gnu/libstdc++.so.6.0.33
7ac28afe5000-7ac28b06c000 r--p 001e5000 103:03 28978487                  /usr/lib/x86_64-linux-gnu/libstdc++.so.6.0.33
7ac28b06c000-7ac28b077000 r--p 0026b000 103:03 28978487                  /usr/lib/x86_64-linux-gnu/libstdc++.so.6.0.33
7ac28b077000-7ac28b07a000 rw-p 00276000 103:03 28978487                  /usr/lib/x86_64-linux-gnu/libstdc++.so.6.0.33
7ac28b07a000-7ac28b07e000 rw-p 00000000 00:00 0 
7ac28b07e000-7ac28b07f000 r--s 00000000 00:07 968                        /dev/nvidiactl
7ac28b07f000-7ac28b086000 r--s 00000000 103:03 28979009                  /usr/lib/x86_64-linux-gnu/gconv/gconv-modules.cache
7ac28b086000-7ac28b089000 r--p 00000000 103:03 28977140                  /usr/lib/x86_64-linux-gnu/libcap.so.2.66
7ac28b089000-7ac28b08f000 r-xp 00003000 103:03 28977140                  /usr/lib/x86_64-linux-gnu/libcap.so.2.66
7ac28b08f000-7ac28b091000 r--p 00009000 103:03 28977140                  /usr/lib/x86_64-linux-gnu/libcap.so.2.66
7ac28b091000-7ac28b092000 r--p 0000b000 103:03 28977140                  /usr/lib/x86_64-linux-gnu/libcap.so.2.66
7ac28b092000-7ac28b093000 rw-p 0000c000 103:03 28977140                  /usr/lib/x86_64-linux-gnu/libcap.so.2.66
7ac28b093000-7ac28b094000 rw-p 00000000 00:00 0 
7ac28b094000-7ac28b095000 r--p 00000000 103:03 1318180                   /usr/lib/x86_64-linux-gnu/vlc/plugins/keystore/libmemory_keystore_plugin.so
7ac28b095000-7ac28b096000 r-xp 00001000 103:03 1318180                   /usr/lib/x86_64-linux-gnu/vlc/plugins/keystore/libmemory_keystore_plugin.so
7ac28b096000-7ac28b097000 r--p 00002000 103:03 1318180                   /usr/lib/x86_64-linux-gnu/vlc/plugins/keystore/libmemory_keystore_plugin.so
7ac28b097000-7ac28b098000 r--p 00002000 103:03 1318180                   /usr/lib/x86_64-linux-gnu/vlc/plugins/keystore/libmemory_keystore_plugin.so
7ac28b098000-7ac28b099000 rw-p 00003000 103:03 1318180                   /usr/lib/x86_64-linux-gnu/vlc/plugins/keystore/libmemory_keystore_plugin.so
7ac28b099000-7ac28b09a000 r--p 00000000 103:03 1318183                   /usr/lib/x86_64-linux-gnu/vlc/plugins/logger/libconsole_logger_plugin.so
7ac28b09a000-7ac28b09b000 r-xp 00001000 103:03 1318183                   /usr/lib/x86_64-linux-gnu/vlc/plugins/logger/libconsole_logger_plugin.so
7ac28b09b000-7ac28b09c000 r--p 00002000 103:03 1318183                   /usr/lib/x86_64-linux-gnu/vlc/plugins/logger/libconsole_logger_plugin.so
7ac28b09c000-7ac28b09d000 r--p 00002000 103:03 1318183                   /usr/lib/x86_64-linux-gnu/vlc/plugins/logger/libconsole_logger_plugin.so
7ac28b09d000-7ac28b09e000 rw-p 00003000 103:03 1318183                   /usr/lib/x86_64-linux-gnu/vlc/plugins/logger/libconsole_logger_plugin.so
7ac28b09e000-7ac28b09f000 r--p 00000000 103:03 1318184                   /usr/lib/x86_64-linux-gnu/vlc/plugins/logger/libfile_logger_plugin.so
7ac28b09f000-7ac28b0a0000 r-xp 00001000 103:03 1318184                   /usr/lib/x86_64-linux-gnu/vlc/plugins/logger/libfile_logger_plugin.so
7ac28b0a0000-7ac28b0a1000 r--p 00002000 103:03 1318184                   /usr/lib/x86_64-linux-gnu/vlc/plugins/logger/libfile_logger_plugin.so
7ac28b0a1000-7ac28b0a2000 r--p 00002000 103:03 1318184                   /usr/lib/x86_64-linux-gnu/vlc/plugins/logger/libfile_logger_plugin.so
7ac28b0a2000-7ac28b0a3000 rw-p 00003000 103:03 1318184                   /usr/lib/x86_64-linux-gnu/vlc/plugins/logger/libfile_logger_plugin.so
7ac28b0a3000-7ac28b0a4000 r--p 00000000 103:03 1318186                   /usr/lib/x86_64-linux-gnu/vlc/plugins/logger/libsyslog_plugin.so
7ac28b0a4000-7ac28b0a5000 r-xp 00001000 103:03 1318186                   /usr/lib/x86_64-linux-gnu/vlc/plugins/logger/libsyslog_plugin.so
7ac28b0a5000-7ac28b0a6000 r--p 00002000 103:03 1318186                   /usr/lib/x86_64-linux-gnu/vlc/plugins/logger/libsyslog_plugin.so
7ac28b0a6000-7ac28b0a7000 r--p 00002000 103:03 1318186                   /usr/lib/x86_64-linux-gnu/vlc/plugins/logger/libsyslog_plugin.so
7ac28b0a7000-7ac28b0a8000 rw-p 00003000 103:03 1318186                   /usr/lib/x86_64-linux-gnu/vlc/plugins/logger/libsyslog_plugin.so
7ac28b0a8000-7ac28b0a9000 r--p 00000000 103:03 1318185                   /usr/lib/x86_64-linux-gnu/vlc/plugins/logger/libsd_journal_plugin.so
7ac28b0a9000-7ac28b0aa000 r-xp 00001000 103:03 1318185                   /usr/lib/x86_64-linux-gnu/vlc/plugins/logger/libsd_journal_plugin.so
7ac28b0aa000-7ac28b0ab000 r--p 00002000 103:03 1318185                   /usr/lib/x86_64-linux-gnu/vlc/plugins/logger/libsd_journal_plugin.so
7ac28b0ab000-7ac28b0ac000 r--p 00002000 103:03 1318185                   /usr/lib/x86_64-linux-gnu/vlc/plugins/logger/libsd_journal_plugin.so
7ac28b0ac000-7ac28b0ad000 rw-p 00003000 103:03 1318185                   /usr/lib/x86_64-linux-gnu/vlc/plugins/logger/libsd_journal_plugin.so
7ac28b0ad000-7ac28b0af000 r--p 00000000 103:03 530703                    /usr/lib/jvm/java-21-openjdk-amd64/lib/libmanagement_ext.so
7ac28b0af000-7ac28b0b2000 r-xp 00002000 103:03 530703                    /usr/lib/jvm/java-21-openjdk-amd64/lib/libmanagement_ext.so
7ac28b0b2000-7ac28b0b3000 r--p 00005000 103:03 530703                    /usr/lib/jvm/java-21-openjdk-amd64/lib/libmanagement_ext.so
7ac28b0b3000-7ac28b0b4000 r--p 00006000 103:03 530703                    /usr/lib/jvm/java-21-openjdk-amd64/lib/libmanagement_ext.so
7ac28b0b4000-7ac28b0b5000 rw-p 00007000 103:03 530703                    /usr/lib/jvm/java-21-openjdk-amd64/lib/libmanagement_ext.so
7ac28b0b5000-7ac28b0b7000 r--p 00000000 103:03 530713                    /usr/lib/jvm/java-21-openjdk-amd64/lib/libzip.so
7ac28b0b7000-7ac28b0bc000 r-xp 00002000 103:03 530713                    /usr/lib/jvm/java-21-openjdk-amd64/lib/libzip.so
7ac28b0bc000-7ac28b0be000 r--p 00007000 103:03 530713                    /usr/lib/jvm/java-21-openjdk-amd64/lib/libzip.so
7ac28b0be000-7ac28b0bf000 r--p 00008000 103:03 530713                    /usr/lib/jvm/java-21-openjdk-amd64/lib/libzip.so
7ac28b0bf000-7ac28b0c0000 rw-p 00009000 103:03 530713                    /usr/lib/jvm/java-21-openjdk-amd64/lib/libzip.so
7ac28b0c0000-7ac28b0c7000 r--p 00000000 103:03 530706                    /usr/lib/jvm/java-21-openjdk-amd64/lib/libnio.so
7ac28b0c7000-7ac28b0d0000 r-xp 00007000 103:03 530706                    /usr/lib/jvm/java-21-openjdk-amd64/lib/libnio.so
7ac28b0d0000-7ac28b0d4000 r--p 00010000 103:03 530706                    /usr/lib/jvm/java-21-openjdk-amd64/lib/libnio.so
7ac28b0d4000-7ac28b0d5000 r--p 00014000 103:03 530706                    /usr/lib/jvm/java-21-openjdk-amd64/lib/libnio.so
7ac28b0d5000-7ac28b0d6000 rw-p 00015000 103:03 530706                    /usr/lib/jvm/java-21-openjdk-amd64/lib/libnio.so
7ac28b0d6000-7ac28b117000 rw-p 00000000 00:00 0 
7ac28b117000-7ac28b127000 r--p 00000000 103:03 28979023                  /usr/lib/x86_64-linux-gnu/libm.so.6
7ac28b127000-7ac28b1a6000 r-xp 00010000 103:03 28979023                  /usr/lib/x86_64-linux-gnu/libm.so.6
7ac28b1a6000-7ac28b1fe000 r--p 0008f000 103:03 28979023                  /usr/lib/x86_64-linux-gnu/libm.so.6
7ac28b1fe000-7ac28b1ff000 r--p 000e7000 103:03 28979023                  /usr/lib/x86_64-linux-gnu/libm.so.6
7ac28b1ff000-7ac28b200000 rw-p 000e8000 103:03 28979023                  /usr/lib/x86_64-linux-gnu/libm.so.6
7ac28b200000-7ac28b4a2000 r--p 00000000 103:03 530720                    /usr/lib/jvm/java-21-openjdk-amd64/lib/server/libjvm.so
7ac28b4a2000-7ac28c319000 r-xp 002a2000 103:03 530720                    /usr/lib/jvm/java-21-openjdk-amd64/lib/server/libjvm.so
7ac28c319000-7ac28c5f4000 r--p 01119000 103:03 530720                    /usr/lib/jvm/java-21-openjdk-amd64/lib/server/libjvm.so
7ac28c5f4000-7ac28c6c8000 r--p 013f3000 103:03 530720                    /usr/lib/jvm/java-21-openjdk-amd64/lib/server/libjvm.so
7ac28c6c8000-7ac28c6f8000 rw-p 014c7000 103:03 530720                    /usr/lib/jvm/java-21-openjdk-amd64/lib/server/libjvm.so
7ac28c6f8000-7ac28c75e000 rw-p 00000000 00:00 0 
7ac28c75e000-7ac28c75f000 r--p 00000000 103:03 28978085                  /usr/lib/x86_64-linux-gnu/libnss_mdns4_minimal.so.2
7ac28c75f000-7ac28c761000 r-xp 00001000 103:03 28978085                  /usr/lib/x86_64-linux-gnu/libnss_mdns4_minimal.so.2
7ac28c761000-7ac28c762000 r--p 00003000 103:03 28978085                  /usr/lib/x86_64-linux-gnu/libnss_mdns4_minimal.so.2
7ac28c762000-7ac28c763000 r--p 00003000 103:03 28978085                  /usr/lib/x86_64-linux-gnu/libnss_mdns4_minimal.so.2
7ac28c763000-7ac28c764000 rw-p 00004000 103:03 28978085                  /usr/lib/x86_64-linux-gnu/libnss_mdns4_minimal.so.2
7ac28c764000-7ac28c767000 r--p 00000000 103:03 530705                    /usr/lib/jvm/java-21-openjdk-amd64/lib/libnet.so
7ac28c767000-7ac28c76f000 r-xp 00003000 103:03 530705                    /usr/lib/jvm/java-21-openjdk-amd64/lib/libnet.so
7ac28c76f000-7ac28c771000 r--p 0000b000 103:03 530705                    /usr/lib/jvm/java-21-openjdk-amd64/lib/libnet.so
7ac28c771000-7ac28c772000 r--p 0000c000 103:03 530705                    /usr/lib/jvm/java-21-openjdk-amd64/lib/libnet.so
7ac28c772000-7ac28c773000 rw-p 0000d000 103:03 530705                    /usr/lib/jvm/java-21-openjdk-amd64/lib/libnet.so
7ac28c773000-7ac28c7fa000 rw-p 00000000 00:00 0 
7ac28c7fa000-7ac28c800000 ---p 00000000 00:00 0 
7ac28c800000-7ac28c828000 r--p 00000000 103:03 28979020                  /usr/lib/x86_64-linux-gnu/libc.so.6
7ac28c828000-7ac28c9b0000 r-xp 00028000 103:03 28979020                  /usr/lib/x86_64-linux-gnu/libc.so.6
7ac28c9b0000-7ac28c9ff000 r--p 001b0000 103:03 28979020                  /usr/lib/x86_64-linux-gnu/libc.so.6
7ac28c9ff000-7ac28ca03000 r--p 001fe000 103:03 28979020                  /usr/lib/x86_64-linux-gnu/libc.so.6
7ac28ca03000-7ac28ca05000 rw-p 00202000 103:03 28979020                  /usr/lib/x86_64-linux-gnu/libc.so.6
7ac28ca05000-7ac28ca12000 rw-p 00000000 00:00 0 
7ac28ca12000-7ac28ca15000 rwxp 00000000 00:00 0 
7ac28ca15000-7ac28ca16000 r--p 00000000 00:00 0 
7ac28ca16000-7ac28ca23000 r--p 00000000 103:03 530691                    /usr/lib/jvm/java-21-openjdk-amd64/lib/libjava.so
7ac28ca23000-7ac28ca32000 r-xp 0000d000 103:03 530691                    /usr/lib/jvm/java-21-openjdk-amd64/lib/libjava.so
7ac28ca32000-7ac28ca37000 r--p 0001c000 103:03 530691                    /usr/lib/jvm/java-21-openjdk-amd64/lib/libjava.so
7ac28ca37000-7ac28ca38000 r--p 00021000 103:03 530691                    /usr/lib/jvm/java-21-openjdk-amd64/lib/libjava.so
7ac28ca38000-7ac28ca39000 rw-p 00022000 103:03 530691                    /usr/lib/jvm/java-21-openjdk-amd64/lib/libjava.so
7ac28ca39000-7ac28ca3a000 rw-p 00000000 00:00 0 
7ac28ca3a000-7ac28ca3e000 r--p 00000000 103:03 28977460                  /usr/lib/x86_64-linux-gnu/libgcc_s.so.1
7ac28ca3e000-7ac28ca62000 r-xp 00004000 103:03 28977460                  /usr/lib/x86_64-linux-gnu/libgcc_s.so.1
7ac28ca62000-7ac28ca66000 r--p 00028000 103:03 28977460                  /usr/lib/x86_64-linux-gnu/libgcc_s.so.1
7ac28ca66000-7ac28ca67000 r--p 0002b000 103:03 28977460                  /usr/lib/x86_64-linux-gnu/libgcc_s.so.1
7ac28ca67000-7ac28ca68000 rw-p 0002c000 103:03 28977460                  /usr/lib/x86_64-linux-gnu/libgcc_s.so.1
7ac28ca68000-7ac28ca6a000 rw-p 00000000 00:00 0 
7ac28ca6a000-7ac28ca6c000 r--p 00000000 103:03 530695                    /usr/lib/jvm/java-21-openjdk-amd64/lib/libjli.so
7ac28ca6c000-7ac28ca76000 r-xp 00002000 103:03 530695                    /usr/lib/jvm/java-21-openjdk-amd64/lib/libjli.so
7ac28ca76000-7ac28ca79000 r--p 0000c000 103:03 530695                    /usr/lib/jvm/java-21-openjdk-amd64/lib/libjli.so
7ac28ca79000-7ac28ca7a000 r--p 0000f000 103:03 530695                    /usr/lib/jvm/java-21-openjdk-amd64/lib/libjli.so
7ac28ca7a000-7ac28ca7b000 rw-p 00010000 103:03 530695                    /usr/lib/jvm/java-21-openjdk-amd64/lib/libjli.so
7ac28ca7b000-7ac28ca7d000 r--p 00000000 103:03 28978787                  /usr/lib/x86_64-linux-gnu/libz.so.1.3
7ac28ca7d000-7ac28ca8f000 r-xp 00002000 103:03 28978787                  /usr/lib/x86_64-linux-gnu/libz.so.1.3
7ac28ca8f000-7ac28ca95000 r--p 00014000 103:03 28978787                  /usr/lib/x86_64-linux-gnu/libz.so.1.3
7ac28ca95000-7ac28ca96000 r--p 0001a000 103:03 28978787                  /usr/lib/x86_64-linux-gnu/libz.so.1.3
7ac28ca96000-7ac28ca97000 rw-p 0001b000 103:03 28978787                  /usr/lib/x86_64-linux-gnu/libz.so.1.3
7ac28ca97000-7ac28ca98000 rwxp 00000000 00:00 0 
7ac28ca98000-7ac28ca9a000 r--p 00000000 103:03 530701                    /usr/lib/jvm/java-21-openjdk-amd64/lib/libmanagement.so
7ac28ca9a000-7ac28ca9b000 r-xp 00002000 103:03 530701                    /usr/lib/jvm/java-21-openjdk-amd64/lib/libmanagement.so
7ac28ca9b000-7ac28ca9c000 r--p 00003000 103:03 530701                    /usr/lib/jvm/java-21-openjdk-amd64/lib/libmanagement.so
7ac28ca9c000-7ac28ca9d000 r--p 00003000 103:03 530701                    /usr/lib/jvm/java-21-openjdk-amd64/lib/libmanagement.so
7ac28ca9d000-7ac28ca9e000 rw-p 00004000 103:03 530701                    /usr/lib/jvm/java-21-openjdk-amd64/lib/libmanagement.so
7ac28ca9e000-7ac28caa6000 rw-s 00000000 103:03 673929                    /tmp/hsperfdata_paullexd/344350 (deleted)
7ac28caa6000-7ac28caa7000 ---p 00000000 00:00 0 
7ac28caa7000-7ac28caa8000 r--p 00000000 00:00 0 
7ac28caa8000-7ac28caa9000 ---p 00000000 00:00 0 
7ac28caa9000-7ac28caab000 r--p 00000000 103:03 530694                    /usr/lib/jvm/java-21-openjdk-amd64/lib/libjimage.so
7ac28caab000-7ac28caae000 r-xp 00002000 103:03 530694                    /usr/lib/jvm/java-21-openjdk-amd64/lib/libjimage.so
7ac28caae000-7ac28caaf000 r--p 00005000 103:03 530694                    /usr/lib/jvm/java-21-openjdk-amd64/lib/libjimage.so
7ac28caaf000-7ac28cab0000 r--p 00006000 103:03 530694                    /usr/lib/jvm/java-21-openjdk-amd64/lib/libjimage.so
7ac28cab0000-7ac28cab1000 rw-p 00007000 103:03 530694                    /usr/lib/jvm/java-21-openjdk-amd64/lib/libjimage.so
7ac28cab1000-7ac28cab3000 rw-p 00000000 00:00 0 
7ac28cab3000-7ac28cab7000 r--p 00000000 00:00 0                          [vvar]
7ac28cab7000-7ac28cab9000 r--p 00000000 00:00 0                          [vvar_vclock]
7ac28cab9000-7ac28cabb000 r-xp 00000000 00:00 0                          [vdso]
7ac28cabb000-7ac28cabc000 r--p 00000000 103:03 28979017                  /usr/lib/x86_64-linux-gnu/ld-linux-x86-64.so.2
7ac28cabc000-7ac28cae7000 r-xp 00001000 103:03 28979017                  /usr/lib/x86_64-linux-gnu/ld-linux-x86-64.so.2
7ac28cae7000-7ac28caf1000 r--p 0002c000 103:03 28979017                  /usr/lib/x86_64-linux-gnu/ld-linux-x86-64.so.2
7ac28caf1000-7ac28caf3000 r--p 00036000 103:03 28979017                  /usr/lib/x86_64-linux-gnu/ld-linux-x86-64.so.2
7ac28caf3000-7ac28caf5000 rw-p 00038000 103:03 28979017                  /usr/lib/x86_64-linux-gnu/ld-linux-x86-64.so.2
7ffeea22c000-7ffeea24e000 rw-p 00000000 00:00 0                          [stack]
ffffffffff600000-ffffffffff601000 --xp 00000000 00:00 0                  [vsyscall]
Total number of mappings: 1796

JVMTI agents: none


VM Arguments:
jvm_args: -Dfile.encoding=UTF-8 -Duser.country=MX -Duser.language=es -Duser.variant 
java_command: org.watermedia.app.TestOpenGLApp
java_class_path (initial): /home/paullexd/Documentos/GitHub/watermedia/build/classes/java/test:/home/paullexd/Documentos/GitHub/watermedia/build/resources/test:/home/paullexd/Documentos/GitHub/watermedia/build/classes/java/main:/home/paullexd/Documentos/GitHub/watermedia/build/resources/main:/home/paullexd/.gradle/caches/modules-2/files-2.1/org.junit.platform/junit-platform-engine/1.8.1/e6c63bf990dc88a6527b4ed617b23e47048f07e0/junit-platform-engine-1.8.1.jar:/home/paullexd/.gradle/caches/modules-2/files-2.1/org.junit.platform/junit-platform-commons/1.8.1/1e362cbe6d0f225b066757865e233972557484/junit-platform-commons-1.8.1.jar:/home/paullexd/.gradle/caches/modules-2/files-2.1/org.junit.jupiter/junit-jupiter-engine/5.8.1/21b86e08aae2720bbf017703669948be96d1388c/junit-jupiter-engine-5.8.1.jar:/home/paullexd/.gradle/caches/modules-2/files-2.1/org.junit.jupiter/junit-jupiter-api/5.8.1/6538b88eb8bf8811bc7b6efb5246f835c15e0bfe/junit-jupiter-api-5.8.1.jar:/home/paullexd/.gradle/caches/modules-2/files-2.1/org.lwjgl/lwjgl-opengl/3.3.6/b8dc6467fe232d552793c53dc56f9fa8a385299c/lwjgl-opengl-3.3.6-natives-linux.jar:/home/paullexd/.gradle/caches/modules-2/files-2.1/org.lwjgl/lwjgl-glfw/3.3.6/797e0965709ad180d9b00c88a086dbda15002203/lwjgl-glfw-3.3.6-natives-linux.jar:/home/paullexd/.gradle/caches/modules-2/files-2.1/org.lwjgl/lwjgl/3.3.6/dc7db8fc4f1e6563867f9155b9a42d9c73d8992f/lwjgl-3.3.6-natives-linux.jar:/home/paullexd/.gradle/caches/modules-2/files-2.1/org.lwjgl/lwjgl/3.3.6/ce7721d30cfaf47feaed10213e0c43eb55c49d68/lwjgl-3.3.6.jar:/home/paullexd/.gradle/caches/modules-2/files-2.1/org.opentest4j/opentest4j/1.2.0/28c11eb91f9b6d8e200631d46e20a7f407f2a046/opentest4j-1.2.0.jar:/home/paullexd/Documentos/GitHub/watermedia/libs/xz-1.8.jar:/home/paullexd/.gradle/caches/modules-2/files-2.1/com.github.WaterMediaTeam/vlcj-submodule/0.0.7-rebose/ec06ccb8dec19ba2932c33654047204d13a2b5b6/vlcj-submodule-0.0.7-rebose.jar:/home/paullexd/.gradle/caches/modules-2/files-2.1/com.github.WaterMediaTeam/videolan-natives/3.0.18-5.1-JAVA8/995329eaffbadfc4d6e645b8ef11a93a2f6f15bc/videolan-natives-3.0.18-5.1-JAVA8.jar:/home/paullexd/.gradle/caches/modules-2/files-2.1/net.java.dev.jna/jna/4.4.0/cb208278274bf12ebdb56c61bd7407e6f774d65a/jna-4.4.0.jar:/home/paullexd/.gradle/caches/modules-2/files-2.1/net.java.dev.jna/platform/3.4.0/e3f70017be8100d3d6923f50b3d2ee17714e9c13/platform-3.4.0.jar:/home/paullexd/.gradle/caches/modules-2/files-2.1/org.apache.logging.log4j/log4j-core/2.17.1/779f60f3844dadc3ef597976fcb1e5127b1f343d/log4j-core-2.17.1.jar:/home/paullexd/.gradle/caches/modules-2/files-2.1/org.apache.logging.log4j/log4j-api/2.17.1/d771af8e336e372fb5399c99edabe0919aeaf5b2/log4j-api-2.17.1.jar:/home/paullexd/.gradle/caches/modules-2/files-2.1/com.google.code.gson/gson/2.10.1/b3add478d4382b78ea20b1671390a858002feb6c/gson-2.10.1.jar:/home/paullexd/.gradle/caches/modules-2/files-2.1/org.lwjgl/lwjgl-opengl/3.3.6/ac2532612a4df374e9a9282bcf8ce2573018ebbb/lwjgl-opengl-3.3.6.jar:/home/paullexd/.gradle/caches/modules-2/files-2.1/org.lwjgl/lwjgl-glfw/3.3.6/7119f7d0eeb1e5502ff0ca71d2b4d47317da015/lwjgl-glfw-3.3.6.jar:/home/paullexd/.gradle/caches/modules-2/files-2.1/org.lwjgl/lwjgl-openal/3.3.6/ad313317ff399fd2a7f4dd74716a68cf3976c6ad/lwjgl-openal-3.3.6.jar
Launcher Type: SUN_STANDARD

[Global flags]
     intx CICompilerCount                          = 12                                        {product} {ergonomic}
     uint ConcGCThreads                            = 4                                         {product} {ergonomic}
     uint G1ConcRefinementThreads                  = 15                                        {product} {ergonomic}
   size_t G1HeapRegionSize                         = 4194304                                   {product} {ergonomic}
    uintx GCDrainStackTargetSize                   = 64                                        {product} {ergonomic}
   size_t InitialHeapSize                          = 524288000                                 {product} {ergonomic}
   size_t MarkStackSize                            = 4194304                                   {product} {ergonomic}
   size_t MaxHeapSize                              = 8371830784                                {product} {ergonomic}
   size_t MaxNewSize                               = 5020581888                                {product} {ergonomic}
   size_t MinHeapDeltaBytes                        = 4194304                                   {product} {ergonomic}
   size_t MinHeapSize                              = 8388608                                   {product} {ergonomic}
    uintx NonNMethodCodeHeapSize                   = 7602480                                {pd product} {ergonomic}
    uintx NonProfiledCodeHeapSize                  = 122027880                              {pd product} {ergonomic}
    uintx ProfiledCodeHeapSize                     = 122027880                              {pd product} {ergonomic}
    uintx ReservedCodeCacheSize                    = 251658240                              {pd product} {ergonomic}
     bool SegmentedCodeCache                       = true                                      {product} {ergonomic}
   size_t SoftMaxHeapSize                          = 8371830784                             {manageable} {ergonomic}
     bool UseCompressedOops                        = true                           {product lp64_product} {ergonomic}
     bool UseG1GC                                  = true                                      {product} {ergonomic}

Logging:
Log output configuration:
 #0: 
[error occurred during error reporting (printing log configuration), id 0xb, SIGSEGV (0xb) at pc=0x00007ac28bd976d6]
Release file:
IMPLEMENTOR="Ubuntu"
JAVA_RUNTIME_VERSION="21.0.11+10-1-24.04.2-Ubuntu"
JAVA_VERSION="21.0.11"
JAVA_VERSION_DATE="2026-04-21"
LIBC="gnu"
MODULES="java.base java.compiler java.datatransfer java.xml java.prefs java.desktop java.instrument java.logging java.management java.security.sasl java.naming java.rmi java.management.rmi java.net.http java.scripting java.security.jgss java.transaction.xa java.sql java.sql.rowset java.xml.crypto java.se java.smartcardio jdk.accessibility jdk.internal.jvmstat jdk.attach jdk.charsets jdk.internal.opt jdk.zipfs jdk.compiler jdk.crypto.ec jdk.crypto.cryptoki jdk.dynalink jdk.internal.ed jdk.editpad jdk.hotspot.agent jdk.httpserver jdk.incubator.vector jdk.internal.le jdk.internal.vm.ci jdk.internal.vm.compiler jdk.internal.vm.compiler.management jdk.jartool jdk.javadoc jdk.jcmd jdk.management jdk.management.agent jdk.jconsole jdk.jdeps jdk.jdwp.agent jdk.jdi jdk.jfr jdk.jlink jdk.jpackage jdk.jshell jdk.jsobject jdk.jstatd jdk.localedata jdk.management.jfr jdk.naming.dns jdk.naming.rmi jdk.net jdk.nio.mapmode jdk.random jdk.sctp jdk.security.auth jdk.security.jgss jdk.unsupported jdk.unsupported.desktop jdk.xml.dom"
OS_ARCH="x86_64"
OS_NAME="Linux"
SOURCE=""

Environment Variables:
PATH=/home/paullexd/.local/bin:/home/paullexd/.local/bin:/home/paullexd/.local/bin:/home/paullexd/.local/bin:/home/paullexd/.local/bin:/home/paullexd/.local/bin:/home/paullexd/.local/bin:/home/paullexd/.local/bin:/usr/local/sbin:/usr/local/bin:/usr/sbin:/usr/bin:/sbin:/bin:/usr/games:/usr/local/games:/snap/bin:/home/paullexd/.antigravity-ide/extensions/vscjava.vscode-java-debug-0.59.0-universal/bundled/scripts/noConfigScripts
SHELL=/bin/bash
DISPLAY=:1
WAYLAND_DISPLAY=wayland-1
LANG=es_MX.UTF-8
TERM=xterm-256color

Active Locale:
LC_ALL=es_MX.UTF-8
LC_COLLATE=es_MX.UTF-8
LC_CTYPE=es_MX.UTF-8
LC_MESSAGES=es_MX.UTF-8
LC_MONETARY=es_MX.UTF-8
LC_NUMERIC=es_MX.UTF-8
LC_TIME=es_MX.UTF-8

Signal Handlers:
   SIGSEGV: crash_handler in libjvm.so, mask=11100100010111111101111111111110, flags=SA_RESTART|SA_SIGINFO, unblocked
    SIGBUS: crash_handler in libjvm.so, mask=11100100010111111101111111111110, flags=SA_RESTART|SA_SIGINFO, unblocked
    SIGFPE: crash_handler in libjvm.so, mask=11100100010111111101111111111110, flags=SA_RESTART|SA_SIGINFO, unblocked
   SIGPIPE: SIG_IGN, mask=00000000000010000000000000000000, flags=SA_RESTART, blocked
  *** Handler was modified!
  *** Expected: javaSignalHandler in libjvm.so, mask=11100100110111111111111111111110, flags=SA_RESTART|SA_SIGINFO
   SIGXFSZ: javaSignalHandler in libjvm.so, mask=11100100010111111101111111111110, flags=SA_RESTART|SA_SIGINFO, blocked
    SIGILL: crash_handler in libjvm.so, mask=11100100010111111101111111111110, flags=SA_RESTART|SA_SIGINFO, unblocked
   SIGUSR2: SR_handler in libjvm.so, mask=00000000000000000000000000000000, flags=SA_RESTART|SA_SIGINFO, blocked
    SIGHUP: UserHandler in libjvm.so, mask=11100100010111111101111111111110, flags=SA_RESTART|SA_SIGINFO, blocked
    SIGINT: UserHandler in libjvm.so, mask=11100100010111111101111111111110, flags=SA_RESTART|SA_SIGINFO, blocked
   SIGTERM: UserHandler in libjvm.so, mask=11100100010111111101111111111110, flags=SA_RESTART|SA_SIGINFO, blocked
   SIGQUIT: UserHandler in libjvm.so, mask=11100100010111111101111111111110, flags=SA_RESTART|SA_SIGINFO, blocked
   SIGTRAP: crash_handler in libjvm.so, mask=11100100010111111101111111111110, flags=SA_RESTART|SA_SIGINFO, unblocked


Periodic native trim disabled

---------------  S Y S T E M  ---------------

OS:
DISTRIB_ID=Pop
DISTRIB_RELEASE=24.04
DISTRIB_CODENAME=noble
DISTRIB_DESCRIPTION="Pop!_OS 24.04 LTS"
uname: Linux 7.0.11-76070011-generic #202606011647~1784215097~24.04~4974880 SMP PREEMPT_DYNAMIC Thu J x86_64
OS uptime: 0 days 8:34 hours
libc: glibc 2.39 NPTL 2.39 
rlimit (soft/hard): STACK 8192k/infinity , CORE 0k/infinity , NPROC 114840/114840 , NOFILE 1048576/1048576 , AS infinity/infinity , CPU infinity/infinity , DATA infinity/infinity , FSIZE infinity/infinity , MEMLOCK 4086824k/4086824k
load average: 3.10 3.00 3.20

/proc/meminfo:
MemTotal:       32694620 kB
MemFree:         9563836 kB
MemAvailable:   12678484 kB
Buffers:          307008 kB
Cached:          4938960 kB
SwapCached:         6444 kB
Active:         11451080 kB
Inactive:        6488276 kB
Active(anon):   10441696 kB
Inactive(anon):  2532172 kB
Active(file):    1009384 kB
Inactive(file):  3956104 kB
Unevictable:        8696 kB
Mlocked:            8696 kB
SwapTotal:      20970996 kB
SwapFree:       15267168 kB
Zswap:                 0 kB
Zswapped:              0 kB
Dirty:             39556 kB
Writeback:             0 kB
AnonPages:      12699764 kB
Mapped:          2398892 kB
Shmem:            288512 kB
KReclaimable:     330964 kB
Slab:             747392 kB
SReclaimable:     273668 kB
SUnreclaim:       473724 kB
KernelStack:       71536 kB
PageTables:       206984 kB
SecPageTables:      6596 kB
NFS_Unstable:          0 kB
Bounce:                0 kB
WritebackTmp:          0 kB
CommitLimit:    37318304 kB
Committed_AS:   52936184 kB
VmallocTotal:   34359738367 kB
VmallocUsed:      248364 kB
VmallocChunk:          0 kB
Percpu:            22400 kB
HardwareCorrupted:     0 kB
AnonHugePages:     20480 kB
ShmemHugePages:        0 kB
ShmemPmdMapped:        0 kB
FileHugePages:      4096 kB
FilePmdMapped:      4096 kB
CmaTotal:              0 kB
CmaFree:          986364 kB
Unaccepted:            0 kB
Balloon:               0 kB
HugePages_Total:       0
HugePages_Free:        0
HugePages_Rsvd:        0
HugePages_Surp:        0
Hugepagesize:       2048 kB
Hugetlb:               0 kB
DirectMap4k:     3638552 kB
DirectMap2M:    26607616 kB
DirectMap1G:     4194304 kB

/sys/kernel/mm/transparent_hugepage/enabled: always [madvise] never
/sys/kernel/mm/transparent_hugepage/hpage_pmd_size: 2097152
/sys/kernel/mm/transparent_hugepage/defrag (defrag/compaction efforts parameter): always defer defer+madvise [madvise] never

Process Memory:
Virtual Size: 14953228K (peak: 15146944K)
Resident Set Size: 737252K (peak: 747256K) (anon: 251376K, file: 485852K, shmem: 24K)
Swapped out: 0K
C-Heap outstanding allocations: 94312K, retained: 80095K
glibc malloc tunables: (default)

/proc/sys/kernel/threads-max (system-wide limit on the number of threads): 229681
/proc/sys/vm/max_map_count (maximum number of memory map areas a process may have): 2147483642
/proc/sys/vm/swappiness (control to define how aggressively the kernel swaps out anonymous memory): 180
/proc/sys/kernel/pid_max (system-wide limit on number of process identifiers): 4194304

container information not found.
Steal ticks since vm start: 0
Steal ticks percentage since vm start:  0.000

CPU: total 20 (initial active 20) (10 cores per cpu, 2 threads per core) family 6 model 151 stepping 2 microcode 0x3e, cx8, cmov, fxsr, ht, mmx, 3dnowpref, sse, sse2, sse3, ssse3, sse4.1, sse4.2, popcnt, lzcnt, tsc, tscinvbit, avx, avx2, aes, erms, clmul, bmi1, bmi2, adx, sha, fma, vzeroupper, clflush, clflushopt, clwb, serialize, rdtscp, rdpid, fsrm, f16c, pku, ospke, cet_ibt, cet_ss
CPU Model and flags from /proc/cpuinfo:
model name	: 12th Gen Intel(R) Core(TM) i7-12700F
flags		: fpu vme de pse tsc msr pae mce cx8 apic sep mtrr pge mca cmov pat pse36 clflush dts acpi mmx fxsr sse sse2 ss ht tm pbe syscall nx pdpe1gb rdtscp lm constant_tsc art arch_perfmon pebs bts rep_good nopl xtopology nonstop_tsc cpuid aperfmperf tsc_known_freq pni pclmulqdq dtes64 monitor ds_cpl vmx est tm2 ssse3 sdbg fma cx16 xtpr pdcm pcid sse4_1 sse4_2 x2apic movbe popcnt tsc_deadline_timer aes xsave avx f16c rdrand lahf_lm abm 3dnowprefetch cpuid_fault epb ssbd ibrs ibpb stibp ibrs_enhanced tpr_shadow flexpriority ept vpid ept_ad fsgsbase tsc_adjust bmi1 avx2 smep bmi2 erms invpcid rdseed adx smap clflushopt clwb intel_pt sha_ni xsaveopt xsavec xgetbv1 xsaves split_lock_detect user_shstk avx_vnni dtherm ida arat pln pts hwp hwp_notify hwp_act_window hwp_epp hwp_pkg_req hfi vnmi umip pku ospke waitpkg gfni vaes vpclmulqdq rdpid movdiri movdir64b fsrm md_clear serialize arch_lbr ibt flush_l1d arch_capabilities

Online cpus: 0-19
Offline cpus: 
BIOS frequency limitation: <Not Available>
Frequency switch latency (ns): 0
Available cpu frequencies: <Not Available>
Current governor: powersave
Core performance/turbo boost: <Not Available>

Memory: 4k page, physical 32694620k(12678484k free), swap 20970996k(15267168k free)
Page Sizes: 4k

vm_info: OpenJDK 64-Bit Server VM (21.0.11+10-1-24.04.2-Ubuntu) for linux-amd64 JRE (21.0.11+10-1-24.04.2-Ubuntu), built on 2026-04-26T09:33:23Z by "buildd" with gcc 13.3.0

END.
