[20:03:42] [main/INFO]: Loading Minecraft 1.21.1 with Fabric Loader 0.19.5
[20:03:42] [ForkJoinPool-1-worker-8/WARN]: Mod blossom uses the version 1.1.7e-1.21.1 which isn't compatible with Loader's extended semantic version format (Could not parse version number component '7e'!), SemVer is recommended for reliably evaluating dependencies and prioritizing newer version
[20:03:42] [ForkJoinPool-1-worker-11/WARN]: Mod com_github_rtyley_animated-gif-lib-for-java uses the version animated-gif-lib-1.7 which isn't compatible with Loader's extended semantic version format (Could not parse version number component 'animated'!), SemVer is recommended for reliably evaluating dependencies and prioritizing newer version
[20:03:42] [ForkJoinPool-1-worker-13/WARN]: Mod auctionator uses the version 1.0.0a which isn't compatible with Loader's extended semantic version format (Could not parse version number component '0a'!), SemVer is recommended for reliably evaluating dependencies and prioritizing newer version
[20:03:42] [ForkJoinPool-1-worker-19/WARN]: Mod numismatic-wow uses the version 1.0.0a which isn't compatible with Loader's extended semantic version format (Could not parse version number component '0a'!), SemVer is recommended for reliably evaluating dependencies and prioritizing newer version
[20:03:42] [ForkJoinPool-1-worker-18/WARN]: Mod postal uses the version 1.0.0b which isn't compatible with Loader's extended semantic version format (Could not parse version number component '0b'!), SemVer is recommended for reliably evaluating dependencies and prioritizing newer version
[20:03:42] [ForkJoinPool-1-worker-11/WARN]: Mod numismatic-guilds uses the version 1.0.0a which isn't compatible with Loader's extended semantic version format (Could not parse version number component '0a'!), SemVer is recommended for reliably evaluating dependencies and prioritizing newer version
[20:03:42] [ForkJoinPool-1-worker-19/WARN]: Mod numismatic uses the version 1.0.0a which isn't compatible with Loader's extended semantic version format (Could not parse version number component '0a'!), SemVer is recommended for reliably evaluating dependencies and prioritizing newer version
[20:03:43] [ForkJoinPool-1-worker-19/WARN]: Mod numismatic-api uses the version 1.0.0a which isn't compatible with Loader's extended semantic version format (Could not parse version number component '0a'!), SemVer is recommended for reliably evaluating dependencies and prioritizing newer version
[20:03:43] [main/INFO]: Loading 252 mods:
	- actionboard 1.0.0-1.21.1
	- antiroleplayers 1.0.0-1.21.1
	- architectury 13.0.8
	- auctionator 1.0.0a
	- balm 21.0.65
	   \-- kuma_api 21.0.8
	- betterdoors 1.0.0
	- betteritemsapi 1.1.1
	- bettermounthud 1.2.4
	- bettertrades 1.0.0-1.21.1
	   \-- sgui 1.6.1+1.21.1
	- bigbrain 2.1.13
	- biomeconfigs 1.5.0
	- biomeeffects 1.0.0-1.21.1
	- biomeprotections 1.0.0-1.21.1
	- blossom 1.1.7e-1.21.1
	   |-- com_github_shynixn_mccoroutine_mccoroutine-fabric-api 2.20.0
	   \-- com_github_shynixn_mccoroutine_mccoroutine-fabric-core 2.20.0
	- bordercreator 0.0.1
	- brrp_v1 1.0.4
	- celestesafio 1.0-SNAPSHOT
	- cinematicstudio 3.0.0+1.21.1
	   \-- studio_eufonia_shared 3.0.0+1.21.1
	- cloth-config 15.0.140
	   \-- cloth-basic-math 0.6.1
	- creativecore 2.13.39
	   \-- net_neoforged_bus 7.2.0
	- cubes-without-borders 2.1.1+1.21
	- cuca 0.6.0+1.21.1
	   \-- cuca-shared 0.6.0+1.21.1
	- d4gulaggames 1.0.0
	- d4potatogulag 1.0.0
	- d4questiongame 1.0.0
	- d4shadersutils 1.0.0
	- damageindicator 1.0.0-1.21.1
	- dedsafio-entities 1.0.0
	- dedsafio4 1.0.0
	- dramaticdoors 1.21.1-3.3.2
	- dreamsutils 1.0.0
	- effectcreator 1.0.3-1.21.1
	- entity_model_features 3.2.4
	- entity_texture_features 7.1
	- equipmentmodifier 1.0.0
	- eufoniabetterblocks 1.0.2-dedsafio4
	- eufoniacore 1.0.6-1.21.1
	- eufoniaentities 3.1.4-dedsafio4
	   |-- aopalliance_aopalliance 1.0
	   |-- com_google_inject_guice 7.0.0
	   |-- entitycreatorapi 3.1.4-dedsafio4
	   |-- fabric-permissions-api-v0 0.3.1
	   \-- jakarta_inject_jakarta_inject-api 2.0.1
	- eufoniaitems 3.0.2-dedsafio4
	- eufoniakeyremover 3.0.0-1.21.1
	- eufoniatrails 1.9.0
	- eufoniaweapons 1.32.1-dedsafio4
	   \-- adventure-platform-fabric 5.14.1
	        |-- net_kyori_adventure-api 4.17.0
	        |-- net_kyori_adventure-key 4.17.0
	        |-- net_kyori_adventure-platform-api 4.3.3
	        |-- net_kyori_adventure-text-logger-slf4j 4.17.0
	        |-- net_kyori_adventure-text-minimessage 4.17.0
	        |-- net_kyori_adventure-text-serializer-ansi 4.17.0
	        |-- net_kyori_adventure-text-serializer-gson 4.17.0
	        |-- net_kyori_adventure-text-serializer-json 4.17.0
	        |-- net_kyori_adventure-text-serializer-plain 4.17.0
	        |-- net_kyori_ansi 1.1.0
	        |-- net_kyori_examination-api 1.3.0
	        |-- net_kyori_examination-string 1.3.0
	        \-- net_kyori_option 1.0.0
	- fabric-api 0.116.11+1.21.1
	   |-- fabric-api-base 0.4.42+6573ed8c19
	   |-- fabric-api-lookup-api-v1 1.6.72+7b3d111d19
	   |-- fabric-biome-api-v1 13.0.31+d527f9fd19
	   |-- fabric-block-api-v1 1.1.0+0bc3503219
	   |-- fabric-block-view-api-v2 1.0.11+ebb2264e19
	   |-- fabric-blockrenderlayer-v1 1.1.52+0af3f5a719
	   |-- fabric-client-tags-api-v1 1.1.15+6573ed8c19
	   |-- fabric-command-api-v1 1.2.49+f71b366f19
	   |-- fabric-command-api-v2 2.2.28+6ced4dd919
	   |-- fabric-commands-v0 0.2.66+df3654b319
	   |-- fabric-content-registries-v0 8.0.19+b559734419
	   |-- fabric-convention-tags-v1 2.1.7+7f945d5b19
	   |-- fabric-convention-tags-v2 2.12.0+c3656daa19
	   |-- fabric-crash-report-info-v1 0.2.29+0af3f5a719
	   |-- fabric-data-attachment-api-v1 1.4.6+5b36e0f719
	   |-- fabric-data-generation-api-v1 20.2.37+60a6976219
	   |-- fabric-dimensions-v1 4.0.1+65213ef819
	   |-- fabric-entity-events-v1 1.8.0+2b27e0a419
	   |-- fabric-events-interaction-v0 0.7.13+ba9dae0619
	   |-- fabric-game-rule-api-v1 1.0.53+6ced4dd919
	   |-- fabric-item-api-v1 11.2.0+3b3cb2e819
	   |-- fabric-item-group-api-v1 4.1.7+def88e3a19
	   |-- fabric-key-binding-api-v1 1.0.47+0af3f5a719
	   |-- fabric-keybindings-v0 0.2.45+df3654b319
	   |-- fabric-lifecycle-events-v1 2.6.0+0865547519
	   |-- fabric-loot-api-v2 3.0.15+3f89f5a519
	   |-- fabric-loot-api-v3 1.0.3+3f89f5a519
	   |-- fabric-message-api-v1 6.0.14+8aaf3aca19
	   |-- fabric-model-loading-api-v1 2.1.0+b4d813fc19
	   |-- fabric-networking-api-v1 4.3.0+c7469b2119
	   |-- fabric-object-builder-api-v1 15.2.1+40875a9319
	   |-- fabric-particles-v1 4.0.2+6573ed8c19
	   |-- fabric-recipe-api-v1 5.0.15+2475392c19
	   |-- fabric-registry-sync-v0 5.3.1+e3eddc2119
	   |-- fabric-renderer-api-v1 3.4.1+b4d813fc19
	   |-- fabric-renderer-indigo 1.7.1+c705a49c19
	   |-- fabric-renderer-registries-v1 3.2.69+df3654b319
	   |-- fabric-rendering-data-attachment-v1 0.3.49+73761d2e19
	   |-- fabric-rendering-fluids-v1 3.1.6+1daea21519
	   |-- fabric-rendering-v0 1.1.72+df3654b319
	   |-- fabric-rendering-v1 5.1.0+ab4c25a019
	   |-- fabric-resource-conditions-api-v1 4.3.0+8dc279b119
	   |-- fabric-resource-loader-v0 1.3.1+5b5275af19
	   |-- fabric-screen-api-v1 2.0.25+8b68f1c719
	   |-- fabric-screen-handler-api-v1 1.3.90+b559734419
	   |-- fabric-sound-api-v1 1.0.23+6573ed8c19
	   |-- fabric-transfer-api-v1 5.4.4+7b3d111d19
	   \-- fabric-transitive-access-wideners-v1 6.2.0+45b9699719
	- fabric-language-kotlin 1.14.1+kotlin.2.4.20
	   |-- org_jetbrains_kotlin_kotlin-reflect 2.4.20
	   |-- org_jetbrains_kotlin_kotlin-stdlib 2.4.20
	   |-- org_jetbrains_kotlin_kotlin-stdlib-jdk7 2.4.20
	   |-- org_jetbrains_kotlin_kotlin-stdlib-jdk8 2.4.20
	   |-- org_jetbrains_kotlinx_atomicfu-jvm 0.33.0
	   |-- org_jetbrains_kotlinx_kotlinx-coroutines-core-jvm 1.11.0
	   |-- org_jetbrains_kotlinx_kotlinx-coroutines-jdk8 1.11.0
	   |-- org_jetbrains_kotlinx_kotlinx-datetime-jvm 0.8.0
	   |-- org_jetbrains_kotlinx_kotlinx-io-bytestring-jvm 0.9.1
	   |-- org_jetbrains_kotlinx_kotlinx-io-core-jvm 0.9.1
	   |-- org_jetbrains_kotlinx_kotlinx-serialization-cbor-jvm 1.11.0
	   |-- org_jetbrains_kotlinx_kotlinx-serialization-core-jvm 1.11.0
	   \-- org_jetbrains_kotlinx_kotlinx-serialization-json-jvm 1.11.0
	- fabricloader 0.19.5+local
	   \-- mixinextras 0.5.5
	- fancymenu 3.5.0
	   |-- com_github_keksuccino_japng 0.5.3
	   \-- com_github_rtyley_animated-gif-lib-for-java animated-gif-lib-1.7
	- ferritecore 7.0.2-hotfix
	- framer 1.4.2
	- fzzy_config 0.7.6+1.21
	   |-- blue_endless_jankson 1.2.3
	   |-- fabric-permissions-api-v0 0.3.1
	   \-- net_peanuuutz_tomlkt_tomlkt-jvm 0.3.7
	- geckolib 4.7.6
	- immersive-hotbar 1.2.2-1.21-1.21.1
	- immersiveui 0.3.3
	- itemdisableapi 1.0.4-1.21.1
	- itemhide 1.0.0
	- java 21
	- keyhider 1.0.0
	- keypadapi 1.0.0-1.21.1
	- konkrete 1.9.9
	- lambdynlights 3.1.2+1.21.1
	   |-- pride 1.2.1+1.21
	   \-- spruceui 5.1.0+1.21
	- languagereload 1.7.1+1.21.1
	- lightsystem 1.0.0
	- lithium 0.15.0+mc1.21.1
	- lootlog 1.0.0-1.21.1
	- mcwdoors 1.1.5
	- melody 1.0.10
	- merchantry 1.0.0
	   |-- cardinal-components-base 6.1.3
	   |-- cardinal-components-entity 6.1.3
	   \-- cardinal-components-scoreboard 6.1.3
	- minecraft 1.21.1
	- mixintrace 1.1.1+1.17
	- modelfix 1.21-1.6
	- modernfix 5.24.0+mc1.21.1
	- modmenu 11.0.3
	   \-- placeholder-api 2.4.0-pre.2+1.21
	- morechathistory 1.3.1
	- mr_many_morebanners 0.2.4
	- mrph 2.6.2+1.21.1
	   \-- mrph-shared 2.6.2+1.21.1
	- mrph-api 2.6.1+1.21.1
	   |-- aopalliance_aopalliance 1.0
	   |-- com_google_inject_guice 7.0.0
	   \-- jakarta_inject_jakarta_inject-api 2.0.1
	- mythicemotes 1.0.0
	- mythichardcore 1.0.0
	- mythicmaps 1.0.0
	- mythicpane 1.1.0
	- mythicsky 1.1.0
	- nbt_craft 1.0.0
	- nicknamer 1.0.0-1.21.1
	- nochatreports 1.21.1-v2.9.1
	- nomusic 1.0.0-1.21.1
	- numismatic-compat 1.0.0
	- numismatic-guilds 1.0.0a
	- numismatic-wow 1.0.0a
	   \-- numismatic 1.0.0a
	        |-- cardinal-components-base 6.1.3
	        |-- cardinal-components-entity 6.1.3
	        |-- cardinal-components-scoreboard 6.1.3
	        \-- numismatic-api 1.0.0a
	- octolib 0.6.2
	   \-- org_yaml_snakeyaml 2.2
	- pehkui 3.8.3+1.14.4-1.21
	   \-- kanos_config 0.4.1+1.14.4-1.19.4
	- plasmovoice 2.1.2
	   \-- fabric-permissions-api-v0 0.3.1
	- platform 1.3.3
	- postal 1.0.0b
	   |-- cardinal-components-base 6.1.3
	   |-- cardinal-components-entity 6.1.3
	   |-- cardinal-components-scoreboard 6.1.3
	   |-- com_zaxxer_hikaricp 5.1.0
	   \-- org_xerial_sqlite-jdbc 3.45.1.0
	- reeses-sodium-options 1.8.3+mc1.21.4
	- remotesettings 1.0.3
	- satin 2.0.0
	- sc4shaders 1.0-SNAPSHOT
	- shader_entities 1.0-SNAPSHOT
	- shaderblock 1.0.0
	- shulkerboxtooltip 5.1.9+1.21.1
	- simpleresourceloader 1.0.0+1.21.1
	- sodium 0.6.13+mc1.21.1
	- sodium-extra 0.6.0+mc1.21.1
	- spaceship 1.0.0
	- spark 1.10.109
	   \-- fabric-permissions-api-v0 0.3.1
	- statusapi 1.0-SNAPSHOT
	   |-- cardinal-components-base 6.1.3
	   \-- cardinal-components-scoreboard 6.1.3
	- subtitles 1.0.4
	   \-- subtitles-common 1.0.4
	- suitutils 1.0.4
	- supersecretcreator 2.0.0-1.21.1
	- sync 0.2.7+1.21.1
	   \-- sync-shared 0.2.7+1.21.1
	- template 1.0.0
	- tooltipcreator 1.0.0-1.21.1
	- totemapi 1.0.1
	- trashslot 21.1.11
	- trickster 0.1-dev
	- vanillabackport 1.1.7.10
	   \-- mixinsquared 0.1.1
	- veil 2.1.0
	   |-- gg_moonflower_molang-compiler 3.1.1.19
	   |-- io_github_ocelot_glsl-processor 0.2.3
	   |-- io_github_spair_imgui-java-binding 1.88.0
	   |-- io_github_spair_imgui-java-lwjgl3 1.88.0
	   |-- io_github_spair_imgui-java-natives-linux 1.88.0
	   |-- io_github_spair_imgui-java-natives-macos 1.88.0
	   \-- io_github_spair_imgui-java-natives-windows 1.88.0
	- vengine 1.0.0
	- waterframes 2.1.22
	- watermedia 2.1.30
	- watervision 0.1.0-alpha
	- waveycapes 1.6.1.1
	   |-- transition 1.0.3
	   \-- trender 1.0.5
	- xaerominimap 25.2.0
	- xaeroworldmap 1.39.4
	- xercapaint 1.21.1-2.0.1
	- xxlpackets 1.0.5-1.21
	- yet_another_config_lib_v3 3.8.1+1.21.1-fabric
	   |-- com_twelvemonkeys_common_common-image 3.12.0
	   |-- com_twelvemonkeys_common_common-io 3.12.0
	   |-- com_twelvemonkeys_common_common-lang 3.12.0
	   |-- com_twelvemonkeys_imageio_imageio-core 3.12.0
	   |-- com_twelvemonkeys_imageio_imageio-metadata 3.12.0
	   |-- com_twelvemonkeys_imageio_imageio-webp 3.12.0
	   |-- org_quiltmc_parsers_gson 0.2.1
	   \-- org_quiltmc_parsers_json 0.2.1
[20:03:43] [main/INFO]: SpongePowered MIXIN Subsystem Version=0.8.7 Source=file:/home/paullexd/.var/app/studio.eufonia.EufoniaClient/data/studio.eufonia.EufoniaClient/libraries/net/fabricmc/sponge-mixin/0.17.4+mixin.0.8.7/sponge-mixin-0.17.4+mixin.0.8.7.jar Service=Knot/Fabric Env=CLIENT
[20:03:43] [main/WARN]: Reference map 'balm.refmap.json' for balm.mixins.json could not be read. If this is a development environment you can ignore this message
[20:03:43] [main/WARN]: Reference map 'balm.refmap.json' for balm.fabric.mixins.json could not be read. If this is a development environment you can ignore this message
[20:03:43] [main/WARN]: Reference map 'd4gulaggames-common-refmap.json' for d4gulaggames.common.mixins.json could not be read. If this is a development environment you can ignore this message
[20:03:43] [main/WARN]: Reference map 'd4questiongame-common-refmap.json' for d4questiongame.common.mixins.json could not be read. If this is a development environment you can ignore this message
[20:03:43] [main/WARN]: Reference map 'd4shadersutils-common-refmap.json' for d4shadersutils.common.mixins.json could not be read. If this is a development environment you can ignore this message
[20:03:43] [main/WARN]: Reference map 'dreamsutils-common-refmap.json' for dreamsutils.common.mixins.json could not be read. If this is a development environment you can ignore this message
[20:03:43] [main/WARN]: Reference map 'eufoniacore-common-refmap.json' for eufoniacore.common.mixins.json could not be read. If this is a development environment you can ignore this message
[20:03:43] [main/WARN]: Reference map 'framer-common-refmap.json' for framer-common.mixins.json could not be read. If this is a development environment you can ignore this message
[20:03:43] [main/WARN]: Reference map 'lightsystem-common-refmap.json' for lightsystem.common.mixins.json could not be read. If this is a development environment you can ignore this message
[20:03:43] [main/WARN]: Mod 'ferritecore' attempted to override option 'mixin.alloc.blockstate', which doesn't exist, ignoring
[20:03:43] [main/INFO]: Option 'mixin.entity.collisions.fluid' requires 'mixin.util.block_tracking=true' but found 'false'. Setting 'mixin.entity.collisions.fluid=false'.
[20:03:43] [main/INFO]: Option 'mixin.experimental.entity.block_caching.block_support' requires 'mixin.util.block_tracking=true' but found 'false'. Setting 'mixin.experimental.entity.block_caching.block_support=false'.
[20:03:43] [main/INFO]: Option 'mixin.experimental.entity.block_caching.fluid_pushing' requires 'mixin.util.block_tracking=true' but found 'false'. Setting 'mixin.experimental.entity.block_caching.fluid_pushing=false'.
[20:03:43] [main/INFO]: Option 'mixin.experimental.entity.block_caching.block_touching' requires 'mixin.util.block_tracking=true' but found 'false'. Setting 'mixin.experimental.entity.block_caching.block_touching=false'.
[20:03:43] [main/INFO]: Option 'mixin.experimental.entity.block_caching.suffocation' requires 'mixin.util.block_tracking=true' but found 'false'. Setting 'mixin.experimental.entity.block_caching.suffocation=false'.
[20:03:43] [main/INFO]: Option 'mixin.experimental.entity.block_caching' requires 'mixin.util.block_tracking=true' but found 'false'. Setting 'mixin.experimental.entity.block_caching=false'.
[20:03:43] [main/INFO]: Loaded configuration file for Lithium: 149 options available, 0 override(s) found
[20:03:43] [main/INFO]: Loaded configuration file for ModernFix 5.24.0+mc1.21.1: 63 options available, 0 override(s) found
[20:03:43] [main/INFO]: Applying Nashorn fix
[20:03:43] [main/WARN]: Reference map 'mythicemotes-common-refmap.json' for mythicemotes.common.mixins.json could not be read. If this is a development environment you can ignore this message
[20:03:43] [main/WARN]: Reference map 'mythicmaps-common-refmap.json' for mythicmaps.common.mixins.json could not be read. If this is a development environment you can ignore this message
[20:03:43] [main/WARN]: Reference map 'mythicpane-common-refmap.json' for mythicpane.common.mixins.json could not be read. If this is a development environment you can ignore this message
[20:03:43] [main/WARN]: Reference map 'mythicsky-common-refmap.json' for mythicsky.common.mixins.json could not be read. If this is a development environment you can ignore this message
[20:03:43] [main/WARN]: [Satin] Sodium is present, custom block renders may not work
[20:03:43] [main/INFO]: Loaded configuration file for Sodium: 43 options available, 0 override(s) found
[20:03:43] [main/INFO]: Loaded configuration file for Sodium Extra: 36 options available, 0 override(s) found
[20:03:43] [main/WARN]: Reference map 'leaderboards-fabric-shared-refmap.json' for leaderboards_shared.mixins.json could not be read. If this is a development environment you can ignore this message
[20:03:43] [main/WARN]: Reference map 'trashslot.refmap.json' for trashslot.mixins.json could not be read. If this is a development environment you can ignore this message
[20:03:43] [main/WARN]: Reference map 'trashslot.refmap.json' for trashslot.fabric.mixins.json could not be read. If this is a development environment you can ignore this message
[20:03:43] [main/WARN]: Reference map 'yet_another_config_lib_v3.refmap.json' for yacl.mixins.json could not be read. If this is a development environment you can ignore this message
[20:03:43] [main/WARN]: Reference map 'yet_another_config_lib_v3.refmap.json' for yacl-fabric.mixins.json could not be read. If this is a development environment you can ignore this message
[20:03:43] [main/WARN]: Error loading class: com/qendolin/betterclouds/config/ConfigManager (java.lang.ClassNotFoundException: com/qendolin/betterclouds/config/ConfigManager)
[20:03:43] [main/WARN]: @Mixin target com.qendolin.betterclouds.config.ConfigManager was not found biomeeffects.client.mixins.json:MixinBetterClouds from mod biomeeffects
[20:03:43] [main/WARN]: Error loading class: me/jellysquid/mods/sodium/client/gui/SodiumGameOptionPages (java.lang.ClassNotFoundException: me/jellysquid/mods/sodium/client/gui/SodiumGameOptionPages)
[20:03:43] [main/WARN]: @Mixin target me.jellysquid.mods.sodium.client.gui.SodiumGameOptionPages was not found cubes-without-borders.sodium.mixins.json:SodiumGameOptionPagesMixin from mod cubes-without-borders
[20:03:44] [main/WARN]: Error loading class: net/raphimc/immediatelyfast/feature/core/BatchableBufferSource (java.lang.ClassNotFoundException: net/raphimc/immediatelyfast/feature/core/BatchableBufferSource)
[20:03:44] [main/WARN]: Error loading class: dev/tr7zw/skinlayers/render/CustomizableModelPart (java.lang.ClassNotFoundException: dev/tr7zw/skinlayers/render/CustomizableModelPart)
[20:03:44] [main/WARN]: Error loading class: net/irisshaders/batchedentityrendering/impl/FullyBufferedMultiBufferSource (java.lang.ClassNotFoundException: net/irisshaders/batchedentityrendering/impl/FullyBufferedMultiBufferSource)
[20:03:44] [main/WARN]: Error loading class: net/irisshaders/iris/layer/InnerWrappedRenderType (java.lang.ClassNotFoundException: net/irisshaders/iris/layer/InnerWrappedRenderType)
[20:03:44] [main/WARN]: Error loading class: net/irisshaders/iris/layer/OuterWrappedRenderType (java.lang.ClassNotFoundException: net/irisshaders/iris/layer/OuterWrappedRenderType)
[20:03:44] [main/WARN]: Error loading class: me/jellysquid/mods/sodium/client/gui/SodiumOptionsGUI (java.lang.ClassNotFoundException: me/jellysquid/mods/sodium/client/gui/SodiumOptionsGUI)
[20:03:44] [main/WARN]: Error loading class: jeresources/api/util/BiomeHelper (java.lang.ClassNotFoundException: jeresources/api/util/BiomeHelper)
[20:03:44] [main/WARN]: Error loading class: yalter/mousetweaks/Main (java.lang.ClassNotFoundException: yalter/mousetweaks/Main)
[20:03:44] [main/WARN]: Error loading class: net/irisshaders/iris/pipeline/PipelineManager (java.lang.ClassNotFoundException: net/irisshaders/iris/pipeline/PipelineManager)
[20:03:44] [main/WARN]: @Mixin target net.irisshaders.iris.pipeline.PipelineManager was not found veil.fabric.mixins.json:client.perspective.iris.PipelineManagerMixin from mod veil
[20:03:44] [main/INFO]: Initializing MixinExtras via com.llamalad7.mixinextras.service.MixinExtrasServiceImpl(version=0.5.5).
[20:03:44] [main/INFO]: Searching for graphics cards...
[20:03:44] [main/INFO]: Found graphics adapter: LinuxPciAdapterInfo[vendor=NVIDIA, name=AD107 [GeForce RTX 4060], pciVendorId=0x10de, pciDeviceId=0x2882]
[20:03:44] [main/WARN]: Sodium has applied one or more workarounds to prevent crashes or other issues on your system: [NVIDIA_THREADED_OPTIMIZATIONS_BROKEN, NO_ERROR_CONTEXT_UNSUPPORTED]
[20:03:44] [main/WARN]: This is not necessarily an issue, but it may result in certain features or optimizations being disabled. You can sometimes fix these issues by upgrading your graphics driver.
[20:03:44] [main/WARN]: mcpiper fallo (codigo 1): /home/paullexd/.var/app/studio.eufonia.EufoniaClient/data/studio.eufonia.EufoniaClient/instances/019c97d2d6d07310ae7e6d4002276d51/config/spaceship/mcpiper-linux-x86_64: /usr/lib/x86_64-linux-gnu/libm.so.6: version `GLIBC_2.43' not found (required by /home/paullexd/.var/app/studio.eufonia.EufoniaClient/data/studio.eufonia.EufoniaClient/instances/019c97d2d6d07310ae7e6d4002276d51/config/spaceship/mcpiper-linux-x86_64)
[20:03:45] [Datafixer Bootstrap/INFO]: 226 Datafixer optimizations took 142 milliseconds
[20:03:46] [main/WARN]: Method overwrite conflict for method_21740 in modernfix-common.mixins.json:perf.remove_biome_temperature_cache.BiomeMixin from mod modernfix, previously written by net.caffeinemc.mods.lithium.mixin.world.temperature_cache.BiomeMixin. Skipping method.
[20:03:47] [main/INFO]: Vanilla bootstrap took 1837 milliseconds
[20:03:47] [Render thread/INFO]: Environment: Environment[sessionHost=https://sessionserver.mojang.com, servicesHost=https://api.minecraftservices.com, name=PROD]
[20:03:47] [Render thread/INFO]: Setting user: PaulleXd
[20:03:47] [Render thread/INFO]: Mod proxy balm:permissions resolved as net.blay09.mods.balm.fabric.compat.FabricPermissionsAPIIntegration@67db1736
[20:03:48] [Render thread/INFO]: Loading configuration from: /home/paullexd/.var/app/studio.eufonia.EufoniaClient/data/studio.eufonia.EufoniaClient/instances/019c97d2d6d07310ae7e6d4002276d51/config/biomeconfigs.hocon
[20:03:48] [Render thread/INFO]: Loaded 5 biome configuration blocks:
[20:03:48] [Render thread/INFO]:   Block #0: worldWhitelist=[minecraft:overworld], whitelist=[dedsafio:montana], clouds.enabled=false, clouds.height=400, sun.enabled=true, moon.enabled=true, stars.enabled=true
[20:03:48] [Render thread/INFO]:   Block #1: worldWhitelist=[dedsafio:gleba], whitelist=[dedsafio:gleba_bossfight, dedsafio:gleba_cave, dedsafio:gleba_dungeon, dedsafio:gleba_hills, dedsafio:gleba_ocean], clouds.enabled=false, clouds.height=1000, sun.enabled=false, moon.enabled=false, stars.enabled=false
[20:03:48] [Render thread/INFO]:   Block #2: worldWhitelist=[dedsafio:limbo], whitelist=[dedsafio:limbo, dedsafio:limbo_bossfight, dedsafio:limbo_dungeon, dedsafio:limbo_laberinto, dedsafio:limbo_lake, dedsafio:limbo_structure, dedsafio:limbo_tower], clouds.enabled=false, clouds.height=1000, sun.enabled=false, moon.enabled=false, stars.enabled=false
[20:03:48] [Render thread/INFO]:   Block #3: worldWhitelist=[dedsafio:jurassic], whitelist=[dedsafio:jurassic_bossfight, dedsafio:jurassic_dungeon_tribe, dedsafio:jurassic_dungeon_exterior, dedsafio:jurassic_jungle, dedsafio:jurassic_lush_jungle, dedsafio:jurassic_ocean, dedsafio:jurassic_river, dedsafio:jurassic_savanna, dedsafio:jurassic_entrance], clouds.enabled=false, clouds.height=1000, sun.enabled=false, moon.enabled=false, stars.enabled=false
[20:03:48] [Render thread/INFO]:   Block #4: worldWhitelist=[dedsafio:jurassic], whitelist=[dedsafio:jurassic_cave, dedsafio:jurassic_dungeon_cave, dedsafio:montana], clouds.enabled=false, clouds.height=1000, sun.enabled=false, moon.enabled=false, stars.enabled=false
[20:03:48] [Render thread/INFO]: Blossom initialized!
[20:03:48] [Render thread/ERROR]: No data fixer registered for celestesafio:fake_tnt
[20:03:48] [Render thread/ERROR]: No data fixer registered for celestesafio:troll_tnt
[20:03:48] [Render thread/ERROR]: No data fixer registered for celestesafio:tornado
[20:03:48] [Render thread/WARN]: Toxic Spores potion disabled: missing supersecretshaders:poison_lime
[20:03:48] [Render thread/INFO]: [STDOUT]: Effect's file exists.
[20:03:48] [Render thread/INFO]: [BetterBlocks] BetterBlocks is initializing!
[20:03:48] [Render thread/INFO]: [BetterBlocks] Registered sound group: blockeufonia:grease_flesh
[20:03:48] [Render thread/INFO]: [BetterBlocks] Registered sound group: blockeufonia:flesh_juicier
[20:03:48] [Render thread/INFO]: [BetterBlocks] Registered sound group: blockeufonia:flesh
[20:03:48] [Render thread/INFO]: [BetterBlocks] Registered sound group: blockeufonia:custom_bone
[20:03:48] [Render thread/INFO]: [BetterBlocks] Registered sound group: blockeufonia:bone_flesh
[20:03:48] [Render thread/INFO]: [BetterBlocks] Registered block: blockeufonia:c_orange_0 with 9 variants
[20:03:48] [Render thread/INFO]: [BetterBlocks] Registered block: blockeufonia:base_0 with 9 variants
[20:03:48] [Render thread/INFO]: [BetterBlocks] Registered block: blockeufonia:primal_leaves_1 with 0 variants
[20:03:48] [Render thread/INFO]: [BetterBlocks] Registered block: blockeufonia:primal_grass_1 with 0 variants
[20:03:48] [Render thread/INFO]: [BetterBlocks] Registered block: blockeufonia:leaves_1 with 0 variants
[20:03:48] [Render thread/INFO]: [BetterBlocks] Registered block: blockeufonia:gray_metal_1 with 9 variants
[20:03:48] [Render thread/INFO]: [BetterBlocks] Registered block: blockeufonia:gleba_sand_1 with 1 variants
[20:03:48] [Render thread/INFO]: [BetterBlocks] Registered block: blockeufonia:gleba_dirt_1 with 0 variants
[20:03:48] [Render thread/INFO]: [BetterBlocks] Registered block: blockeufonia:base_1 with 9 variants
[20:03:48] [Render thread/INFO]: [BetterBlocks] Registered block: blockeufonia:ancient_stone_1 with 0 variants
[20:03:48] [Render thread/INFO]: [BetterBlocks] Registered block: blockeufonia:ancient_ore_1 with 0 variants
[20:03:48] [Render thread/INFO]: [BetterBlocks] Registered block: blockeufonia:ancient_dirt_1 with 0 variants
[20:03:48] [Render thread/INFO]: [BetterBlocks] Registered block: blockeufonia:primal_leaves_2 with 0 variants
[20:03:48] [Render thread/INFO]: [BetterBlocks] Registered block: blockeufonia:gleba_sand_2 with 1 variants
[20:03:48] [Render thread/INFO]: [BetterBlocks] Registered block: blockeufonia:gleba_dirt_2 with 0 variants
[20:03:48] [Render thread/INFO]: [BetterBlocks] Registered block: blockeufonia:base_2 with 9 variants
[20:03:48] [Render thread/INFO]: [BetterBlocks] Registered block: blockeufonia:ancient_stone_2 with 0 variants
[20:03:48] [Render thread/INFO]: [BetterBlocks] Registered block: blockeufonia:ancient_ore_2 with 0 variants
[20:03:48] [Render thread/INFO]: [BetterBlocks] Registered block: blockeufonia:ancient_dirt_2 with 0 variants
[20:03:48] [Render thread/INFO]: [BetterBlocks] Registered block: blockeufonia:r_brown_3 with 9 variants
[20:03:48] [Render thread/INFO]: [BetterBlocks] Registered block: blockeufonia:gleba_dirt_3 with 0 variants
[20:03:48] [Render thread/INFO]: [BetterBlocks] Registered block: blockeufonia:base_3 with 9 variants
[20:03:48] [Render thread/INFO]: [BetterBlocks] Registered block: blockeufonia:ancient_stone_3 with 0 variants
[20:03:48] [Render thread/INFO]: [BetterBlocks] Registered block: blockeufonia:ancient_dirt_3 with 0 variants
[20:03:48] [Render thread/INFO]: [BetterBlocks] Registered block: blockeufonia:r_red_4 with 9 variants
[20:03:48] [Render thread/INFO]: [BetterBlocks] Registered block: blockeufonia:base_4 with 9 variants
[20:03:48] [Render thread/INFO]: [BetterBlocks] Registered block: blockeufonia:ancient_dirt_4 with 0 variants
[20:03:48] [Render thread/INFO]: [BetterBlocks] Registered block: blockeufonia:r_red_5 with 9 variants
[20:03:48] [Render thread/INFO]: [BetterBlocks] Registered block: blockeufonia:r_purple_5 with 9 variants
[20:03:48] [Render thread/INFO]: [BetterBlocks] Registered block: blockeufonia:base_5 with 9 variants
[20:03:48] [Render thread/INFO]: [BetterBlocks] Registered block: blockeufonia:c_red_6 with 9 variants
[20:03:48] [Render thread/INFO]: [BetterBlocks] Registered block: blockeufonia:base_6 with 9 variants
[20:03:48] [Render thread/INFO]: [BetterBlocks] Registered block: blockeufonia:base_7 with 9 variants
[20:03:48] [Render thread/INFO]: [BetterBlocks] Registered block: blockeufonia:w_cyan_8 with 9 variants
[20:03:48] [Render thread/INFO]: [BetterBlocks] Registered block: blockeufonia:base_8 with 9 variants
[20:03:48] [Render thread/INFO]: [BetterBlocks] Registered block: blockeufonia:r_light_blue_9 with 9 variants
[20:03:48] [Render thread/INFO]: [BetterBlocks] Registered block: blockeufonia:c_yellow_9 with 9 variants
[20:03:48] [Render thread/INFO]: [BetterBlocks] Registered block: blockeufonia:base_9 with 9 variants
[20:03:49] [Render thread/INFO]: [BetterBlocks] Registered block: blockeufonia:base_10 with 9 variants
[20:03:49] [Render thread/INFO]: [BetterBlocks] Registered block: blockeufonia:base_11 with 9 variants
[20:03:49] [Render thread/INFO]: [BetterBlocks] Registered block: blockeufonia:base_12 with 9 variants
[20:03:49] [Render thread/INFO]: [BetterBlocks] Registered block: blockeufonia:base_13 with 9 variants
[20:03:49] [Render thread/INFO]: [BetterBlocks] Registered block: blockeufonia:base_14 with 9 variants
[20:03:49] [Render thread/INFO]: [BetterBlocks] Registered block: blockeufonia:base_15 with 9 variants
[20:03:49] [Render thread/INFO]: [BetterBlocks] Registered block: blockeufonia:base_16 with 9 variants
[20:03:49] [Render thread/INFO]: [BetterBlocks] Registered block: blockeufonia:base_17 with 9 variants
[20:03:49] [Render thread/INFO]: [BetterBlocks] Registered block: blockeufonia:base_18 with 9 variants
[20:03:49] [Render thread/INFO]: [BetterBlocks] Registered block: blockeufonia:base_19 with 9 variants
[20:03:49] [Render thread/INFO]: [BetterBlocks] Registered block: blockeufonia:base_20 with 9 variants
[20:03:49] [Render thread/INFO]: [BetterBlocks] Registered block: blockeufonia:base_21 with 9 variants
[20:03:49] [Render thread/INFO]: [BetterBlocks] Registered block: blockeufonia:base_22 with 9 variants
[20:03:49] [Render thread/INFO]: [BetterBlocks] Registered block: blockeufonia:base_23 with 9 variants
[20:03:49] [Render thread/INFO]: [BetterBlocks] Registered block: blockeufonia:base_24 with 9 variants
[20:03:49] [Render thread/INFO]: [BetterBlocks] Registered block: blockeufonia:base_25 with 9 variants
[20:03:49] [Render thread/INFO]: [BetterBlocks] Registered block: blockeufonia:base_26 with 9 variants
[20:03:49] [Render thread/INFO]: [BetterBlocks] Registered block: blockeufonia:base_27 with 9 variants
[20:03:49] [Render thread/INFO]: [BetterBlocks] Registered block: blockeufonia:base_28 with 9 variants
[20:03:49] [Render thread/INFO]: [BetterBlocks] Registered block: blockeufonia:base_29 with 9 variants
[20:03:49] [Render thread/INFO]: [BetterBlocks] Registered block: blockeufonia:base_30 with 9 variants
[20:03:49] [Render thread/INFO]: [BetterBlocks] Registered block: blockeufonia:base_31 with 9 variants
[20:03:49] [Render thread/INFO]: [BetterBlocks] Registered block: blockeufonia:base_32 with 9 variants
[20:03:49] [Render thread/INFO]: [BetterBlocks] Registered block: blockeufonia:base_33 with 9 variants
[20:03:49] [Render thread/INFO]: [BetterBlocks] Registered block: blockeufonia:base_34 with 9 variants
[20:03:49] [Render thread/INFO]: [BetterBlocks] Registered block: blockeufonia:base_35 with 9 variants
[20:03:49] [Render thread/INFO]: [BetterBlocks] Registered block: blockeufonia:base_36 with 9 variants
[20:03:49] [Render thread/INFO]: [BetterBlocks] Registered block: blockeufonia:base_37 with 9 variants
[20:03:49] [Render thread/INFO]: [BetterBlocks] Registered block: blockeufonia:base_38 with 9 variants
[20:03:49] [Render thread/INFO]: [BetterBlocks] Registered block: blockeufonia:base_39 with 9 variants
[20:03:49] [Render thread/INFO]: [BetterBlocks] Registered block: blockeufonia:base_40 with 9 variants
[20:03:49] [Render thread/INFO]: [BetterBlocks] Registered block: blockeufonia:base_41 with 9 variants
[20:03:49] [Render thread/INFO]: [BetterBlocks] Registered block: blockeufonia:base_42 with 9 variants
[20:03:49] [Render thread/INFO]: [BetterBlocks] Registered block: blockeufonia:base_43 with 9 variants
[20:03:49] [Render thread/INFO]: [BetterBlocks] Registered block: blockeufonia:base_44 with 9 variants
[20:03:49] [Render thread/INFO]: [BetterBlocks] Registered block: blockeufonia:base_45 with 9 variants
[20:03:49] [Render thread/INFO]: [BetterBlocks] Registered block: blockeufonia:base_46 with 9 variants
[20:03:49] [Render thread/INFO]: [BetterBlocks] Registered block: blockeufonia:base_47 with 9 variants
[20:03:49] [Render thread/INFO]: [BetterBlocks] Registered block: blockeufonia:base_48 with 9 variants
[20:03:49] [Render thread/INFO]: [BetterBlocks] Registered block: blockeufonia:base_49 with 9 variants
[20:03:49] [Render thread/INFO]: [BetterBlocks] Registered block: blockeufonia:base_50 with 9 variants
[20:03:49] [Render thread/INFO]: [BetterBlocks] Registered block: blockeufonia:base_51 with 9 variants
[20:03:49] [Render thread/INFO]: [BetterBlocks] Registered block: blockeufonia:base_52 with 9 variants
[20:03:49] [Render thread/INFO]: [BetterBlocks] Registered block: blockeufonia:base_53 with 9 variants
[20:03:49] [Render thread/INFO]: [BetterBlocks] Registered block: blockeufonia:base_54 with 9 variants
[20:03:49] [Render thread/INFO]: [BetterBlocks] Registered block: blockeufonia:base_55 with 9 variants
[20:03:49] [Render thread/INFO]: [BetterBlocks] Registered block: blockeufonia:base_56 with 9 variants
[20:03:49] [Render thread/INFO]: [BetterBlocks] Registered block: blockeufonia:base_57 with 9 variants
[20:03:49] [Render thread/INFO]: [BetterBlocks] Registered block: blockeufonia:base_58 with 9 variants
[20:03:49] [Render thread/INFO]: [BetterBlocks] Registered block: blockeufonia:base_59 with 9 variants
[20:03:49] [Render thread/INFO]: [BetterBlocks] Registered block: blockeufonia:base_60 with 9 variants
[20:03:49] [Render thread/INFO]: [BetterBlocks] Registered block: blockeufonia:base_61 with 9 variants
[20:03:49] [Render thread/INFO]: [BetterBlocks] Registered block: blockeufonia:base_62 with 9 variants
[20:03:49] [Render thread/INFO]: [BetterBlocks] Registered block: blockeufonia:base_63 with 9 variants
[20:03:49] [Render thread/INFO]: [BetterBlocks] Registered block: blockeufonia:base_64 with 9 variants
[20:03:49] [Render thread/INFO]: [BetterBlocks] Registered block: blockeufonia:base_65 with 9 variants
[20:03:49] [Render thread/INFO]: [BetterBlocks] Registered block: blockeufonia:base_66 with 9 variants
[20:03:49] [Render thread/INFO]: [BetterBlocks] Registered block: blockeufonia:base_67 with 9 variants
[20:03:49] [Render thread/INFO]: [BetterBlocks] Registered block: blockeufonia:base_68 with 9 variants
[20:03:49] [Render thread/INFO]: [BetterBlocks] Registered block: blockeufonia:base_69 with 9 variants
[20:03:49] [Render thread/INFO]: [BetterBlocks] Registered block: blockeufonia:base_70 with 9 variants
[20:03:49] [Render thread/INFO]: [BetterBlocks] Registered block: blockeufonia:base_71 with 9 variants
[20:03:49] [Render thread/INFO]: [BetterBlocks] Registered block: blockeufonia:base_72 with 9 variants
[20:03:49] [Render thread/INFO]: [BetterBlocks] Registered block: blockeufonia:base_73 with 9 variants
[20:03:49] [Render thread/INFO]: [BetterBlocks] Registered block: blockeufonia:base_74 with 9 variants
[20:03:49] [Render thread/INFO]: [BetterBlocks] Registered block: blockeufonia:base_75 with 9 variants
[20:03:49] [Render thread/INFO]: [BetterBlocks] Registered block: blockeufonia:base_76 with 9 variants
[20:03:49] [Render thread/INFO]: [BetterBlocks] Registered block: blockeufonia:base_77 with 9 variants
[20:03:49] [Render thread/INFO]: [BetterBlocks] Registered block: blockeufonia:base_78 with 9 variants
[20:03:49] [Render thread/INFO]: [BetterBlocks] Registered block: blockeufonia:base_79 with 9 variants
[20:03:49] [Render thread/INFO]: [BetterBlocks] Registered block: blockeufonia:base_80 with 9 variants
[20:03:49] [Render thread/INFO]: [BetterBlocks] Registered block: blockeufonia:base_81 with 9 variants
[20:03:49] [Render thread/INFO]: [BetterBlocks] Registered block: blockeufonia:base_82 with 9 variants
[20:03:49] [Render thread/INFO]: [BetterBlocks] Registered block: blockeufonia:base_83 with 9 variants
[20:03:49] [Render thread/INFO]: [BetterBlocks] Registered block: blockeufonia:base_84 with 9 variants
[20:03:49] [Render thread/INFO]: [BetterBlocks] Registered block: blockeufonia:base_85 with 9 variants
[20:03:49] [Render thread/INFO]: [BetterBlocks] Registered block: blockeufonia:base_86 with 9 variants
[20:03:49] [Render thread/INFO]: [BetterBlocks] Registered block: blockeufonia:base_87 with 9 variants
[20:03:49] [Render thread/INFO]: [BetterBlocks] Registered block: blockeufonia:base_88 with 9 variants
[20:03:49] [Render thread/INFO]: [BetterBlocks] Registered block: blockeufonia:base_89 with 9 variants
[20:03:49] [Render thread/INFO]: [BetterBlocks] Registered block: blockeufonia:base_90 with 9 variants
[20:03:49] [Render thread/INFO]: [BetterBlocks] Registered block: blockeufonia:base_91 with 9 variants
[20:03:49] [Render thread/INFO]: [BetterBlocks] Registered block: blockeufonia:base_92 with 9 variants
[20:03:49] [Render thread/INFO]: [BetterBlocks] Registered block: blockeufonia:base_93 with 9 variants
[20:03:49] [Render thread/INFO]: [BetterBlocks] Registered block: blockeufonia:base_94 with 9 variants
[20:03:49] [Render thread/INFO]: [BetterBlocks] Registered block: blockeufonia:base_95 with 9 variants
[20:03:49] [Render thread/INFO]: [BetterBlocks] Registered block: blockeufonia:base_96 with 9 variants
[20:03:49] [Render thread/INFO]: [BetterBlocks] Registered block: blockeufonia:base_97 with 9 variants
[20:03:49] [Render thread/INFO]: [BetterBlocks] Registered block: blockeufonia:base_98 with 9 variants
[20:03:49] [Render thread/INFO]: [BetterBlocks] Registered block: blockeufonia:base_99 with 9 variants
[20:03:49] [Render thread/INFO]: [BetterBlocks] Registered block: blockeufonia:base_100 with 9 variants
[20:03:49] [Render thread/INFO]: [BetterBlocks] Registered block: blockeufonia:base_101 with 9 variants
[20:03:49] [Render thread/INFO]: [BetterBlocks] Registered block: blockeufonia:base_102 with 9 variants
[20:03:49] [Render thread/INFO]: [BetterBlocks] Registered block: blockeufonia:base_103 with 9 variants
[20:03:49] [Render thread/INFO]: [BetterBlocks] Registered block: blockeufonia:base_104 with 9 variants
[20:03:49] [Render thread/INFO]: [BetterBlocks] Registered block: blockeufonia:base_105 with 9 variants
[20:03:49] [Render thread/INFO]: [BetterBlocks] Registered block: blockeufonia:base_106 with 9 variants
[20:03:49] [Render thread/INFO]: [BetterBlocks] Registered block: blockeufonia:base_107 with 9 variants
[20:03:49] [Render thread/INFO]: [BetterBlocks] Registered block: blockeufonia:base_108 with 9 variants
[20:03:49] [Render thread/INFO]: [BetterBlocks] Registered block: blockeufonia:base_109 with 9 variants
[20:03:49] [Render thread/INFO]: [BetterBlocks] Registered block: blockeufonia:base_110 with 9 variants
[20:03:49] [Render thread/INFO]: [BetterBlocks] Registered block: blockeufonia:base_111 with 9 variants
[20:03:49] [Render thread/INFO]: [BetterBlocks] Registered block: blockeufonia:base_112 with 9 variants
[20:03:49] [Render thread/INFO]: [BetterBlocks] Registered block: blockeufonia:base_113 with 9 variants
[20:03:49] [Render thread/INFO]: [BetterBlocks] Registered block: blockeufonia:base_114 with 9 variants
[20:03:49] [Render thread/INFO]: [BetterBlocks] Registered block: blockeufonia:base_115 with 9 variants
[20:03:49] [Render thread/INFO]: [BetterBlocks] Registered block: blockeufonia:base_116 with 9 variants
[20:03:49] [Render thread/INFO]: [BetterBlocks] Registered block: blockeufonia:base_117 with 9 variants
[20:03:49] [Render thread/INFO]: [BetterBlocks] Registered block: blockeufonia:base_118 with 9 variants
[20:03:49] [Render thread/INFO]: [BetterBlocks] Registered block: blockeufonia:base_119 with 9 variants
[20:03:49] [Render thread/INFO]: [BetterBlocks] Registered block: blockeufonia:base_120 with 9 variants
[20:03:49] [Render thread/INFO]: [BetterBlocks] Registered block: blockeufonia:base_121 with 9 variants
[20:03:49] [Render thread/INFO]: [BetterBlocks] Registered block: blockeufonia:base_122 with 9 variants
[20:03:49] [Render thread/INFO]: [BetterBlocks] Registered block: blockeufonia:base_123 with 9 variants
[20:03:49] [Render thread/INFO]: [BetterBlocks] Registered block: blockeufonia:base_124 with 9 variants
[20:03:49] [Render thread/INFO]: [BetterBlocks] Registered block: blockeufonia:base_125 with 9 variants
[20:03:49] [Render thread/INFO]: [BetterBlocks] Registered block: blockeufonia:base_126 with 9 variants
[20:03:49] [Render thread/INFO]: [BetterBlocks] Registered block: blockeufonia:base_127 with 9 variants
[20:03:49] [Render thread/INFO]: [BetterBlocks] Registered block: blockeufonia:base_128 with 9 variants
[20:03:49] [Render thread/INFO]: [BetterBlocks] Registered block: blockeufonia:base_129 with 9 variants
[20:03:49] [Render thread/INFO]: [BetterBlocks] Registered block: blockeufonia:base_130 with 9 variants
[20:03:49] [Render thread/INFO]: [BetterBlocks] Registered block: blockeufonia:base_131 with 9 variants
[20:03:49] [Render thread/INFO]: [BetterBlocks] Registered block: blockeufonia:base_132 with 9 variants
[20:03:49] [Render thread/INFO]: [BetterBlocks] Registered block: blockeufonia:base_133 with 9 variants
[20:03:49] [Render thread/INFO]: [BetterBlocks] Registered block: blockeufonia:base_134 with 9 variants
[20:03:49] [Render thread/INFO]: [BetterBlocks] Registered block: blockeufonia:base_135 with 9 variants
[20:03:49] [Render thread/INFO]: [BetterBlocks] Registered block: blockeufonia:base_136 with 9 variants
[20:03:49] [Render thread/INFO]: [BetterBlocks] Registered block: blockeufonia:base_137 with 9 variants
[20:03:49] [Render thread/INFO]: [BetterBlocks] Registered block: blockeufonia:base_138 with 9 variants
[20:03:49] [Render thread/INFO]: [BetterBlocks] Registered block: blockeufonia:base_139 with 9 variants
[20:03:49] [Render thread/INFO]: [BetterBlocks] Registered block: blockeufonia:base_140 with 9 variants
[20:03:49] [Render thread/INFO]: [BetterBlocks] Registered block: blockeufonia:base_141 with 9 variants
[20:03:49] [Render thread/INFO]: [BetterBlocks] Registered block: blockeufonia:base_142 with 9 variants
[20:03:49] [Render thread/INFO]: [BetterBlocks] Registered block: blockeufonia:base_143 with 9 variants
[20:03:49] [Render thread/INFO]: [BetterBlocks] Registered block: blockeufonia:base_144 with 9 variants
[20:03:49] [Render thread/INFO]: [BetterBlocks] Registered block: blockeufonia:base_145 with 9 variants
[20:03:49] [Render thread/INFO]: [BetterBlocks] Registered block: blockeufonia:base_146 with 9 variants
[20:03:49] [Render thread/INFO]: [BetterBlocks] Registered block: blockeufonia:base_147 with 9 variants
[20:03:49] [Render thread/INFO]: [BetterBlocks] Registered block: blockeufonia:base_148 with 9 variants
[20:03:49] [Render thread/INFO]: [BetterBlocks] Registered block: blockeufonia:base_149 with 9 variants
[20:03:49] [Render thread/INFO]: [BetterBlocks] Registered block: blockeufonia:base_150 with 9 variants
[20:03:49] [Render thread/INFO]: [BetterBlocks] Registered block: blockeufonia:base_151 with 9 variants
[20:03:49] [Render thread/INFO]: [BetterBlocks] Registered block: blockeufonia:base_152 with 9 variants
[20:03:49] [Render thread/INFO]: [BetterBlocks] Registered block: blockeufonia:base_153 with 9 variants
[20:03:49] [Render thread/INFO]: [BetterBlocks] Registered block: blockeufonia:base_154 with 9 variants
[20:03:49] [Render thread/INFO]: [BetterBlocks] Registered block: blockeufonia:base_155 with 9 variants
[20:03:49] [Render thread/INFO]: [BetterBlocks] Registered block: blockeufonia:base_156 with 9 variants
[20:03:49] [Render thread/INFO]: [BetterBlocks] Registered block: blockeufonia:base_157 with 9 variants
[20:03:49] [Render thread/INFO]: [BetterBlocks] Registered block: blockeufonia:base_158 with 9 variants
[20:03:49] [Render thread/INFO]: [BetterBlocks] Registered block: blockeufonia:base_159 with 9 variants
[20:03:49] [Render thread/INFO]: [BetterBlocks] Registered block: blockeufonia:base_160 with 9 variants
[20:03:49] [Render thread/INFO]: [BetterBlocks] Registered block: blockeufonia:base_161 with 9 variants
[20:03:49] [Render thread/INFO]: [BetterBlocks] Registered block: blockeufonia:base_162 with 9 variants
[20:03:49] [Render thread/INFO]: [BetterBlocks] Registered block: blockeufonia:base_163 with 9 variants
[20:03:49] [Render thread/INFO]: [BetterBlocks] Registered block: blockeufonia:base_164 with 9 variants
[20:03:49] [Render thread/INFO]: [BetterBlocks] Registered block: blockeufonia:base_165 with 9 variants
[20:03:49] [Render thread/INFO]: [BetterBlocks] Registered block: blockeufonia:base_166 with 9 variants
[20:03:49] [Render thread/INFO]: [BetterBlocks] Registered block: blockeufonia:base_167 with 9 variants
[20:03:49] [Render thread/INFO]: [BetterBlocks] Registered block: blockeufonia:base_168 with 9 variants
[20:03:49] [Render thread/INFO]: [BetterBlocks] Registered block: blockeufonia:base_169 with 9 variants
[20:03:49] [Render thread/INFO]: [BetterBlocks] Registered block: blockeufonia:base_170 with 9 variants
[20:03:49] [Render thread/INFO]: [BetterBlocks] Registered block: blockeufonia:base_171 with 9 variants
[20:03:49] [Render thread/INFO]: [BetterBlocks] Registered block: blockeufonia:base_172 with 9 variants
[20:03:49] [Render thread/INFO]: [BetterBlocks] Registered block: blockeufonia:base_173 with 9 variants
[20:03:49] [Render thread/INFO]: [BetterBlocks] Registered block: blockeufonia:base_174 with 9 variants
[20:03:49] [Render thread/INFO]: [BetterBlocks] Registered block: blockeufonia:base_175 with 9 variants
[20:03:49] [Render thread/INFO]: [BetterBlocks] Registered block: blockeufonia:base_176 with 9 variants
[20:03:49] [Render thread/INFO]: [BetterBlocks] Registered block: blockeufonia:base_177 with 9 variants
[20:03:49] [Render thread/INFO]: [BetterBlocks] Registered block: blockeufonia:base_178 with 9 variants
[20:03:49] [Render thread/INFO]: [BetterBlocks] Registered block: blockeufonia:base_179 with 9 variants
[20:03:49] [Render thread/INFO]: [BetterBlocks] Registered block: blockeufonia:base_180 with 9 variants
[20:03:49] [Render thread/INFO]: [BetterBlocks] Registered block: blockeufonia:base_181 with 9 variants
[20:03:49] [Render thread/INFO]: [BetterBlocks] Registered block: blockeufonia:base_182 with 9 variants
[20:03:49] [Render thread/INFO]: [BetterBlocks] Registered block: blockeufonia:base_183 with 9 variants
[20:03:49] [Render thread/INFO]: [BetterBlocks] Registered block: blockeufonia:base_184 with 9 variants
[20:03:49] [Render thread/INFO]: [BetterBlocks] Registered block: blockeufonia:base_185 with 9 variants
[20:03:49] [Render thread/INFO]: [BetterBlocks] Registered block: blockeufonia:base_186 with 9 variants
[20:03:49] [Render thread/INFO]: [BetterBlocks] Registered block: blockeufonia:base_187 with 9 variants
[20:03:49] [Render thread/INFO]: [BetterBlocks] Registered block: blockeufonia:base_188 with 9 variants
[20:03:49] [Render thread/INFO]: [BetterBlocks] Registered block: blockeufonia:base_189 with 9 variants
[20:03:49] [Render thread/INFO]: [BetterBlocks] Registered block: blockeufonia:base_190 with 9 variants
[20:03:49] [Render thread/INFO]: [BetterBlocks] Registered block: blockeufonia:base_191 with 9 variants
[20:03:49] [Render thread/INFO]: [BetterBlocks] Registered block: blockeufonia:base_192 with 9 variants
[20:03:49] [Render thread/INFO]: [BetterBlocks] Registered block: blockeufonia:base_193 with 9 variants
[20:03:49] [Render thread/INFO]: [BetterBlocks] Registered block: blockeufonia:base_194 with 9 variants
[20:03:49] [Render thread/INFO]: [BetterBlocks] Registered block: blockeufonia:base_195 with 9 variants
[20:03:49] [Render thread/INFO]: [BetterBlocks] Registered block: blockeufonia:base_196 with 9 variants
[20:03:49] [Render thread/INFO]: [BetterBlocks] Registered block: blockeufonia:base_197 with 9 variants
[20:03:49] [Render thread/INFO]: [BetterBlocks] Registered block: blockeufonia:base_198 with 9 variants
[20:03:49] [Render thread/INFO]: [BetterBlocks] Registered block: blockeufonia:base_199 with 9 variants
[20:03:49] [Render thread/INFO]: [BetterBlocks] Registered block: blockeufonia:base_200 with 9 variants
[20:03:49] [Render thread/INFO]: [BetterBlocks] Registered block: blockeufonia:base_201 with 9 variants
[20:03:49] [Render thread/INFO]: [BetterBlocks] Registered block: blockeufonia:base_202 with 9 variants
[20:03:49] [Render thread/INFO]: [BetterBlocks] Registered block: blockeufonia:base_203 with 9 variants
[20:03:49] [Render thread/INFO]: [BetterBlocks] Registered block: blockeufonia:base_204 with 9 variants
[20:03:49] [Render thread/INFO]: [BetterBlocks] Registered block: blockeufonia:base_205 with 9 variants
[20:03:49] [Render thread/INFO]: [BetterBlocks] Registered block: blockeufonia:base_206 with 9 variants
[20:03:49] [Render thread/INFO]: [BetterBlocks] Registered block: blockeufonia:base_207 with 9 variants
[20:03:49] [Render thread/INFO]: [BetterBlocks] Registered block: blockeufonia:base_208 with 9 variants
[20:03:49] [Render thread/INFO]: [BetterBlocks] Registered block: blockeufonia:base_209 with 9 variants
[20:03:49] [Render thread/INFO]: [BetterBlocks] Registered block: blockeufonia:base_210 with 9 variants
[20:03:49] [Render thread/INFO]: [BetterBlocks] Registered block: blockeufonia:base_211 with 9 variants
[20:03:49] [Render thread/INFO]: [BetterBlocks] Registered block: blockeufonia:base_212 with 9 variants
[20:03:49] [Render thread/INFO]: [BetterBlocks] Registered block: blockeufonia:base_213 with 9 variants
[20:03:49] [Render thread/INFO]: [BetterBlocks] Registered block: blockeufonia:base_214 with 9 variants
[20:03:49] [Render thread/INFO]: [BetterBlocks] Registered block: blockeufonia:base_215 with 9 variants
[20:03:49] [Render thread/INFO]: [BetterBlocks] Registered block: blockeufonia:base_216 with 9 variants
[20:03:49] [Render thread/INFO]: [BetterBlocks] Registered block: blockeufonia:base_217 with 9 variants
[20:03:49] [Render thread/INFO]: [BetterBlocks] Registered block: blockeufonia:base_218 with 9 variants
[20:03:49] [Render thread/INFO]: [BetterBlocks] Registered block: blockeufonia:base_219 with 9 variants
[20:03:49] [Render thread/INFO]: [BetterBlocks] Registered block: blockeufonia:base_220 with 9 variants
[20:03:49] [Render thread/INFO]: [BetterBlocks] Registered block: blockeufonia:base_221 with 9 variants
[20:03:49] [Render thread/INFO]: [BetterBlocks] Registered block: blockeufonia:base_222 with 9 variants
[20:03:49] [Render thread/INFO]: [BetterBlocks] Registered block: blockeufonia:base_223 with 9 variants
[20:03:49] [Render thread/INFO]: [BetterBlocks] Registered block: blockeufonia:base_224 with 9 variants
[20:03:49] [Render thread/INFO]: [BetterBlocks] Registered block: blockeufonia:base_225 with 9 variants
[20:03:49] [Render thread/INFO]: [BetterBlocks] Registered block: blockeufonia:base_226 with 9 variants
[20:03:49] [Render thread/INFO]: [BetterBlocks] Registered block: blockeufonia:base_227 with 9 variants
[20:03:49] [Render thread/INFO]: [BetterBlocks] Registered block: blockeufonia:base_228 with 9 variants
[20:03:49] [Render thread/INFO]: [BetterBlocks] Registered block: blockeufonia:base_229 with 9 variants
[20:03:49] [Render thread/INFO]: [BetterBlocks] Registered block: blockeufonia:base_230 with 9 variants
[20:03:49] [Render thread/INFO]: [BetterBlocks] Registered block: blockeufonia:base_231 with 9 variants
[20:03:49] [Render thread/INFO]: [BetterBlocks] Registered block: blockeufonia:base_232 with 9 variants
[20:03:49] [Render thread/INFO]: [BetterBlocks] Registered block: blockeufonia:base_233 with 9 variants
[20:03:49] [Render thread/INFO]: [BetterBlocks] Registered block: blockeufonia:base_234 with 9 variants
[20:03:49] [Render thread/INFO]: [BetterBlocks] Registered block: blockeufonia:base_235 with 9 variants
[20:03:49] [Render thread/INFO]: [BetterBlocks] Registered block: blockeufonia:base_236 with 9 variants
[20:03:49] [Render thread/INFO]: [BetterBlocks] Registered block: blockeufonia:base_237 with 9 variants
[20:03:49] [Render thread/INFO]: [BetterBlocks] Registered block: blockeufonia:base_238 with 9 variants
[20:03:49] [Render thread/INFO]: [BetterBlocks] Registered block: blockeufonia:base_239 with 9 variants
[20:03:49] [Render thread/INFO]: [BetterBlocks] Registered block: blockeufonia:base_240 with 9 variants
[20:03:49] [Render thread/INFO]: [BetterBlocks] Registered block: blockeufonia:base_241 with 9 variants
[20:03:49] [Render thread/INFO]: [BetterBlocks] Registered block: blockeufonia:base_242 with 9 variants
[20:03:49] [Render thread/INFO]: [BetterBlocks] Registered block: blockeufonia:base_243 with 9 variants
[20:03:49] [Render thread/INFO]: [BetterBlocks] Registered block: blockeufonia:base_244 with 9 variants
[20:03:49] [Render thread/INFO]: [BetterBlocks] Registered block: blockeufonia:base_245 with 9 variants
[20:03:49] [Render thread/INFO]: [BetterBlocks] Registered block: blockeufonia:base_246 with 9 variants
[20:03:49] [Render thread/INFO]: [BetterBlocks] Registered block: blockeufonia:base_247 with 9 variants
[20:03:49] [Render thread/INFO]: [BetterBlocks] Registered block: blockeufonia:base_248 with 9 variants
[20:03:49] [Render thread/INFO]: [BetterBlocks] Registered block: blockeufonia:base_249 with 9 variants
[20:03:49] [Render thread/INFO]: [BetterBlocks] Registered block: blockeufonia:base_250 with 9 variants
[20:03:49] [Render thread/INFO]: [BetterBlocks] Registered block: blockeufonia:base_251 with 9 variants
[20:03:49] [Render thread/INFO]: [BetterBlocks] Registered block: blockeufonia:base_252 with 9 variants
[20:03:49] [Render thread/INFO]: [BetterBlocks] Registered block: blockeufonia:base_253 with 9 variants
[20:03:49] [Render thread/INFO]: [BetterBlocks] Registered block: blockeufonia:base_254 with 9 variants
[20:03:49] [Render thread/INFO]: [BetterBlocks] Registered block: blockeufonia:base_255 with 9 variants
[20:03:49] [Render thread/INFO]: [BetterBlocks] Registered block: blockeufonia:base_256 with 9 variants
[20:03:49] [Render thread/INFO]: [BetterBlocks] Registered block: blockeufonia:base_257 with 9 variants
[20:03:49] [Render thread/INFO]: [BetterBlocks] Registered block: blockeufonia:base_258 with 9 variants
[20:03:49] [Render thread/INFO]: [BetterBlocks] Registered block: blockeufonia:base_259 with 9 variants
[20:03:49] [Render thread/INFO]: [BetterBlocks] Registered block: blockeufonia:base_260 with 9 variants
[20:03:49] [Render thread/INFO]: [BetterBlocks] Registered block: blockeufonia:base_261 with 9 variants
[20:03:49] [Render thread/INFO]: [BetterBlocks] Registered block: blockeufonia:base_262 with 9 variants
[20:03:49] [Render thread/INFO]: [BetterBlocks] Registered block: blockeufonia:base_263 with 9 variants
[20:03:49] [Render thread/INFO]: [BetterBlocks] Registered block: blockeufonia:base_264 with 9 variants
[20:03:49] [Render thread/INFO]: [BetterBlocks] Registered block: blockeufonia:base_265 with 9 variants
[20:03:49] [Render thread/INFO]: [BetterBlocks] Registered block: blockeufonia:base_266 with 9 variants
[20:03:49] [Render thread/INFO]: [BetterBlocks] Registered block: blockeufonia:base_267 with 9 variants
[20:03:49] [Render thread/INFO]: [BetterBlocks] Registered block: blockeufonia:base_268 with 9 variants
[20:03:49] [Render thread/INFO]: [BetterBlocks] Registered block: blockeufonia:base_269 with 9 variants
[20:03:49] [Render thread/INFO]: [BetterBlocks] Registered block: blockeufonia:base_270 with 9 variants
[20:03:49] [Render thread/INFO]: [BetterBlocks] Registered block: blockeufonia:base_271 with 9 variants
[20:03:49] [Render thread/INFO]: [BetterBlocks] Registered block: blockeufonia:base_272 with 9 variants
[20:03:49] [Render thread/INFO]: [BetterBlocks] Registered block: blockeufonia:base_273 with 9 variants
[20:03:49] [Render thread/INFO]: [BetterBlocks] Registered block: blockeufonia:base_274 with 9 variants
[20:03:49] [Render thread/INFO]: [BetterBlocks] Registered block: blockeufonia:base_275 with 9 variants
[20:03:49] [Render thread/INFO]: [BetterBlocks] Registered block: blockeufonia:base_276 with 9 variants
[20:03:49] [Render thread/INFO]: [BetterBlocks] Registered block: blockeufonia:base_277 with 9 variants
[20:03:49] [Render thread/INFO]: [BetterBlocks] Registered block: blockeufonia:base_278 with 9 variants
[20:03:49] [Render thread/INFO]: [BetterBlocks] Registered block: blockeufonia:base_279 with 9 variants
[20:03:49] [Render thread/INFO]: [BetterBlocks] Registered block: blockeufonia:base_280 with 9 variants
[20:03:49] [Render thread/INFO]: [BetterBlocks] Registered block: blockeufonia:base_281 with 9 variants
[20:03:49] [Render thread/INFO]: [BetterBlocks] Registered block: blockeufonia:base_282 with 9 variants
[20:03:49] [Render thread/INFO]: [BetterBlocks] Registered block: blockeufonia:base_283 with 9 variants
[20:03:49] [Render thread/INFO]: [BetterBlocks] Registered block: blockeufonia:base_284 with 9 variants
[20:03:49] [Render thread/INFO]: [BetterBlocks] Registered block: blockeufonia:base_285 with 9 variants
[20:03:49] [Render thread/INFO]: [BetterBlocks] Registered block: blockeufonia:base_286 with 9 variants
[20:03:49] [Render thread/INFO]: [BetterBlocks] Registered block: blockeufonia:base_287 with 9 variants
[20:03:49] [Render thread/INFO]: [BetterBlocks] Registered block: blockeufonia:base_288 with 9 variants
[20:03:49] [Render thread/INFO]: [BetterBlocks] Registered block: blockeufonia:base_289 with 9 variants
[20:03:49] [Render thread/INFO]: [BetterBlocks] Registered block: blockeufonia:base_290 with 9 variants
[20:03:49] [Render thread/INFO]: [BetterBlocks] Registered block: blockeufonia:base_291 with 9 variants
[20:03:49] [Render thread/INFO]: [BetterBlocks] Registered block: blockeufonia:base_292 with 9 variants
[20:03:49] [Render thread/INFO]: [BetterBlocks] Registered block: blockeufonia:base_293 with 9 variants
[20:03:49] [Render thread/INFO]: [BetterBlocks] Registered block: blockeufonia:base_294 with 9 variants
[20:03:49] [Render thread/INFO]: [BetterBlocks] Registered block: blockeufonia:base_295 with 9 variants
[20:03:49] [Render thread/INFO]: [BetterBlocks] Registered block: blockeufonia:base_296 with 9 variants
[20:03:49] [Render thread/INFO]: [BetterBlocks] Registered block: blockeufonia:base_297 with 9 variants
[20:03:49] [Render thread/INFO]: [BetterBlocks] Registered block: blockeufonia:base_298 with 9 variants
[20:03:49] [Render thread/INFO]: [BetterBlocks] Registered block: blockeufonia:base_299 with 9 variants
[20:03:49] [Render thread/INFO]: [BetterBlocks] Registered block: blockeufonia:base_300 with 9 variants
[20:03:49] [Render thread/INFO]: [BetterBlocks] Registered block: blockeufonia:base_301 with 9 variants
[20:03:49] [Render thread/INFO]: [BetterBlocks] Registered block: blockeufonia:base_302 with 9 variants
[20:03:49] [Render thread/INFO]: [BetterBlocks] Registered block: blockeufonia:base_303 with 9 variants
[20:03:49] [Render thread/INFO]: [BetterBlocks] Registered block: blockeufonia:base_304 with 9 variants
[20:03:49] [Render thread/INFO]: [BetterBlocks] Registered block: blockeufonia:base_305 with 9 variants
[20:03:49] [Render thread/INFO]: [BetterBlocks] Registered block: blockeufonia:base_306 with 9 variants
[20:03:49] [Render thread/INFO]: [BetterBlocks] Registered block: blockeufonia:base_307 with 9 variants
[20:03:49] [Render thread/INFO]: [BetterBlocks] Registered block: blockeufonia:base_308 with 9 variants
[20:03:49] [Render thread/INFO]: [BetterBlocks] Registered block: blockeufonia:base_309 with 9 variants
[20:03:49] [Render thread/INFO]: [BetterBlocks] Registered block: blockeufonia:base_310 with 9 variants
[20:03:49] [Render thread/INFO]: [BetterBlocks] Registered block: blockeufonia:base_311 with 9 variants
[20:03:49] [Render thread/INFO]: [BetterBlocks] Registered block: blockeufonia:base_312 with 9 variants
[20:03:49] [Render thread/INFO]: [BetterBlocks] Registered block: blockeufonia:base_313 with 9 variants
[20:03:49] [Render thread/INFO]: [BetterBlocks] Registered block: blockeufonia:base_314 with 9 variants
[20:03:49] [Render thread/INFO]: [BetterBlocks] Registered block: blockeufonia:base_315 with 9 variants
[20:03:49] [Render thread/INFO]: [BetterBlocks] Registered block: blockeufonia:base_316 with 9 variants
[20:03:49] [Render thread/INFO]: [BetterBlocks] Registered block: blockeufonia:base_317 with 9 variants
[20:03:49] [Render thread/INFO]: [BetterBlocks] Registered block: blockeufonia:base_318 with 9 variants
[20:03:49] [Render thread/INFO]: [BetterBlocks] Registered block: blockeufonia:base_319 with 9 variants
[20:03:49] [Render thread/INFO]: [BetterBlocks] Registered block: blockeufonia:base_320 with 9 variants
[20:03:49] [Render thread/INFO]: [BetterBlocks] Registered block: blockeufonia:base_321 with 9 variants
[20:03:49] [Render thread/INFO]: [BetterBlocks] Registered block: blockeufonia:base_322 with 9 variants
[20:03:49] [Render thread/INFO]: [BetterBlocks] Registered block: blockeufonia:base_323 with 9 variants
[20:03:49] [Render thread/INFO]: [BetterBlocks] Registered block: blockeufonia:base_324 with 9 variants
[20:03:49] [Render thread/INFO]: [BetterBlocks] Registered block: blockeufonia:base_325 with 9 variants
[20:03:49] [Render thread/INFO]: [BetterBlocks] Registered block: blockeufonia:base_326 with 9 variants
[20:03:49] [Render thread/INFO]: [BetterBlocks] Registered block: blockeufonia:base_327 with 9 variants
[20:03:49] [Render thread/INFO]: [BetterBlocks] Registered block: blockeufonia:base_328 with 9 variants
[20:03:49] [Render thread/INFO]: [BetterBlocks] Registered block: blockeufonia:base_329 with 9 variants
[20:03:49] [Render thread/INFO]: [BetterBlocks] Registered block: blockeufonia:base_330 with 9 variants
[20:03:49] [Render thread/INFO]: [BetterBlocks] Registered block: blockeufonia:base_331 with 9 variants
[20:03:49] [Render thread/INFO]: [BetterBlocks] Registered block: blockeufonia:base_332 with 9 variants
[20:03:49] [Render thread/INFO]: [BetterBlocks] Registered block: blockeufonia:base_333 with 9 variants
[20:03:49] [Render thread/INFO]: [BetterBlocks] Registered block: blockeufonia:base_334 with 9 variants
[20:03:49] [Render thread/INFO]: [BetterBlocks] Registered block: blockeufonia:base_335 with 9 variants
[20:03:49] [Render thread/INFO]: [BetterBlocks] Registered block: blockeufonia:base_336 with 9 variants
[20:03:49] [Render thread/INFO]: [BetterBlocks] Registered block: blockeufonia:base_337 with 9 variants
[20:03:49] [Render thread/INFO]: [BetterBlocks] Registered block: blockeufonia:base_338 with 9 variants
[20:03:49] [Render thread/INFO]: [BetterBlocks] Registered block: blockeufonia:base_339 with 9 variants
[20:03:49] [Render thread/INFO]: [BetterBlocks] Registered block: blockeufonia:base_340 with 9 variants
[20:03:49] [Render thread/INFO]: [BetterBlocks] Registered block: blockeufonia:base_341 with 9 variants
[20:03:49] [Render thread/INFO]: [BetterBlocks] Registered block: blockeufonia:base_342 with 9 variants
[20:03:49] [Render thread/INFO]: [BetterBlocks] Registered block: blockeufonia:base_343 with 9 variants
[20:03:49] [Render thread/INFO]: [BetterBlocks] Registered block: blockeufonia:base_344 with 9 variants
[20:03:49] [Render thread/INFO]: [BetterBlocks] Registered block: blockeufonia:base_345 with 9 variants
[20:03:49] [Render thread/INFO]: [BetterBlocks] Registered block: blockeufonia:base_346 with 9 variants
[20:03:49] [Render thread/INFO]: [BetterBlocks] Registered block: blockeufonia:base_347 with 9 variants
[20:03:49] [Render thread/INFO]: [BetterBlocks] Registered block: blockeufonia:base_348 with 9 variants
[20:03:49] [Render thread/INFO]: [BetterBlocks] Registered block: blockeufonia:base_349 with 9 variants
[20:03:49] [Render thread/INFO]: [BetterBlocks] Registered block: blockeufonia:base_350 with 9 variants
[20:03:49] [Render thread/INFO]: [BetterBlocks] Registered block: blockeufonia:base_351 with 9 variants
[20:03:49] [Render thread/INFO]: [BetterBlocks] Registered block: blockeufonia:base_352 with 9 variants
[20:03:49] [Render thread/INFO]: [BetterBlocks] Registered block: blockeufonia:base_353 with 9 variants
[20:03:49] [Render thread/INFO]: [BetterBlocks] Registered block: blockeufonia:base_354 with 9 variants
[20:03:49] [Render thread/INFO]: [BetterBlocks] Registered block: blockeufonia:base_355 with 9 variants
[20:03:49] [Render thread/INFO]: [BetterBlocks] Registered block: blockeufonia:base_356 with 9 variants
[20:03:49] [Render thread/INFO]: [BetterBlocks] Registered block: blockeufonia:base_357 with 9 variants
[20:03:49] [Render thread/INFO]: [BetterBlocks] Registered block: blockeufonia:base_358 with 9 variants
[20:03:49] [Render thread/INFO]: [BetterBlocks] Registered block: blockeufonia:base_359 with 9 variants
[20:03:49] [Render thread/INFO]: [BetterBlocks] Registered block: blockeufonia:base_360 with 9 variants
[20:03:49] [Render thread/INFO]: [BetterBlocks] Registered block: blockeufonia:base_361 with 9 variants
[20:03:49] [Render thread/INFO]: [BetterBlocks] Registered block: blockeufonia:base_362 with 9 variants
[20:03:49] [Render thread/INFO]: [BetterBlocks] Registered block: blockeufonia:base_363 with 9 variants
[20:03:49] [Render thread/INFO]: [BetterBlocks] Registered block: blockeufonia:base_364 with 9 variants
[20:03:49] [Render thread/INFO]: [BetterBlocks] Registered block: blockeufonia:base_365 with 9 variants
[20:03:49] [Render thread/INFO]: [BetterBlocks] Registered block: blockeufonia:base_366 with 9 variants
[20:03:49] [Render thread/INFO]: [BetterBlocks] Registered block: blockeufonia:base_367 with 9 variants
[20:03:49] [Render thread/INFO]: [BetterBlocks] Registered block: blockeufonia:base_368 with 9 variants
[20:03:49] [Render thread/INFO]: [BetterBlocks] Registered block: blockeufonia:base_369 with 9 variants
[20:03:49] [Render thread/INFO]: [BetterBlocks] Registered block: blockeufonia:base_370 with 9 variants
[20:03:49] [Render thread/INFO]: [BetterBlocks] Registered block: blockeufonia:base_371 with 9 variants
[20:03:49] [Render thread/INFO]: [BetterBlocks] Registered block: blockeufonia:base_372 with 9 variants
[20:03:49] [Render thread/INFO]: [BetterBlocks] Registered block: blockeufonia:base_373 with 9 variants
[20:03:49] [Render thread/INFO]: [BetterBlocks] Registered block: blockeufonia:base_374 with 9 variants
[20:03:49] [Render thread/INFO]: [BetterBlocks] Registered block: blockeufonia:base_375 with 9 variants
[20:03:49] [Render thread/INFO]: [BetterBlocks] Registered block: blockeufonia:base_376 with 9 variants
[20:03:49] [Render thread/INFO]: [BetterBlocks] Registered block: blockeufonia:base_377 with 9 variants
[20:03:49] [Render thread/INFO]: [BetterBlocks] Registered block: blockeufonia:base_378 with 9 variants
[20:03:49] [Render thread/INFO]: [BetterBlocks] Registered block: blockeufonia:base_379 with 9 variants
[20:03:49] [Render thread/INFO]: [BetterBlocks] Registered block: blockeufonia:base_380 with 9 variants
[20:03:49] [Render thread/INFO]: [BetterBlocks] Registered block: blockeufonia:base_381 with 9 variants
[20:03:49] [Render thread/INFO]: [BetterBlocks] Registered block: blockeufonia:base_382 with 9 variants
[20:03:49] [Render thread/INFO]: [BetterBlocks] Registered block: blockeufonia:base_383 with 9 variants
[20:03:49] [Render thread/INFO]: [BetterBlocks] Registered block: blockeufonia:base_384 with 9 variants
[20:03:49] [Render thread/INFO]: [BetterBlocks] Registered block: blockeufonia:base_385 with 9 variants
[20:03:49] [Render thread/INFO]: [BetterBlocks] Registered block: blockeufonia:base_386 with 9 variants
[20:03:49] [Render thread/INFO]: [BetterBlocks] Registered block: blockeufonia:base_387 with 9 variants
[20:03:49] [Render thread/INFO]: [BetterBlocks] Registered block: blockeufonia:base_388 with 9 variants
[20:03:49] [Render thread/INFO]: [BetterBlocks] Registered block: blockeufonia:base_389 with 9 variants
[20:03:49] [Render thread/INFO]: [BetterBlocks] Registered block: blockeufonia:base_390 with 9 variants
[20:03:49] [Render thread/INFO]: [BetterBlocks] Registered block: blockeufonia:base_391 with 9 variants
[20:03:49] [Render thread/INFO]: [BetterBlocks] Registered block: blockeufonia:base_392 with 9 variants
[20:03:49] [Render thread/INFO]: [BetterBlocks] Registered block: blockeufonia:base_393 with 9 variants
[20:03:49] [Render thread/INFO]: [BetterBlocks] Registered block: blockeufonia:base_394 with 9 variants
[20:03:49] [Render thread/INFO]: [BetterBlocks] Registered block: blockeufonia:base_395 with 9 variants
[20:03:49] [Render thread/INFO]: [BetterBlocks] Registered block: blockeufonia:base_396 with 9 variants
[20:03:49] [Render thread/INFO]: [BetterBlocks] Registered block: blockeufonia:base_397 with 9 variants
[20:03:49] [Render thread/INFO]: [BetterBlocks] Registered block: blockeufonia:base_398 with 9 variants
[20:03:49] [Render thread/INFO]: [BetterBlocks] Registered block: blockeufonia:base_399 with 9 variants
[20:03:49] [Render thread/INFO]: [BetterBlocks] Registered block: blockeufonia:white_light with 9 variants
[20:03:49] [Render thread/INFO]: [BetterBlocks] Registered block: blockeufonia:w_cyan_8. with 9 variants
[20:03:49] [Render thread/INFO]: [BetterBlocks] Registered block: blockeufonia:roulette_yellow with 9 variants
[20:03:49] [Render thread/INFO]: [BetterBlocks] Registered block: blockeufonia:roulette_red with 9 variants
[20:03:49] [Render thread/INFO]: [BetterBlocks] Registered block: blockeufonia:roulette_purple with 9 variants
[20:03:49] [Render thread/INFO]: [BetterBlocks] Registered block: blockeufonia:roulette_pink with 9 variants
[20:03:49] [Render thread/INFO]: [BetterBlocks] Registered block: blockeufonia:roulette_orange with 9 variants
[20:03:49] [Render thread/INFO]: [BetterBlocks] Registered block: blockeufonia:roulette_metal with 9 variants
[20:03:49] [Render thread/INFO]: [BetterBlocks] Registered block: blockeufonia:roulette_green with 9 variants
[20:03:49] [Render thread/INFO]: [BetterBlocks] Registered block: blockeufonia:roulette_cyan with 9 variants
[20:03:49] [Render thread/INFO]: [BetterBlocks] Registered block: blockeufonia:roulette_center with 9 variants
[20:03:49] [Render thread/INFO]: [BetterBlocks] Registered block: blockeufonia:roulette_blue with 9 variants
[20:03:49] [Render thread/INFO]: [BetterBlocks] Registered block: blockeufonia:rainbowwool with 9 variants
[20:03:49] [Render thread/INFO]: [BetterBlocks] Registered block: blockeufonia:metal_floor_gray with 9 variants
[20:03:49] [Render thread/INFO]: [BetterBlocks] Registered block: blockeufonia:gleba_ore with 0 variants
[20:03:49] [Render thread/INFO]: [BetterBlocks] Registered block: blockeufonia:gleba_grass with 9 variants
[20:03:49] [Render thread/INFO]: [BetterBlocks] Registered block: blockeufonia:concrete_floor_black with 9 variants
[20:03:49] [Render thread/INFO]: [BetterBlocks] Registered block: blockeufonia:alien_plant_2
[20:03:49] [Render thread/INFO]: [BetterBlocks] Registered block: blockeufonia:alien_plant_3
[20:03:49] [Render thread/INFO]: [BetterBlocks] Registered block: blockeufonia:arcade_blue
[20:03:49] [Render thread/INFO]: [BetterBlocks] Registered block: blockeufonia:arcade_green
[20:03:49] [Render thread/INFO]: [BetterBlocks] Registered block: blockeufonia:arcade_red
[20:03:49] [Render thread/INFO]: [BetterBlocks] Registered block: blockeufonia:arcade_yellow
[20:03:49] [Render thread/INFO]: [BetterBlocks] Registered block: blockeufonia:arcade_yellow_green
[20:03:49] [Render thread/INFO]: [BetterBlocks] Registered block: blockeufonia:atm
[20:03:49] [Render thread/INFO]: [BetterBlocks] Registered block: blockeufonia:bathroom_mirror_1
[20:03:49] [Render thread/INFO]: [BetterBlocks] Registered block: blockeufonia:bathroom_sink_1
[20:03:49] [Render thread/INFO]: [BetterBlocks] Registered block: blockeufonia:bathroom_soap_1
[20:03:49] [Render thread/INFO]: [BetterBlocks] Registered block: blockeufonia:bathroom_toilet_1
[20:03:49] [Render thread/INFO]: [BetterBlocks] Registered block: blockeufonia:black_table_1
[20:03:49] [Render thread/INFO]: [BetterBlocks] Registered block: blockeufonia:black_table_2
[20:03:49] [Render thread/INFO]: [BetterBlocks] Registered block: blockeufonia:black_table_3
[20:03:49] [Render thread/INFO]: [BetterBlocks] Registered block: blockeufonia:bone_sword
[20:03:49] [Render thread/INFO]: [BetterBlocks] Registered block: blockeufonia:book_0
[20:03:49] [Render thread/INFO]: [BetterBlocks] Registered block: blockeufonia:bottle_box_2
[20:03:49] [Render thread/INFO]: [BetterBlocks] Registered block: blockeufonia:bow
[20:03:49] [Render thread/INFO]: [BetterBlocks] Registered block: blockeufonia:box_diabli
[20:03:49] [Render thread/INFO]: [BetterBlocks] Registered block: blockeufonia:boxing_bell_floor
[20:03:49] [Render thread/INFO]: [BetterBlocks] Registered block: blockeufonia:bunk_bed_small_bar
[20:03:49] [Render thread/INFO]: [BetterBlocks] Registered block: blockeufonia:cabinet_files_1
[20:03:49] [Render thread/INFO]: [BetterBlocks] Registered block: blockeufonia:cabinet_files_1a
[20:03:49] [Render thread/INFO]: [BetterBlocks] Registered block: blockeufonia:carpet_6
[20:03:49] [Render thread/INFO]: [BetterBlocks] Registered block: blockeufonia:ceiling_fan
[20:03:49] [Render thread/INFO]: [BetterBlocks] Registered block: blockeufonia:chair_tv_1
[20:03:49] [Render thread/INFO]: [BetterBlocks] Registered block: blockeufonia:chair_tv_2
[20:03:49] [Render thread/INFO]: [BetterBlocks] Registered block: blockeufonia:chair_wood_2
[20:03:49] [Render thread/INFO]: [BetterBlocks] Registered block: blockeufonia:chair_wood_4
[20:03:49] [Render thread/INFO]: [BetterBlocks] Registered block: blockeufonia:chair_wood_4b
[20:03:49] [Render thread/INFO]: [BetterBlocks] Registered block: blockeufonia:chest_bone_1
[20:03:49] [Render thread/INFO]: [BetterBlocks] Registered block: blockeufonia:chest_bone_2
[20:03:49] [Render thread/INFO]: [BetterBlocks] Registered block: blockeufonia:chest_limbo
[20:03:49] [Render thread/INFO]: [BetterBlocks] Registered block: blockeufonia:chest_limbo_double
[20:03:49] [Render thread/INFO]: [BetterBlocks] Registered block: blockeufonia:chest_organic
[20:03:49] [Render thread/INFO]: [BetterBlocks] Registered block: blockeufonia:chest_organic_double
[20:03:49] [Render thread/INFO]: [BetterBlocks] Registered block: blockeufonia:chest_phora
[20:03:49] [Render thread/INFO]: [BetterBlocks] Registered block: blockeufonia:chinese_table_3
[20:03:49] [Render thread/INFO]: [BetterBlocks] Registered block: blockeufonia:constr_bricks_1
[20:03:49] [Render thread/INFO]: [BetterBlocks] Registered block: blockeufonia:constr_bricks_2
[20:03:49] [Render thread/INFO]: [BetterBlocks] Registered block: blockeufonia:constr_bricks_3
[20:03:49] [Render thread/INFO]: [BetterBlocks] Registered block: blockeufonia:constr_cone1
[20:03:49] [Render thread/INFO]: [BetterBlocks] Registered block: blockeufonia:constr_cone2
[20:03:49] [Render thread/INFO]: [BetterBlocks] Registered block: blockeufonia:constr_cone3
[20:03:49] [Render thread/INFO]: [BetterBlocks] Registered block: blockeufonia:constr_shovel_2
[20:03:49] [Render thread/INFO]: [BetterBlocks] Registered block: blockeufonia:constr_shovel_4
[20:03:49] [Render thread/INFO]: [BetterBlocks] Registered block: blockeufonia:construction_barrier_1
[20:03:49] [Render thread/INFO]: [BetterBlocks] Registered block: blockeufonia:construction_helmet
[20:03:49] [Render thread/INFO]: [BetterBlocks] Registered block: blockeufonia:construction_tape
[20:03:49] [Render thread/INFO]: [BetterBlocks] Registered block: blockeufonia:crayons_diabli
[20:03:49] [Render thread/INFO]: [BetterBlocks] Registered block: blockeufonia:d_1
[20:03:49] [Render thread/INFO]: [BetterBlocks] Registered block: blockeufonia:d_11
[20:03:49] [Render thread/INFO]: [BetterBlocks] Registered block: blockeufonia:d_12
[20:03:49] [Render thread/INFO]: [BetterBlocks] Registered block: blockeufonia:d_15
[20:03:49] [Render thread/INFO]: [BetterBlocks] Registered block: blockeufonia:d_16
[20:03:49] [Render thread/INFO]: [BetterBlocks] Registered block: blockeufonia:d_17
[20:03:49] [Render thread/INFO]: [BetterBlocks] Registered block: blockeufonia:d_18
[20:03:49] [Render thread/INFO]: [BetterBlocks] Registered block: blockeufonia:d_19
[20:03:49] [Render thread/INFO]: [BetterBlocks] Registered block: blockeufonia:d_2
[20:03:49] [Render thread/INFO]: [BetterBlocks] Registered block: blockeufonia:d_20
[20:03:49] [Render thread/INFO]: [BetterBlocks] Registered block: blockeufonia:d_21
[20:03:49] [Render thread/INFO]: [BetterBlocks] Registered block: blockeufonia:d_22
[20:03:49] [Render thread/INFO]: [BetterBlocks] Registered block: blockeufonia:d_23
[20:03:49] [Render thread/INFO]: [BetterBlocks] Registered block: blockeufonia:d_24
[20:03:49] [Render thread/INFO]: [BetterBlocks] Registered block: blockeufonia:d_26
[20:03:49] [Render thread/INFO]: [BetterBlocks] Registered block: blockeufonia:d_27
[20:03:49] [Render thread/INFO]: [BetterBlocks] Registered block: blockeufonia:d_3
[20:03:49] [Render thread/INFO]: [BetterBlocks] Registered block: blockeufonia:d_30
[20:03:49] [Render thread/INFO]: [BetterBlocks] Registered block: blockeufonia:d_33
[20:03:49] [Render thread/INFO]: [BetterBlocks] Registered block: blockeufonia:d_36
[20:03:49] [Render thread/INFO]: [BetterBlocks] Registered block: blockeufonia:d_38
[20:03:49] [Render thread/INFO]: [BetterBlocks] Registered block: blockeufonia:d_39
[20:03:49] [Render thread/INFO]: [BetterBlocks] Registered block: blockeufonia:d_4
[20:03:49] [Render thread/INFO]: [BetterBlocks] Registered block: blockeufonia:d_40
[20:03:49] [Render thread/INFO]: [BetterBlocks] Registered block: blockeufonia:d_41
[20:03:49] [Render thread/INFO]: [BetterBlocks] Registered block: blockeufonia:d_42
[20:03:49] [Render thread/INFO]: [BetterBlocks] Registered block: blockeufonia:d_43
[20:03:49] [Render thread/INFO]: [BetterBlocks] Registered block: blockeufonia:d_5
[20:03:49] [Render thread/INFO]: [BetterBlocks] Registered block: blockeufonia:d_50
[20:03:49] [Render thread/INFO]: [BetterBlocks] Registered block: blockeufonia:d_55
[20:03:49] [Render thread/INFO]: [BetterBlocks] Registered block: blockeufonia:d_58
[20:03:49] [Render thread/INFO]: [BetterBlocks] Registered block: blockeufonia:d_6
[20:03:49] [Render thread/INFO]: [BetterBlocks] Registered block: blockeufonia:d_62
[20:03:49] [Render thread/INFO]: [BetterBlocks] Registered block: blockeufonia:d_63
[20:03:49] [Render thread/INFO]: [BetterBlocks] Registered block: blockeufonia:d_8
[20:03:49] [Render thread/INFO]: [BetterBlocks] Registered block: blockeufonia:d_9
[20:03:49] [Render thread/INFO]: [BetterBlocks] Registered block: blockeufonia:dark_fungus
[20:03:49] [Render thread/INFO]: [BetterBlocks] Registered block: blockeufonia:dimension_plant_1
[20:03:49] [Render thread/INFO]: [BetterBlocks] Registered block: blockeufonia:dimension_plant_2
[20:03:49] [Render thread/INFO]: [BetterBlocks] Registered block: blockeufonia:dimension_plant_3
[20:03:49] [Render thread/INFO]: [BetterBlocks] Registered block: blockeufonia:dimension_plant_4
[20:03:49] [Render thread/INFO]: [BetterBlocks] Registered block: blockeufonia:dinner_wine_1
[20:03:49] [Render thread/INFO]: [BetterBlocks] Registered block: blockeufonia:dinner_wine_2a
[20:03:49] [Render thread/INFO]: [BetterBlocks] Registered block: blockeufonia:dinner_wine_3
[20:03:49] [Render thread/INFO]: [BetterBlocks] Registered block: blockeufonia:dm_paper11
[20:03:49] [Render thread/INFO]: [BetterBlocks] Registered block: blockeufonia:dm_paper14
[20:03:49] [Render thread/INFO]: [BetterBlocks] Registered block: blockeufonia:dm_paper4
[20:03:49] [Render thread/INFO]: [BetterBlocks] Registered block: blockeufonia:dm_paper5
[20:03:49] [Render thread/INFO]: [BetterBlocks] Registered block: blockeufonia:dm_paper8
[20:03:49] [Render thread/INFO]: [BetterBlocks] Registered block: blockeufonia:duckling_1
[20:03:49] [Render thread/INFO]: [BetterBlocks] Registered block: blockeufonia:ext_big_ladder_1
[20:03:49] [Render thread/INFO]: [BetterBlocks] Registered block: blockeufonia:f_chair
[20:03:49] [Render thread/INFO]: [BetterBlocks] Registered block: blockeufonia:fl_balloons_1
[20:03:49] [Render thread/INFO]: [BetterBlocks] Registered block: blockeufonia:fl_balloons_2
[20:03:49] [Render thread/INFO]: [BetterBlocks] Registered block: blockeufonia:fl_balloons_3
[20:03:49] [Render thread/INFO]: [BetterBlocks] Registered block: blockeufonia:fl_birthday_hat_1
[20:03:49] [Render thread/INFO]: [BetterBlocks] Registered block: blockeufonia:fl_brithday_dish
[20:03:49] [Render thread/INFO]: [BetterBlocks] Registered block: blockeufonia:fl_cake_2
[20:03:49] [Render thread/INFO]: [BetterBlocks] Registered block: blockeufonia:fl_cb_cup_1
[20:03:49] [Render thread/INFO]: [BetterBlocks] Registered block: blockeufonia:fl_cb_cup_2
[20:03:49] [Render thread/INFO]: [BetterBlocks] Registered block: blockeufonia:fl_pennants_3
[20:03:49] [Render thread/INFO]: [BetterBlocks] Registered block: blockeufonia:fl_pennants_4
[20:03:49] [Render thread/INFO]: [BetterBlocks] Registered block: blockeufonia:food_basket_fruit
[20:03:49] [Render thread/INFO]: [BetterBlocks] Registered block: blockeufonia:fridge_1a
[20:03:49] [Render thread/INFO]: [BetterBlocks] Registered block: blockeufonia:fruit_orange
[20:03:49] [Render thread/INFO]: [BetterBlocks] Registered block: blockeufonia:fruit_pears
[20:03:49] [Render thread/INFO]: [BetterBlocks] Registered block: blockeufonia:fruit_tomato
[20:03:49] [Render thread/INFO]: [BetterBlocks] Registered block: blockeufonia:furn_blender_2a
[20:03:49] [Render thread/INFO]: [BetterBlocks] Registered block: blockeufonia:furn_blender_3
[20:03:49] [Render thread/INFO]: [BetterBlocks] Registered block: blockeufonia:furn_board
[20:03:49] [Render thread/INFO]: [BetterBlocks] Registered block: blockeufonia:furn_books_4a
[20:03:49] [Render thread/INFO]: [BetterBlocks] Registered block: blockeufonia:furn_books_4b
[20:03:49] [Render thread/INFO]: [BetterBlocks] Registered block: blockeufonia:furn_books_4c
[20:03:49] [Render thread/INFO]: [BetterBlocks] Registered block: blockeufonia:furn_books_4d
[20:03:49] [Render thread/INFO]: [BetterBlocks] Registered block: blockeufonia:furniture_2_corner
[20:03:49] [Render thread/INFO]: [BetterBlocks] Registered block: blockeufonia:furniture_2_left
[20:03:49] [Render thread/INFO]: [BetterBlocks] Registered block: blockeufonia:furniture_2_middle
[20:03:49] [Render thread/INFO]: [BetterBlocks] Registered block: blockeufonia:galmega_plant_1
[20:03:49] [Render thread/INFO]: [BetterBlocks] Registered block: blockeufonia:galmega_plant_1a
[20:03:49] [Render thread/INFO]: [BetterBlocks] Registered block: blockeufonia:galmega_plant_2
[20:03:49] [Render thread/INFO]: [BetterBlocks] Registered block: blockeufonia:garland_bones_1
[20:03:49] [Render thread/INFO]: [BetterBlocks] Registered block: blockeufonia:garland_bones_2
[20:03:49] [Render thread/INFO]: [BetterBlocks] Registered block: blockeufonia:giant_water_lily
[20:03:49] [Render thread/INFO]: [BetterBlocks] Registered block: blockeufonia:gleba_plant_1
[20:03:49] [Render thread/INFO]: [BetterBlocks] Registered block: blockeufonia:gleba_plant_2
[20:03:49] [Render thread/INFO]: [BetterBlocks] Registered block: blockeufonia:gleba_plant_3
[20:03:49] [Render thread/INFO]: [BetterBlocks] Registered block: blockeufonia:gleba_plant_4
[20:03:49] [Render thread/INFO]: [BetterBlocks] Registered block: blockeufonia:gleba_plant_5
[20:03:49] [Render thread/INFO]: [BetterBlocks] Registered block: blockeufonia:gn_ceiling_lamp_s
[20:03:49] [Render thread/INFO]: [BetterBlocks] Registered block: blockeufonia:gn_chair
[20:03:49] [Render thread/INFO]: [BetterBlocks] Registered block: blockeufonia:gn_control_panel_1
[20:03:49] [Render thread/INFO]: [BetterBlocks] Registered block: blockeufonia:gn_control_panel_2
[20:03:49] [Render thread/INFO]: [BetterBlocks] Registered block: blockeufonia:gn_control_panel_3
[20:03:49] [Render thread/INFO]: [BetterBlocks] Registered block: blockeufonia:gn_control_panel_4
[20:03:49] [Render thread/INFO]: [BetterBlocks] Registered block: blockeufonia:gn_control_panel_5
[20:03:49] [Render thread/INFO]: [BetterBlocks] Registered block: blockeufonia:gn_lr_sofa_1
[20:03:49] [Render thread/INFO]: [BetterBlocks] Registered block: blockeufonia:gn_lr_sofa_2
[20:03:49] [Render thread/INFO]: [BetterBlocks] Registered block: blockeufonia:gn_lr_sofa_3
[20:03:49] [Render thread/INFO]: [BetterBlocks] Registered block: blockeufonia:gn_lr_table_1
[20:03:49] [Render thread/INFO]: [BetterBlocks] Registered block: blockeufonia:gn_lr_table_2
[20:03:49] [Render thread/INFO]: [BetterBlocks] Registered block: blockeufonia:gn_pipes_1
[20:03:49] [Render thread/INFO]: [BetterBlocks] Registered block: blockeufonia:gn_pipes_2
[20:03:49] [Render thread/INFO]: [BetterBlocks] Registered block: blockeufonia:gn_pipes_3
[20:03:49] [Render thread/INFO]: [BetterBlocks] Registered block: blockeufonia:gn_pipes_4
[20:03:49] [Render thread/INFO]: [BetterBlocks] Registered block: blockeufonia:gn_pipes_5
[20:03:49] [Render thread/INFO]: [BetterBlocks] Registered block: blockeufonia:gn_pipes_6
[20:03:49] [Render thread/INFO]: [BetterBlocks] Registered block: blockeufonia:gn_sll_bed
[20:03:49] [Render thread/INFO]: [BetterBlocks] Registered block: blockeufonia:hamburguesa_bottle_1
[20:03:49] [Render thread/INFO]: [BetterBlocks] Registered block: blockeufonia:hamburguesa_bottle_2
[20:03:49] [Render thread/INFO]: [BetterBlocks] Registered block: blockeufonia:hamburguesa_table_2
[20:03:49] [Render thread/INFO]: [BetterBlocks] Registered block: blockeufonia:hamburguesa_table_3
[20:03:49] [Render thread/INFO]: [BetterBlocks] Registered block: blockeufonia:hamburguesa_table_4
[20:03:49] [Render thread/INFO]: [BetterBlocks] Registered block: blockeufonia:hammer
[20:03:49] [Render thread/INFO]: [BetterBlocks] Registered block: blockeufonia:hanging_rope_1
[20:03:49] [Render thread/INFO]: [BetterBlocks] Registered block: blockeufonia:hanging_rope_2
[20:03:49] [Render thread/INFO]: [BetterBlocks] Registered block: blockeufonia:house_lamp_1
[20:03:49] [Render thread/INFO]: [BetterBlocks] Registered block: blockeufonia:house_lamp_2
[20:03:49] [Render thread/INFO]: [BetterBlocks] Registered block: blockeufonia:hw_bat_2
[20:03:49] [Render thread/INFO]: [BetterBlocks] Registered block: blockeufonia:hw_lantern_1
[20:03:49] [Render thread/INFO]: [BetterBlocks] Registered block: blockeufonia:hw_lantern_2
[20:03:49] [Render thread/INFO]: [BetterBlocks] Registered block: blockeufonia:hw_pennants_1
[20:03:49] [Render thread/INFO]: [BetterBlocks] Registered block: blockeufonia:hw_pennants_2
[20:03:49] [Render thread/INFO]: [BetterBlocks] Registered block: blockeufonia:hw_pumpkin_1a
[20:03:49] [Render thread/INFO]: [BetterBlocks] Registered block: blockeufonia:hw_pumpkin_1b
[20:03:49] [Render thread/INFO]: [BetterBlocks] Registered block: blockeufonia:hw_pumpkin_1c
[20:03:49] [Render thread/INFO]: [BetterBlocks] Registered block: blockeufonia:hw_pumpkin_3
[20:03:49] [Render thread/INFO]: [BetterBlocks] Registered block: blockeufonia:hw_pumpkin_4
[20:03:49] [Render thread/INFO]: [BetterBlocks] Registered block: blockeufonia:hw_skeleton_1
[20:03:49] [Render thread/INFO]: [BetterBlocks] Registered block: blockeufonia:hw_skeleton_2
[20:03:49] [Render thread/INFO]: [BetterBlocks] Registered block: blockeufonia:hw_skeleton_2a
[20:03:49] [Render thread/INFO]: [BetterBlocks] Registered block: blockeufonia:hw_skeleton_3
[20:03:49] [Render thread/INFO]: [BetterBlocks] Registered block: blockeufonia:hw_spider_2
[20:03:49] [Render thread/INFO]: [BetterBlocks] Registered block: blockeufonia:hw_tomb_1
[20:03:49] [Render thread/INFO]: [BetterBlocks] Registered block: blockeufonia:hw_tomb_2
[20:03:49] [Render thread/INFO]: [BetterBlocks] Registered block: blockeufonia:hw_tomb_3
[20:03:49] [Render thread/INFO]: [BetterBlocks] Registered block: blockeufonia:hw_tomb_4
[20:03:49] [Render thread/INFO]: [BetterBlocks] Registered block: blockeufonia:hw_tomb_5
[20:03:49] [Render thread/INFO]: [BetterBlocks] Registered block: blockeufonia:hw_tomb_6
[20:03:49] [Render thread/INFO]: [BetterBlocks] Registered block: blockeufonia:ice_cream_0
[20:03:49] [Render thread/INFO]: [BetterBlocks] Registered block: blockeufonia:infra_a_bottles_2
[20:03:49] [Render thread/INFO]: [BetterBlocks] Registered block: blockeufonia:infra_a_bottles_3
[20:03:49] [Render thread/INFO]: [BetterBlocks] Registered block: blockeufonia:infra_stacked_nuts_1
[20:03:49] [Render thread/INFO]: [BetterBlocks] Registered block: blockeufonia:infra_stacked_nuts_2
[20:03:49] [Render thread/INFO]: [BetterBlocks] Registered block: blockeufonia:japanese_banner_1
[20:03:49] [Render thread/INFO]: [BetterBlocks] Registered block: blockeufonia:japanese_banner_2
[20:03:49] [Render thread/INFO]: [BetterBlocks] Registered block: blockeufonia:japanese_banner_3
[20:03:49] [Render thread/INFO]: [BetterBlocks] Registered block: blockeufonia:japanese_banner_4
[20:03:49] [Render thread/INFO]: [BetterBlocks] Registered block: blockeufonia:japanese_banner_5
[20:03:49] [Render thread/INFO]: [BetterBlocks] Registered block: blockeufonia:japanese_banner_6
[20:03:49] [Render thread/INFO]: [BetterBlocks] Registered block: blockeufonia:japanese_bottle_1
[20:03:49] [Render thread/INFO]: [BetterBlocks] Registered block: blockeufonia:japanese_cup_1
[20:03:49] [Render thread/INFO]: [BetterBlocks] Registered block: blockeufonia:japanese_cup_2
[20:03:49] [Render thread/INFO]: [BetterBlocks] Registered block: blockeufonia:japanese_garden_lantern
[20:03:49] [Render thread/INFO]: [BetterBlocks] Registered block: blockeufonia:japanese_panel_1
[20:03:49] [Render thread/INFO]: [BetterBlocks] Registered block: blockeufonia:japanese_panel_2
[20:03:49] [Render thread/INFO]: [BetterBlocks] Registered block: blockeufonia:japanese_plant_1
[20:03:49] [Render thread/INFO]: [BetterBlocks] Registered block: blockeufonia:japanese_plant_2
[20:03:49] [Render thread/INFO]: [BetterBlocks] Registered block: blockeufonia:juaniquilalcon_light_1
[20:03:49] [Render thread/INFO]: [BetterBlocks] Registered block: blockeufonia:juaniquilalcon_light_2
[20:03:49] [Render thread/INFO]: [BetterBlocks] Registered block: blockeufonia:kitchen_glass_1
[20:03:49] [Render thread/INFO]: [BetterBlocks] Registered block: blockeufonia:kitchen_glass_1a
[20:03:49] [Render thread/INFO]: [BetterBlocks] Registered block: blockeufonia:lab_block_3
[20:03:49] [Render thread/INFO]: [BetterBlocks] Registered block: blockeufonia:lab_light_1
[20:03:49] [Render thread/INFO]: [BetterBlocks] Registered block: blockeufonia:lab_light_2
[20:03:49] [Render thread/INFO]: [BetterBlocks] Registered block: blockeufonia:lantern_orange_1
[20:03:49] [Render thread/INFO]: [BetterBlocks] Registered block: blockeufonia:lantern_orange_string
[20:03:49] [Render thread/INFO]: [BetterBlocks] Registered block: blockeufonia:lantern_red_1
[20:03:49] [Render thread/INFO]: [BetterBlocks] Registered block: blockeufonia:lantern_red_string
[20:03:49] [Render thread/INFO]: [BetterBlocks] Registered block: blockeufonia:laptop_1
[20:03:49] [Render thread/INFO]: [BetterBlocks] Registered block: blockeufonia:large_bush
[20:03:49] [Render thread/INFO]: [BetterBlocks] Registered block: blockeufonia:large_torch_1
[20:03:49] [Render thread/INFO]: [BetterBlocks] Registered block: blockeufonia:lf_table_happy_1
[20:03:49] [Render thread/INFO]: [BetterBlocks] Registered block: blockeufonia:lf_table_happy_2
[20:03:49] [Render thread/INFO]: [BetterBlocks] Registered block: blockeufonia:lf_table_happy_3
[20:03:49] [Render thread/INFO]: [BetterBlocks] Registered block: blockeufonia:lungs_1
[20:03:49] [Render thread/INFO]: [BetterBlocks] Registered block: blockeufonia:lungs_2
[20:03:49] [Render thread/INFO]: [BetterBlocks] Registered block: blockeufonia:lungs_3
[20:03:49] [Render thread/INFO]: [BetterBlocks] Registered block: blockeufonia:lungs_4
[20:03:49] [Render thread/INFO]: [BetterBlocks] Registered block: blockeufonia:mail
[20:03:49] [Render thread/INFO]: [BetterBlocks] Registered block: blockeufonia:main_light_left
[20:03:49] [Render thread/INFO]: [BetterBlocks] Registered block: blockeufonia:main_light_right
[20:03:49] [Render thread/INFO]: [BetterBlocks] Registered block: blockeufonia:maki_1
[20:03:49] [Render thread/INFO]: [BetterBlocks] Registered block: blockeufonia:maki_2
[20:03:49] [Render thread/INFO]: [BetterBlocks] Registered block: blockeufonia:maki_3
[20:03:49] [Render thread/INFO]: [BetterBlocks] Registered block: blockeufonia:maki_6
[20:03:49] [Render thread/INFO]: [BetterBlocks] Registered block: blockeufonia:maneki_neko
[20:03:49] [Render thread/INFO]: [BetterBlocks] Registered block: blockeufonia:metal_structure_1
[20:03:49] [Render thread/INFO]: [BetterBlocks] Registered block: blockeufonia:metal_structure_2
[20:03:49] [Render thread/INFO]: [BetterBlocks] Registered block: blockeufonia:microphone_4
[20:03:49] [Render thread/INFO]: [BetterBlocks] Registered block: blockeufonia:microphone_water_1
[20:03:49] [Render thread/INFO]: [BetterBlocks] Registered block: blockeufonia:microwave_3
[20:03:49] [Render thread/INFO]: [BetterBlocks] Registered block: blockeufonia:mushroom_shriveled
[20:03:49] [Render thread/INFO]: [BetterBlocks] Registered block: blockeufonia:nao_bathroom_2
[20:03:49] [Render thread/INFO]: [BetterBlocks] Registered block: blockeufonia:nao_bathroom_3
[20:03:49] [Render thread/INFO]: [BetterBlocks] Registered block: blockeufonia:nao_bottle_3a
[20:03:49] [Render thread/INFO]: [BetterBlocks] Registered block: blockeufonia:nao_diablito
[20:03:49] [Render thread/INFO]: [BetterBlocks] Registered block: blockeufonia:nao_dilitio_1
[20:03:49] [Render thread/INFO]: [BetterBlocks] Registered block: blockeufonia:nao_dilitio_barrel_1
[20:03:49] [Render thread/INFO]: [BetterBlocks] Registered block: blockeufonia:nao_dilitio_barrel_2
[20:03:49] [Render thread/INFO]: [BetterBlocks] Registered block: blockeufonia:nao_dilitio_barrel_4
[20:03:49] [Render thread/INFO]: [BetterBlocks] Registered block: blockeufonia:nao_dilitio_barrel_b_1
[20:03:49] [Render thread/INFO]: [BetterBlocks] Registered block: blockeufonia:nao_dilitio_barrel_s_2
[20:03:49] [Render thread/INFO]: [BetterBlocks] Registered block: blockeufonia:nao_dilitio_barrel_v_1
[20:03:49] [Render thread/INFO]: [BetterBlocks] Registered block: blockeufonia:nao_f_pots_1
[20:03:49] [Render thread/INFO]: [BetterBlocks] Registered block: blockeufonia:nao_f_tv
[20:03:49] [Render thread/INFO]: [BetterBlocks] Registered block: blockeufonia:nao_kitchen_1
[20:03:49] [Render thread/INFO]: [BetterBlocks] Registered block: blockeufonia:nao_ladder_bed_1
[20:03:49] [Render thread/INFO]: [BetterBlocks] Registered block: blockeufonia:nao_ladder_bed_2
[20:03:49] [Render thread/INFO]: [BetterBlocks] Registered block: blockeufonia:nao_monitor_f_1
[20:03:49] [Render thread/INFO]: [BetterBlocks] Registered block: blockeufonia:nao_monitor_f_2
[20:03:49] [Render thread/INFO]: [BetterBlocks] Registered block: blockeufonia:nao_reception_f_table_2
[20:03:49] [Render thread/INFO]: [BetterBlocks] Registered block: blockeufonia:nao_reception_f_table_3
[20:03:49] [Render thread/INFO]: [BetterBlocks] Registered block: blockeufonia:nao_scifi_f_lamp_1
[20:03:49] [Render thread/INFO]: [BetterBlocks] Registered block: blockeufonia:nao_scifi_f_lamp_2
[20:03:49] [Render thread/INFO]: [BetterBlocks] Registered block: blockeufonia:nao_stadium_1
[20:03:49] [Render thread/INFO]: [BetterBlocks] Registered block: blockeufonia:nao_stadium_screen
[20:03:49] [Render thread/INFO]: [BetterBlocks] Registered block: blockeufonia:nao_vending_machine_papucola
[20:03:49] [Render thread/INFO]: [BetterBlocks] Registered block: blockeufonia:nao_water_3
[20:03:49] [Render thread/INFO]: [BetterBlocks] Registered block: blockeufonia:nv_baked_turkey_2
[20:03:49] [Render thread/INFO]: [BetterBlocks] Registered block: blockeufonia:nv_ball_1
[20:03:49] [Render thread/INFO]: [BetterBlocks] Registered block: blockeufonia:nv_ball_1a
[20:03:49] [Render thread/INFO]: [BetterBlocks] Registered block: blockeufonia:nv_ball_2
[20:03:49] [Render thread/INFO]: [BetterBlocks] Registered block: blockeufonia:nv_ball_5
[20:03:49] [Render thread/INFO]: [BetterBlocks] Registered block: blockeufonia:nv_candle_1
[20:03:49] [Render thread/INFO]: [BetterBlocks] Registered block: blockeufonia:nv_candy_cane_1
[20:03:49] [Render thread/INFO]: [BetterBlocks] Registered block: blockeufonia:nv_candy_cane_big_1a
[20:03:49] [Render thread/INFO]: [BetterBlocks] Registered block: blockeufonia:nv_candy_cane_big_1b
[20:03:49] [Render thread/INFO]: [BetterBlocks] Registered block: blockeufonia:nv_candy_cane_big_1c
[20:03:49] [Render thread/INFO]: [BetterBlocks] Registered block: blockeufonia:nv_chair_1
[20:03:49] [Render thread/INFO]: [BetterBlocks] Registered block: blockeufonia:nv_dinner_1a
[20:03:49] [Render thread/INFO]: [BetterBlocks] Registered block: blockeufonia:nv_dinner_1b
[20:03:49] [Render thread/INFO]: [BetterBlocks] Registered block: blockeufonia:nv_dinner_1c
[20:03:49] [Render thread/INFO]: [BetterBlocks] Registered block: blockeufonia:nv_dinner_1d
[20:03:49] [Render thread/INFO]: [BetterBlocks] Registered block: blockeufonia:nv_dinner_1e
[20:03:49] [Render thread/INFO]: [BetterBlocks] Registered block: blockeufonia:nv_dinner_1f
[20:03:49] [Render thread/INFO]: [BetterBlocks] Registered block: blockeufonia:nv_dinner_1g
[20:03:49] [Render thread/INFO]: [BetterBlocks] Registered block: blockeufonia:nv_dish_1
[20:03:49] [Render thread/INFO]: [BetterBlocks] Registered block: blockeufonia:nv_fork_knife_1
[20:03:49] [Render thread/INFO]: [BetterBlocks] Registered block: blockeufonia:nv_gift_1a
[20:03:49] [Render thread/INFO]: [BetterBlocks] Registered block: blockeufonia:nv_gift_1b
[20:03:49] [Render thread/INFO]: [BetterBlocks] Registered block: blockeufonia:nv_gift_2
[20:03:49] [Render thread/INFO]: [BetterBlocks] Registered block: blockeufonia:nv_gift_2b
[20:03:49] [Render thread/INFO]: [BetterBlocks] Registered block: blockeufonia:nv_gift_3a
[20:03:49] [Render thread/INFO]: [BetterBlocks] Registered block: blockeufonia:nv_lights_1
[20:03:49] [Render thread/INFO]: [BetterBlocks] Registered block: blockeufonia:nv_snow_1
[20:03:49] [Render thread/INFO]: [BetterBlocks] Registered block: blockeufonia:nv_sock_2
[20:03:49] [Render thread/INFO]: [BetterBlocks] Registered block: blockeufonia:nv_sock_2a
[20:03:49] [Render thread/INFO]: [BetterBlocks] Registered block: blockeufonia:nv_star_2
[20:03:49] [Render thread/INFO]: [BetterBlocks] Registered block: blockeufonia:of_table_2
[20:03:49] [Render thread/INFO]: [BetterBlocks] Registered block: blockeufonia:os_chair_1
[20:03:49] [Render thread/INFO]: [BetterBlocks] Registered block: blockeufonia:os_locker_1
[20:03:49] [Render thread/INFO]: [BetterBlocks] Registered block: blockeufonia:os_table_m_1
[20:03:49] [Render thread/INFO]: [BetterBlocks] Registered block: blockeufonia:oven_3
[20:03:49] [Render thread/INFO]: [BetterBlocks] Registered block: blockeufonia:panel_dj
[20:03:49] [Render thread/INFO]: [BetterBlocks] Registered block: blockeufonia:papers_1
[20:03:49] [Render thread/INFO]: [BetterBlocks] Registered block: blockeufonia:papers_1a
[20:03:49] [Render thread/INFO]: [BetterBlocks] Registered block: blockeufonia:papers_1b
[20:03:49] [Render thread/INFO]: [BetterBlocks] Registered block: blockeufonia:papers_1c
[20:03:49] [Render thread/INFO]: [BetterBlocks] Registered block: blockeufonia:papers_1e
[20:03:49] [Render thread/INFO]: [BetterBlocks] Registered block: blockeufonia:petals_1
[20:03:49] [Render thread/INFO]: [BetterBlocks] Registered block: blockeufonia:petals_2
[20:03:49] [Render thread/INFO]: [BetterBlocks] Registered block: blockeufonia:petals_5
[20:03:49] [Render thread/INFO]: [BetterBlocks] Registered block: blockeufonia:petals_6
[20:03:49] [Render thread/INFO]: [BetterBlocks] Registered block: blockeufonia:petals_7
[20:03:49] [Render thread/INFO]: [BetterBlocks] Registered block: blockeufonia:ph_bar_1
[20:03:49] [Render thread/INFO]: [BetterBlocks] Registered block: blockeufonia:ph_bar_2
[20:03:49] [Render thread/INFO]: [BetterBlocks] Registered block: blockeufonia:ph_bar_3
[20:03:49] [Render thread/INFO]: [BetterBlocks] Registered block: blockeufonia:ph_bowls_1
[20:03:49] [Render thread/INFO]: [BetterBlocks] Registered block: blockeufonia:ph_campfire_1
[20:03:49] [Render thread/INFO]: [BetterBlocks] Registered block: blockeufonia:ph_campfire_2
[20:03:49] [Render thread/INFO]: [BetterBlocks] Registered block: blockeufonia:ph_excrement
[20:03:49] [Render thread/INFO]: [BetterBlocks] Registered block: blockeufonia:ph_fish
[20:03:49] [Render thread/INFO]: [BetterBlocks] Registered block: blockeufonia:ph_log_torch
[20:03:49] [Render thread/INFO]: [BetterBlocks] Registered block: blockeufonia:ph_meat
[20:03:49] [Render thread/INFO]: [BetterBlocks] Registered block: blockeufonia:ph_plant_1
[20:03:49] [Render thread/INFO]: [BetterBlocks] Registered block: blockeufonia:ph_plant_2
[20:03:49] [Render thread/INFO]: [BetterBlocks] Registered block: blockeufonia:ph_plant_3
[20:03:49] [Render thread/INFO]: [BetterBlocks] Registered block: blockeufonia:ph_plant_7
[20:03:49] [Render thread/INFO]: [BetterBlocks] Registered block: blockeufonia:ph_totem_1
[20:03:49] [Render thread/INFO]: [BetterBlocks] Registered block: blockeufonia:ph_totem_2
[20:03:49] [Render thread/INFO]: [BetterBlocks] Registered block: blockeufonia:ph_totem_3
[20:03:49] [Render thread/INFO]: [BetterBlocks] Registered block: blockeufonia:phone_red
[20:03:49] [Render thread/INFO]: [BetterBlocks] Registered block: blockeufonia:pillow_0
[20:03:49] [Render thread/INFO]: [BetterBlocks] Registered block: blockeufonia:pillow_1
[20:03:49] [Render thread/INFO]: [BetterBlocks] Registered block: blockeufonia:pillow_2
[20:03:49] [Render thread/INFO]: [BetterBlocks] Registered block: blockeufonia:pillow_3
[20:03:49] [Render thread/INFO]: [BetterBlocks] Registered block: blockeufonia:plant_0a
[20:03:49] [Render thread/INFO]: [BetterBlocks] Registered block: blockeufonia:plant_pot_1a
[20:03:49] [Render thread/INFO]: [BetterBlocks] Registered block: blockeufonia:plant_pot_2
[20:03:49] [Render thread/INFO]: [BetterBlocks] Registered block: blockeufonia:poop_1
[20:03:49] [Render thread/INFO]: [BetterBlocks] Registered block: blockeufonia:primal_flower_1
[20:03:49] [Render thread/INFO]: [BetterBlocks] Registered block: blockeufonia:primal_flower_2
[20:03:49] [Render thread/INFO]: [BetterBlocks] Registered block: blockeufonia:primal_flower_3
[20:03:49] [Render thread/INFO]: [BetterBlocks] Registered block: blockeufonia:primal_flower_4
[20:03:49] [Render thread/INFO]: [BetterBlocks] Registered block: blockeufonia:primal_fruit_1
[20:03:50] [Render thread/INFO]: [BetterBlocks] Registered block: blockeufonia:primal_fruit_1_crop
[20:03:50] [Render thread/INFO]: [BetterBlocks] Registered block: blockeufonia:primal_fruit_2
[20:03:50] [Render thread/INFO]: [BetterBlocks] Registered block: blockeufonia:primal_fruit_2_crop
[20:03:50] [Render thread/INFO]: [BetterBlocks] Registered block: blockeufonia:primal_fruit_3
[20:03:50] [Render thread/INFO]: [BetterBlocks] Registered block: blockeufonia:primal_fruit_3_crop
[20:03:50] [Render thread/INFO]: [BetterBlocks] Registered block: blockeufonia:primal_fruit_4
[20:03:50] [Render thread/INFO]: [BetterBlocks] Registered block: blockeufonia:primal_fruit_4_crop
[20:03:50] [Render thread/INFO]: [BetterBlocks] Registered block: blockeufonia:register_1
[20:03:50] [Render thread/INFO]: [BetterBlocks] Registered block: blockeufonia:remy
[20:03:50] [Render thread/INFO]: [BetterBlocks] Registered block: blockeufonia:seat_blue
[20:03:50] [Render thread/INFO]: [BetterBlocks] Registered block: blockeufonia:shrimp_box_0
[20:03:50] [Render thread/INFO]: [BetterBlocks] Registered block: blockeufonia:shrimp_box_1
[20:03:50] [Render thread/INFO]: [BetterBlocks] Registered block: blockeufonia:shrimp_box_5
[20:03:50] [Render thread/INFO]: [BetterBlocks] Registered block: blockeufonia:sign_exit
[20:03:50] [Render thread/INFO]: [BetterBlocks] Registered block: blockeufonia:skull
[20:03:50] [Render thread/INFO]: [BetterBlocks] Registered block: blockeufonia:soda_1
[20:03:50] [Render thread/INFO]: [BetterBlocks] Registered block: blockeufonia:sofa_wood_2a
[20:03:50] [Render thread/INFO]: [BetterBlocks] Registered block: blockeufonia:sofa_wood_2b
[20:03:50] [Render thread/INFO]: [BetterBlocks] Registered block: blockeufonia:sofa_wood_2c
[20:03:50] [Render thread/INFO]: [BetterBlocks] Registered block: blockeufonia:speaker
[20:03:50] [Render thread/INFO]: [BetterBlocks] Registered block: blockeufonia:speaker_1
[20:03:50] [Render thread/INFO]: [BetterBlocks] Registered block: blockeufonia:speaker_2
[20:03:50] [Render thread/INFO]: [BetterBlocks] Registered block: blockeufonia:stadium_screen
[20:03:50] [Render thread/INFO]: [BetterBlocks] Registered block: blockeufonia:stakes_1
[20:03:50] [Render thread/INFO]: [BetterBlocks] Registered block: blockeufonia:stakes_2
[20:03:50] [Render thread/INFO]: [BetterBlocks] Registered block: blockeufonia:stakes_3
[20:03:50] [Render thread/INFO]: [BetterBlocks] Registered block: blockeufonia:sticker_1
[20:03:50] [Render thread/INFO]: [BetterBlocks] Registered block: blockeufonia:sticker_3
[20:03:50] [Render thread/INFO]: [BetterBlocks] Registered block: blockeufonia:sticker_4
[20:03:50] [Render thread/INFO]: [BetterBlocks] Registered block: blockeufonia:sticker_5
[20:03:50] [Render thread/INFO]: [BetterBlocks] Registered block: blockeufonia:sticker_6
[20:03:50] [Render thread/INFO]: [BetterBlocks] Registered block: blockeufonia:sticker_7
[20:03:50] [Render thread/INFO]: [BetterBlocks] Registered block: blockeufonia:sticker_bar
[20:03:50] [Render thread/INFO]: [BetterBlocks] Registered block: blockeufonia:stone_player_eljuaniquilador
[20:03:50] [Render thread/INFO]: [BetterBlocks] Registered block: blockeufonia:street_bin_2
[20:03:50] [Render thread/INFO]: [BetterBlocks] Registered block: blockeufonia:street_stain_1
[20:03:50] [Render thread/INFO]: [BetterBlocks] Registered block: blockeufonia:table_wood_2
[20:03:50] [Render thread/INFO]: [BetterBlocks] Registered block: blockeufonia:table_wood_3a
[20:03:50] [Render thread/INFO]: [BetterBlocks] Registered block: blockeufonia:table_wood_3b
[20:03:50] [Render thread/INFO]: [BetterBlocks] Registered block: blockeufonia:table_wood_3c
[20:03:50] [Render thread/INFO]: [BetterBlocks] Registered block: blockeufonia:table_wood_3d
[20:03:50] [Render thread/INFO]: [BetterBlocks] Registered block: blockeufonia:table_wood_3e
[20:03:50] [Render thread/INFO]: [BetterBlocks] Registered block: blockeufonia:table_wood_4
[20:03:50] [Render thread/INFO]: [BetterBlocks] Registered block: blockeufonia:taco_0
[20:03:50] [Render thread/INFO]: [BetterBlocks] Registered block: blockeufonia:takeoff_platform
[20:03:50] [Render thread/INFO]: [BetterBlocks] Registered block: blockeufonia:toaster_2
[20:03:50] [Render thread/INFO]: [BetterBlocks] Registered block: blockeufonia:toaster_3
[20:03:50] [Render thread/INFO]: [BetterBlocks] Registered block: blockeufonia:traffic_light_3
[20:03:50] [Render thread/INFO]: [BetterBlocks] Registered block: blockeufonia:tribal_flag_1
[20:03:50] [Render thread/INFO]: [BetterBlocks] Registered block: blockeufonia:tribal_flag_2
[20:03:50] [Render thread/INFO]: [BetterBlocks] Registered block: blockeufonia:tribal_flag_3
[20:03:50] [Render thread/INFO]: [BetterBlocks] Registered block: blockeufonia:tribal_flag_4
[20:03:50] [Render thread/INFO]: [BetterBlocks] Registered block: blockeufonia:tribal_flag_5
[20:03:50] [Render thread/INFO]: [BetterBlocks] Registered block: blockeufonia:trophy_stand
[20:03:50] [Render thread/INFO]: [BetterBlocks] Registered block: blockeufonia:tv_big_1
[20:03:50] [Render thread/INFO]: [BetterBlocks] Registered block: blockeufonia:tv_camera
[20:03:50] [Render thread/INFO]: [BetterBlocks] Registered block: blockeufonia:tv_camera_1
[20:03:50] [Render thread/INFO]: [BetterBlocks] Registered block: blockeufonia:tv_light_2
[20:03:50] [Render thread/INFO]: [BetterBlocks] Registered block: blockeufonia:tv_light_4
[20:03:50] [Render thread/INFO]: [BetterBlocks] Registered block: blockeufonia:vault
[20:03:50] [Render thread/INFO]: [BetterBlocks] Registered block: blockeufonia:vip_curtain_1
[20:03:50] [Render thread/INFO]: [BetterBlocks] Registered block: blockeufonia:vip_curtain_1a
[20:03:50] [Render thread/INFO]: [BetterBlocks] Registered block: blockeufonia:vip_curtain_1b
[20:03:50] [Render thread/INFO]: [BetterBlocks] Registered block: blockeufonia:vip_wildpig_1
[20:03:50] [Render thread/INFO]: [BetterBlocks] Registered block: blockeufonia:water_bottle_2
[20:03:50] [Render thread/INFO]: [BetterBlocks] Registered block: blockeufonia:west_blinds_0
[20:03:50] [Render thread/INFO]: [BetterBlocks] Registered block: blockeufonia:wine_1
[20:03:50] [Render thread/INFO]: [BetterBlocks] Registered block: blockeufonia:wine_3
[20:03:50] [Render thread/INFO]: [BetterBlocks] Registered block: blockeufonia:wine_4
[20:03:50] [Render thread/INFO]: [BetterBlocks] Cloned block registered: blockeufonia:crafting_table
[20:03:50] [Render thread/INFO]: [BetterBlocks] Cloned block registered: blockeufonia:custom_fence
[20:03:50] [Render thread/INFO]: [BetterBlocks] Cloned block registered: blockeufonia:custom_fence_gate
[20:03:50] [Render thread/INFO]: [BetterBlocks] Cloned block registered: blockeufonia:custom_flowers
[20:03:50] [Render thread/INFO]: [BetterBlocks] Cloned block registered: blockeufonia:custom_hanging_sign
[20:03:50] [Render thread/INFO]: [BetterBlocks] Cloned block registered: blockeufonia:custom_sign
[20:03:50] [Render thread/INFO]: [BetterBlocks] Cloned block registered: blockeufonia:dirt
[20:03:50] [Render thread/INFO]: [BetterBlocks] Inyectado clon en BlockEntityType genérico: minecraft:dispenser
[20:03:50] [Render thread/INFO]: [BetterBlocks] Cloned block registered: blockeufonia:dispenser
[20:03:50] [Render thread/INFO]: [BetterBlocks] Inyectado clon en BlockEntityType genérico: minecraft:furnace
[20:03:50] [Render thread/INFO]: [BetterBlocks] Cloned block registered: blockeufonia:furnace
[20:03:50] [Render thread/INFO]: [BetterBlocks] Cloned block registered: blockeufonia:jurassic_dripstone
[20:03:50] [Render thread/INFO]: [BetterBlocks] Cloned block registered: blockeufonia:oak_glass_door
[20:03:50] [Render thread/INFO]: [BetterBlocks] Cloned block registered: blockeufonia:oak_glass_trapdoor
[20:03:50] [Render thread/INFO]: [BetterBlocks] Cloned block registered: blockeufonia:piggy_bed
[20:03:50] [Render thread/INFO]: [BetterBlocks] Cloned block registered: blockeufonia:primal_birch
[20:03:50] [Render thread/INFO]: [BetterBlocks] Cloned block registered: blockeufonia:primal_oak
[20:03:50] [Render thread/INFO]: [BetterBlocks] Cloned block registered: blockeufonia:stone_lectern
[20:03:50] [Render thread/INFO]: [BetterBlocks] BetterBlocks has been initialized!
[20:03:50] [Render thread/INFO]: Initializing EntityCreator API
[20:03:50] [Render thread/INFO]: Loaded new entity 'zombie_plant'
[20:03:50] [Render thread/INFO]: Loaded new entity 'zombie_mutant'
[20:03:50] [Render thread/INFO]: Loaded new entity 'zombie'
[20:03:50] [Render thread/INFO]: Loaded new entity 'worm'
[20:03:50] [Render thread/INFO]: Loaded new entity 'wheelchair'
[20:03:50] [Render thread/INFO]: Loaded new entity 'warrior_woman_egyptian_armor'
[20:03:50] [Render thread/INFO]: Loaded new entity 'warrior_woman_egyptian'
[20:03:50] [Render thread/INFO]: Loaded new entity 'warrior_man_egyptian_armor'
[20:03:50] [Render thread/INFO]: Loaded new entity 'warrior_man_egyptian'
[20:03:50] [Render thread/INFO]: Loaded new entity 'vehicle_bus'
[20:03:50] [Render thread/INFO]: Loaded new entity 'unicorn'
[20:03:50] [Render thread/INFO]: Loaded new entity 'turret_space'
[20:03:50] [Render thread/INFO]: Loaded new entity 'turret_plant'
[20:03:50] [Render thread/INFO]: Loaded new entity 'tornado'
[20:03:50] [Render thread/INFO]: Loaded new entity 'tick_controller'
[20:03:50] [Render thread/INFO]: Loaded new entity 'tick_brain_small'
[20:03:50] [Render thread/INFO]: Loaded new entity 'tick_brain_big'
[20:03:50] [Render thread/INFO]: Loaded new entity 'table_runes'
[20:03:50] [Render thread/INFO]: Loaded new entity 'sticker_pngs'
[20:03:50] [Render thread/INFO]: Loaded new entity 'sticker_big'
[20:03:50] [Render thread/INFO]: Loaded new entity 'statue'
[20:03:50] [Render thread/INFO]: Loaded new entity 'spiny_opossum'
[20:03:50] [Render thread/INFO]: Loaded new entity 'spawner2'
[20:03:50] [Render thread/INFO]: Loaded new entity 'spawner'
[20:03:50] [Render thread/INFO]: Loaded new entity 'spaceship_reviil'
[20:03:50] [Render thread/INFO]: Loaded new entity 'spaceship_players_2_vertical'
[20:03:50] [Render thread/INFO]: Loaded new entity 'spaceship_players_2'
[20:03:50] [Render thread/INFO]: Loaded new entity 'spaceship_players_1_vertical'
[20:03:50] [Render thread/INFO]: Loaded new entity 'spaceship_players_1'
[20:03:50] [Render thread/INFO]: Loaded new entity 'spaceship_guardianes'
[20:03:50] [Render thread/INFO]: Loaded new entity 'spaceship_evil_9'
[20:03:50] [Render thread/INFO]: Loaded new entity 'spaceship_evil_8'
[20:03:50] [Render thread/INFO]: Loaded new entity 'spaceship_evil_7'
[20:03:50] [Render thread/INFO]: Loaded new entity 'spaceship_evil_6'
[20:03:50] [Render thread/INFO]: Loaded new entity 'spaceship_evil_5'
[20:03:50] [Render thread/INFO]: Loaded new entity 'spaceship_evil_4'
[20:03:50] [Render thread/INFO]: Loaded new entity 'spaceship_evil_3'
[20:03:50] [Render thread/INFO]: Loaded new entity 'spaceship_evil_2'
[20:03:50] [Render thread/INFO]: Loaded new entity 'spaceship_evil_10'
[20:03:50] [Render thread/INFO]: Loaded new entity 'spaceship_evil_1'
[20:03:50] [Render thread/INFO]: Loaded new entity 'spaceship_evil_0'
[20:03:50] [Render thread/INFO]: Loaded new entity 'slots_spin'
[20:03:50] [Render thread/INFO]: Loaded new entity 'slots_machine'
[20:03:50] [Render thread/INFO]: Loaded new entity 'shadow'
[20:03:50] [Render thread/INFO]: Loaded new entity 'sea_mine'
[20:03:50] [Render thread/INFO]: Loaded new entity 'roulette'
[20:03:50] [Render thread/INFO]: Loaded new entity 'roof_eye'
[20:03:50] [Render thread/INFO]: Loaded new entity 'rocky_mollusks'
[20:03:50] [Render thread/INFO]: Loaded new entity 'robot_small'
[20:03:50] [Render thread/INFO]: Loaded new entity 'robot_1'
[20:03:50] [Render thread/INFO]: Loaded new entity 'reviil_golem'
[20:03:50] [Render thread/INFO]: Loaded new entity 'reviil_1'
[20:03:50] [Render thread/INFO]: Loaded new entity 'reptilian_warrior'
[20:03:50] [Render thread/INFO]: Loaded new entity 'reptilian_spear'
[20:03:50] [Render thread/INFO]: Loaded new entity 'reptilian_archer'
[20:03:50] [Render thread/INFO]: Loaded new entity 'reptilian_1'
[20:03:50] [Render thread/INFO]: Loaded new entity 'plant3'
[20:03:50] [Render thread/INFO]: Loaded new entity 'piano'
[20:03:50] [Render thread/INFO]: Loaded new entity 'parasite'
[20:03:50] [Render thread/INFO]: Loaded new entity 'otter_suit_hat'
[20:03:50] [Render thread/INFO]: Loaded new entity 'otter_papu'
[20:03:50] [Render thread/INFO]: Loaded new entity 'otter_juan'
[20:03:50] [Render thread/INFO]: Loaded new entity 'otter_cyn'
[20:03:50] [Render thread/INFO]: Loaded new entity 'organic_nautilus_2'
[20:03:50] [Render thread/INFO]: Loaded new entity 'organic_nautilus_1'
[20:03:50] [Render thread/INFO]: Loaded new entity 'organic_creeper'
[20:03:50] [Render thread/INFO]: Loaded new entity 'organic_cannon'
[20:03:50] [Render thread/INFO]: Loaded new entity 'organic_alarm_projectile'
[20:03:50] [Render thread/INFO]: Loaded new entity 'organic_alarm2'
[20:03:50] [Render thread/INFO]: Loaded new entity 'organic_alarm'
[20:03:50] [Render thread/INFO]: Loaded new entity 'npc_player'
[20:03:50] [Render thread/INFO]: Loaded new entity 'mutant_plant'
[20:03:50] [Render thread/INFO]: Loaded new entity 'market'
[20:03:50] [Render thread/INFO]: Loaded new entity 'mapache'
[20:03:50] [Render thread/INFO]: Loaded new entity 'little_mucus_angry'
[20:03:50] [Render thread/INFO]: Loaded new entity 'little_mucus'
[20:03:50] [Render thread/INFO]: Loaded new entity 'item_holder'
[20:03:50] [Render thread/INFO]: Loaded new entity 'item_amulet'
[20:03:50] [Render thread/INFO]: Loaded new entity 'humanoid_shark2'
[20:03:50] [Render thread/INFO]: Loaded new entity 'humanoid_shark'
[20:03:50] [Render thread/INFO]: Loaded new entity 'humanoid_brain'
[20:03:50] [Render thread/INFO]: Loaded new entity 'hot_air_balloon_empty'
[20:03:50] [Render thread/INFO]: Loaded new entity 'hot_air_balloon'
[20:03:50] [Render thread/INFO]: Loaded new entity 'grim_reaper_small'
[20:03:50] [Render thread/INFO]: Loaded new entity 'grim_reaper'
[20:03:50] [Render thread/INFO]: Loaded new entity 'golem_cedar_old'
[20:03:50] [Render thread/INFO]: Loaded new entity 'golem_cedar'
[20:03:50] [Render thread/INFO]: Loaded new entity 'giant_fruit'
[20:03:50] [Render thread/INFO]: Loaded new entity 'giant_eye'
[20:03:50] [Render thread/INFO]: Loaded new entity 'ghost_yellow'
[20:03:50] [Render thread/INFO]: Loaded new entity 'ghost_white'
[20:03:50] [Render thread/INFO]: Loaded new entity 'ghost_tank_red'
[20:03:50] [Render thread/INFO]: Loaded new entity 'ghost_tank_magenta'
[20:03:50] [Render thread/INFO]: Loaded new entity 'ghost_tank_lilac'
[20:03:50] [Render thread/INFO]: Loaded new entity 'ghost_prisoner_red'
[20:03:50] [Render thread/INFO]: Loaded new entity 'ghost_prisoner_magenta'
[20:03:50] [Render thread/INFO]: Loaded new entity 'ghost_prisoner_lilac'
[20:03:50] [Render thread/INFO]: Loaded new entity 'ghost_mini_green'
[20:03:50] [Render thread/INFO]: Loaded new entity 'ghost_mini_gold'
[20:03:50] [Render thread/INFO]: Loaded new entity 'ghost_mini_blue'
[20:03:50] [Render thread/INFO]: Loaded new entity 'ghost_lamppost'
[20:03:50] [Render thread/INFO]: Loaded new entity 'ghost_black'
[20:03:50] [Render thread/INFO]: Loaded new entity 'ghost'
[20:03:50] [Render thread/INFO]: Loaded new entity 'fruit_orange'
[20:03:50] [Render thread/INFO]: Loaded new entity 'flying_eye'
[20:03:50] [Render thread/INFO]: Loaded new entity 'flower_bud_projectile'
[20:03:50] [Render thread/INFO]: Loaded new entity 'flower_bud'
[20:03:50] [Render thread/INFO]: Loaded new entity 'flash'
[20:03:50] [Render thread/INFO]: Loaded new entity 'eye_1'
[20:03:50] [Render thread/INFO]: Loaded new entity 'eon'
[20:03:50] [Render thread/INFO]: Loaded new entity 'egg_worm'
[20:03:50] [Render thread/INFO]: Loaded new entity 'dino_trex_saddle'
[20:03:50] [Render thread/INFO]: Loaded new entity 'dino_trex3'
[20:03:50] [Render thread/INFO]: Loaded new entity 'dino_trex2'
[20:03:50] [Render thread/INFO]: Loaded new entity 'dino_trex'
[20:03:50] [Render thread/INFO]: Loaded new entity 'dino_tortoise'
[20:03:50] [Render thread/INFO]: Loaded new entity 'dino_spinosaurus'
[20:03:50] [Render thread/INFO]: Loaded new entity 'dino_raptor_3'
[20:03:50] [Render thread/INFO]: Loaded new entity 'dino_raptor_2'
[20:03:50] [Render thread/INFO]: Loaded new entity 'dino_raptor'
[20:03:50] [Render thread/INFO]: Loaded new entity 'dino_pterosaur'
[20:03:50] [Render thread/INFO]: Loaded new entity 'dino_narwhal_saddle'
[20:03:50] [Render thread/INFO]: Loaded new entity 'dino_narwhal'
[20:03:50] [Render thread/INFO]: Loaded new entity 'dino_destroyer'
[20:03:50] [Render thread/INFO]: Loaded new entity 'dino_brontosaurio'
[20:03:50] [Render thread/INFO]: Loaded new entity 'dino_aquatic_lizard'
[20:03:50] [Render thread/INFO]: Loaded new entity 'diabli'
[20:03:50] [Render thread/INFO]: Loaded new entity 'crystal'
[20:03:50] [Render thread/INFO]: Loaded new entity 'creeper_wildflowers'
[20:03:50] [Render thread/INFO]: Loaded new entity 'creeper_whiter_rose'
[20:03:50] [Render thread/INFO]: Loaded new entity 'creeper_white_tulip'
[20:03:50] [Render thread/INFO]: Loaded new entity 'creeper_sunflower'
[20:03:50] [Render thread/INFO]: Loaded new entity 'creeper_spore_blossom'
[20:03:50] [Render thread/INFO]: Loaded new entity 'creeper_rose_bush'
[20:03:50] [Render thread/INFO]: Loaded new entity 'creeper_red_tulip'
[20:03:50] [Render thread/INFO]: Loaded new entity 'creeper_red_bush'
[20:03:50] [Render thread/INFO]: Loaded new entity 'creeper_poppy'
[20:03:50] [Render thread/INFO]: Loaded new entity 'creeper_pink_tulip'
[20:03:50] [Render thread/INFO]: Loaded new entity 'creeper_pink_petals'
[20:03:50] [Render thread/INFO]: Loaded new entity 'creeper_peony'
[20:03:50] [Render thread/INFO]: Loaded new entity 'creeper_oxeye_daisy'
[20:03:50] [Render thread/INFO]: Loaded new entity 'creeper_orange_tulip'
[20:03:50] [Render thread/INFO]: Loaded new entity 'creeper_lily_of_the_valley'
[20:03:50] [Render thread/INFO]: Loaded new entity 'creeper_lilac'
[20:03:50] [Render thread/INFO]: Loaded new entity 'creeper_eyeblossom'
[20:03:50] [Render thread/INFO]: Loaded new entity 'creeper_dandelion'
[20:03:50] [Render thread/INFO]: Loaded new entity 'creeper_cornflower'
[20:03:50] [Render thread/INFO]: Loaded new entity 'creeper_cactus_flower'
[20:03:50] [Render thread/INFO]: Loaded new entity 'creeper_blue_orchid'
[20:03:50] [Render thread/INFO]: Loaded new entity 'creeper_azure_bluet'
[20:03:50] [Render thread/INFO]: Loaded new entity 'creeper_allium'
[20:03:50] [Render thread/INFO]: Loaded new entity 'creeper'
[20:03:50] [Render thread/INFO]: Loaded new entity 'churro'
[20:03:50] [Render thread/INFO]: Loaded new entity 'chupiloco'
[20:03:50] [Render thread/INFO]: Loaded new entity 'carnivorous_plant'
[20:03:50] [Render thread/INFO]: Loaded new entity 'bomb_yellow_warden'
[20:03:50] [Render thread/INFO]: Loaded new entity 'bomb_yellow'
[20:03:50] [Render thread/INFO]: Loaded new entity 'bomb_red_warden'
[20:03:50] [Render thread/INFO]: Loaded new entity 'bomb_red'
[20:03:50] [Render thread/INFO]: Loaded new entity 'bomb_black_warden'
[20:03:50] [Render thread/INFO]: Loaded new entity 'bomb_black'
[20:03:50] [Render thread/INFO]: Loaded new entity 'boat_limbo'
[20:03:50] [Render thread/INFO]: Loaded new entity 'big_campfire'
[20:03:50] [Render thread/INFO]: Loaded new entity 'beerenice'
[20:03:50] [Render thread/INFO]: Loaded new entity 'bankito'
[20:03:50] [Render thread/INFO]: Loaded new entity 'amuna_y_reviil'
[20:03:50] [Render thread/INFO]: Loaded new entity 'amuna_vorg'
[20:03:50] [Render thread/INFO]: Loaded new entity 'amuna_1'
[20:03:50] [Render thread/INFO]: Loaded new entity 'alien_jellyfish'
[20:03:50] [Render thread/INFO]: Loaded new entity 'abbysal_keeper'
[20:03:50] [Render thread/INFO]: Loading ItemCreator Items...
[20:03:50] [Render thread/ERROR]: Error occurred while loading resource json
java.lang.NullPointerException: null
	at com.google.common.base.Preconditions.checkNotNull(Preconditions.java:903) ~[guava-32.1.2-jre.jar:?]
	at studio.eufonia.itemcreator.loader.Loader.loadItem(Loader.java:55) ~[019e41a87aff75739a7caf6a42276222.jar:?]
	at studio.eufonia.itemcreator.loader.Loader.loadItems(Loader.java:44) ~[019e41a87aff75739a7caf6a42276222.jar:?]
	at studio.eufonia.itemcreator.ItemCreator.onInitialize(ItemCreator.java:49) ~[019e41a87aff75739a7caf6a42276222.jar:?]
	at net.fabricmc.loader.impl.FabricLoaderImpl.invokeEntrypoints(FabricLoaderImpl.java:409) [01a0a78df1bf7963bdd2af80b67dd61f.jar:?]
	at net.fabricmc.loader.impl.game.minecraft.Hooks.startClient(Hooks.java:52) [01a0a78df1bf7963bdd2af80b67dd61f.jar:?]
	at net.minecraft.class_310.<init>(class_310.java:477) [client-intermediary.jar:?]
	at net.minecraft.client.main.Main.main(Main.java:239) [client-intermediary.jar:?]
	at net.fabricmc.loader.impl.game.minecraft.MinecraftGameProvider.launch(MinecraftGameProvider.java:517) [01a0a78df1bf7963bdd2af80b67dd61f.jar:?]
	at net.fabricmc.loader.impl.launch.knot.Knot.launch(Knot.java:72) [01a0a78df1bf7963bdd2af80b67dd61f.jar:?]
	at net.fabricmc.loader.impl.launch.knot.KnotClient.main(KnotClient.java:23) [01a0a78df1bf7963bdd2af80b67dd61f.jar:?]
[20:03:50] [Render thread/INFO]: [FANCYMENU] Loading v3.5.0 in client-side mode on FABRIC!
[20:03:50] [Render thread/INFO]: Immersive Hotbar Loaded
[20:03:50] [Render thread/INFO]: [KONKRETE] Loading v1.9.9 in client-side mode on FABRIC!
[20:03:50] [Render thread/INFO]: ---------------------------
[20:03:50] [Render thread/INFO]: KONKRETE SHIPS AND USES THE FOLLOWING LIBRARIES:
[20:03:50] [Render thread/INFO]:  
[20:03:50] [Render thread/INFO]: Open Imaging Copyright © 2014 Dhyan Blum.
[20:03:50] [Render thread/INFO]: Open Imaging is licensed under Apache-2.0.
[20:03:50] [Render thread/INFO]:  
[20:03:50] [Render thread/INFO]: JsonPath Copyright © 2017 Jayway.
[20:03:50] [Render thread/INFO]: JsonPath is licensed under Apache-2.0.
[20:03:50] [Render thread/INFO]:  
[20:03:50] [Render thread/INFO]: Json-smart Copyright © netplex.
[20:03:50] [Render thread/INFO]: Json-smart is licensed under Apache-2.0.
[20:03:50] [Render thread/INFO]:  
[20:03:50] [Render thread/INFO]: Exp4j Copyright © Frank Asseg.
[20:03:50] [Render thread/INFO]: Exp4j is licensed under Apache-2.0. https://github.com/fasseg/exp4j
[20:03:50] [Render thread/INFO]: ---------------------------
[20:03:50] [Render thread/INFO]: [KONKRETE] Server-side modules initialized and ready to use!
[20:03:50] [Render thread/INFO]: [MELODY] Loading v1.0.10 on FABRIC...
[20:03:50] [Render thread/INFO]: Initializing Merchantry
[20:03:50] [Render thread/INFO]: Registering S2C receiver with id octolib:config_sync
[20:03:50] [Render thread/INFO]: Registering S2C receiver with id octolib:test_screen
[20:03:50] [Render thread/INFO]: Registering S2C receiver with id octolib:no_just_no
[20:03:50] [Render thread/INFO]: Registering S2C receiver with id octolib:chromatic_aberration
[20:03:50] [Render thread/INFO]: [ShaderBlock] Inicializando ShaderBlock con soporte de Veil...
[20:03:50] [Render thread/INFO]: [ShaderBlock] Configuración y gestor de shaders inicializados correctamente.
[20:03:50] [Render thread/INFO]: [ShulkerBoxTooltip] Could not find configuration file, creating default file
[20:03:50] [Render thread/INFO]: Initializing StatusAPI...
[20:03:50] [Render thread/INFO]: Registering default status providers
[20:03:51] [Render thread/INFO]: SuitUtils loaded.
[20:03:51] [Render thread/INFO]: Loaded 2 post predicate rule(s) from post_predicates.json
[20:03:51] [Render thread/INFO]: Loaded shader ShaderOptions(id=abbys, effectColor=16777215, category=NEUTRAL, type=VANILLA_POST, layers={}, priority=1000, translucent=false, renderBlock=true, uniforms={})
[20:03:51] [Render thread/INFO]: Registered shader effect abbys with id supersecretshaders:abbys
[20:03:51] [Render thread/INFO]: Loaded shader ShaderOptions(id=anaglyph, effectColor=16777215, category=NEUTRAL, type=VANILLA_POST, layers={}, priority=1000, translucent=false, renderBlock=true, uniforms={})
[20:03:51] [Render thread/INFO]: Registered shader effect anaglyph with id supersecretshaders:anaglyph
[20:03:51] [Render thread/INFO]: Loaded shader ShaderOptions(id=antialias, effectColor=16777215, category=NEUTRAL, type=VANILLA_POST, layers={}, priority=1000, translucent=false, renderBlock=true, uniforms={})
[20:03:51] [Render thread/INFO]: Registered shader effect antialias with id supersecretshaders:antialias
[20:03:51] [Render thread/INFO]: Loaded shader ShaderOptions(id=art, effectColor=16777215, category=NEUTRAL, type=VANILLA_POST, layers={}, priority=1000, translucent=false, renderBlock=true, uniforms={})
[20:03:51] [Render thread/INFO]: Registered shader effect art with id supersecretshaders:art
[20:03:51] [Render thread/INFO]: Loaded shader ShaderOptions(id=bevel, effectColor=16777215, category=NEUTRAL, type=VANILLA_POST, layers={}, priority=1000, translucent=false, renderBlock=true, uniforms={})
[20:03:51] [Render thread/INFO]: Registered shader effect bevel with id supersecretshaders:bevel
[20:03:51] [Render thread/INFO]: Loaded shader ShaderOptions(id=bevel_fx, effectColor=16777215, category=NEUTRAL, type=VANILLA_POST, layers={}, priority=1000, translucent=false, renderBlock=true, uniforms={})
[20:03:51] [Render thread/INFO]: Registered shader effect bevel_fx with id supersecretshaders:bevel_fx
[20:03:51] [Render thread/INFO]: Loaded shader ShaderOptions(id=bevel_intruder, effectColor=16777215, category=NEUTRAL, type=VANILLA_POST, layers={}, priority=1000, translucent=false, renderBlock=true, uniforms={})
[20:03:51] [Render thread/INFO]: Registered shader effect bevel_intruder with id supersecretshaders:bevel_intruder
[20:03:51] [Render thread/INFO]: Loaded shader ShaderOptions(id=bevel_larvae, effectColor=16777215, category=NEUTRAL, type=VANILLA_POST, layers={}, priority=1000, translucent=false, renderBlock=true, uniforms={})
[20:03:51] [Render thread/INFO]: Registered shader effect bevel_larvae with id supersecretshaders:bevel_larvae
[20:03:51] [Render thread/INFO]: Loaded shader ShaderOptions(id=bevel_vampire, effectColor=16777215, category=NEUTRAL, type=VANILLA_POST, layers={}, priority=1000, translucent=false, renderBlock=true, uniforms={})
[20:03:51] [Render thread/INFO]: Registered shader effect bevel_vampire with id supersecretshaders:bevel_vampire
[20:03:51] [Render thread/INFO]: Loaded shader ShaderOptions(id=bits, effectColor=16777215, category=NEUTRAL, type=VANILLA_POST, layers={}, priority=1000, translucent=false, renderBlock=true, uniforms={})
[20:03:51] [Render thread/INFO]: Registered shader effect bits with id supersecretshaders:bits
[20:03:51] [Render thread/INFO]: Loaded shader ShaderOptions(id=blobs, effectColor=16777215, category=NEUTRAL, type=VANILLA_POST, layers={}, priority=1000, translucent=false, renderBlock=true, uniforms={})
[20:03:51] [Render thread/INFO]: Registered shader effect blobs with id supersecretshaders:blobs
[20:03:51] [Render thread/INFO]: Loaded shader ShaderOptions(id=blobs2, effectColor=16777215, category=NEUTRAL, type=VANILLA_POST, layers={}, priority=1000, translucent=false, renderBlock=true, uniforms={})
[20:03:51] [Render thread/INFO]: Registered shader effect blobs2 with id supersecretshaders:blobs2
[20:03:51] [Render thread/INFO]: Loaded shader ShaderOptions(id=blobs_outline, effectColor=16777215, category=NEUTRAL, type=VANILLA_POST, layers={}, priority=1000, translucent=false, renderBlock=true, uniforms={})
[20:03:51] [Render thread/INFO]: Registered shader effect blobs_outline with id supersecretshaders:blobs_outline
[20:03:51] [Render thread/INFO]: Loaded shader ShaderOptions(id=bloom, effectColor=16777215, category=NEUTRAL, type=VANILLA_POST, layers={}, priority=1000, translucent=false, renderBlock=true, uniforms={})
[20:03:51] [Render thread/INFO]: Registered shader effect bloom with id supersecretshaders:bloom
[20:03:51] [Render thread/INFO]: Loaded shader ShaderOptions(id=bloom_color, effectColor=16777215, category=NEUTRAL, type=VANILLA_POST, layers={}, priority=1000, translucent=false, renderBlock=true, uniforms={})
[20:03:51] [Render thread/INFO]: Registered shader effect bloom_color with id supersecretshaders:bloom_color
[20:03:51] [Render thread/INFO]: Loaded shader ShaderOptions(id=bloom_spike, effectColor=16777215, category=NEUTRAL, type=VANILLA_POST, layers={}, priority=1000, translucent=false, renderBlock=true, uniforms={})
[20:03:51] [Render thread/INFO]: Registered shader effect bloom_spike with id supersecretshaders:bloom_spike
[20:03:51] [Render thread/INFO]: Loaded shader ShaderOptions(id=blur, effectColor=16777215, category=NEUTRAL, type=VANILLA_POST, layers={}, priority=1000, translucent=false, renderBlock=true, uniforms={})
[20:03:51] [Render thread/INFO]: Registered shader effect blur with id supersecretshaders:blur
[20:03:51] [Render thread/INFO]: Loaded shader ShaderOptions(id=bomb_false, effectColor=16777215, category=NEUTRAL, type=VANILLA_POST, layers={}, priority=1000, translucent=false, renderBlock=true, uniforms={})
[20:03:51] [Render thread/INFO]: Registered shader effect bomb_false with id supersecretshaders:bomb_false
[20:03:51] [Render thread/INFO]: Loaded shader ShaderOptions(id=bomb_true, effectColor=16777215, category=NEUTRAL, type=VANILLA_POST, layers={}, priority=1000, translucent=false, renderBlock=true, uniforms={})
[20:03:51] [Render thread/INFO]: Registered shader effect bomb_true with id supersecretshaders:bomb_true
[20:03:51] [Render thread/INFO]: Loaded shader ShaderOptions(id=brightness, effectColor=16777215, category=NEUTRAL, type=VANILLA_POST, layers={}, priority=1000, translucent=false, renderBlock=true, uniforms={})
[20:03:51] [Render thread/INFO]: Registered shader effect brightness with id supersecretshaders:brightness
[20:03:51] [Render thread/INFO]: Loaded shader ShaderOptions(id=bumpy, effectColor=16777215, category=NEUTRAL, type=VANILLA_POST, layers={}, priority=1000, translucent=false, renderBlock=true, uniforms={})
[20:03:51] [Render thread/INFO]: Registered shader effect bumpy with id supersecretshaders:bumpy
[20:03:51] [Render thread/INFO]: Loaded shader ShaderOptions(id=checkerboard, effectColor=16777215, category=NEUTRAL, type=VANILLA_POST, layers={}, priority=1000, translucent=false, renderBlock=true, uniforms={})
[20:03:51] [Render thread/INFO]: Registered shader effect checkerboard with id supersecretshaders:checkerboard
[20:03:51] [Render thread/INFO]: Loaded shader ShaderOptions(id=cinematic, effectColor=16777215, category=NEUTRAL, type=VANILLA_POST, layers={}, priority=1000, translucent=false, renderBlock=true, uniforms={})
[20:03:51] [Render thread/INFO]: Registered shader effect cinematic with id supersecretshaders:cinematic
[20:03:51] [Render thread/INFO]: Loaded shader ShaderOptions(id=collapse, effectColor=16777215, category=NEUTRAL, type=VANILLA_POST, layers={}, priority=1000, translucent=false, renderBlock=true, uniforms={})
[20:03:51] [Render thread/INFO]: Registered shader effect collapse with id supersecretshaders:collapse
[20:03:51] [Render thread/INFO]: Loaded shader ShaderOptions(id=color_bleed, effectColor=16777215, category=NEUTRAL, type=VANILLA_POST, layers={}, priority=1000, translucent=false, renderBlock=true, uniforms={})
[20:03:51] [Render thread/INFO]: Registered shader effect color_bleed with id supersecretshaders:color_bleed
[20:03:51] [Render thread/INFO]: Loaded shader ShaderOptions(id=color_blind, effectColor=16777215, category=NEUTRAL, type=VANILLA_POST, layers={}, priority=1000, translucent=false, renderBlock=true, uniforms={})
[20:03:51] [Render thread/INFO]: Registered shader effect color_blind with id supersecretshaders:color_blind
[20:03:51] [Render thread/INFO]: Loaded shader ShaderOptions(id=color_convolve, effectColor=16777215, category=NEUTRAL, type=VANILLA_POST, layers={}, priority=1000, translucent=false, renderBlock=true, uniforms={})
[20:03:51] [Render thread/INFO]: Registered shader effect color_convolve with id supersecretshaders:color_convolve
[20:03:51] [Render thread/INFO]: Loaded shader ShaderOptions(id=contrast, effectColor=16777215, category=NEUTRAL, type=VANILLA_POST, layers={}, priority=1000, translucent=false, renderBlock=true, uniforms={})
[20:03:51] [Render thread/INFO]: Registered shader effect contrast with id supersecretshaders:contrast
[20:03:51] [Render thread/INFO]: Loaded shader ShaderOptions(id=creeper, effectColor=16777215, category=NEUTRAL, type=VANILLA_POST, layers={}, priority=1000, translucent=false, renderBlock=true, uniforms={})
[20:03:51] [Render thread/INFO]: Registered shader effect creeper with id supersecretshaders:creeper
[20:03:51] [Render thread/INFO]: Loaded shader ShaderOptions(id=danger, effectColor=16777215, category=NEUTRAL, type=VANILLA_POST, layers={}, priority=1000, translucent=false, renderBlock=true, uniforms={})
[20:03:51] [Render thread/INFO]: Registered shader effect danger with id supersecretshaders:danger
[20:03:51] [Render thread/INFO]: Loaded shader ShaderOptions(id=dark_blur, effectColor=16777215, category=NEUTRAL, type=VANILLA_POST, layers={VEIL_POST=dark_blur, RENDER_LAYER_EFFECT=dark_blur}, priority=1000, translucent=false, renderBlock=true, uniforms={})
[20:03:51] [Render thread/INFO]: Registered shader effect dark_blur with id supersecretshaders:dark_blur
[20:03:51] [Render thread/INFO]: Loaded shader ShaderOptions(id=deconverge, effectColor=16777215, category=NEUTRAL, type=VANILLA_POST, layers={}, priority=1000, translucent=false, renderBlock=true, uniforms={})
[20:03:51] [Render thread/INFO]: Registered shader effect deconverge with id supersecretshaders:deconverge
[20:03:51] [Render thread/INFO]: Loaded shader ShaderOptions(id=deconverge_fx, effectColor=16777215, category=NEUTRAL, type=VANILLA_POST, layers={}, priority=1000, translucent=false, renderBlock=true, uniforms={})
[20:03:51] [Render thread/INFO]: Registered shader effect deconverge_fx with id supersecretshaders:deconverge_fx
[20:03:51] [Render thread/INFO]: Loaded shader ShaderOptions(id=depth_outline, effectColor=16777215, category=NEUTRAL, type=VANILLA_POST, layers={}, priority=1000, translucent=false, renderBlock=true, uniforms={})
[20:03:51] [Render thread/INFO]: Registered shader effect depth_outline with id supersecretshaders:depth_outline
[20:03:51] [Render thread/INFO]: Loaded shader ShaderOptions(id=desaturate, effectColor=16777215, category=NEUTRAL, type=VANILLA_POST, layers={}, priority=1000, translucent=false, renderBlock=true, uniforms={})
[20:03:51] [Render thread/INFO]: Registered shader effect desaturate with id supersecretshaders:desaturate
[20:03:51] [Render thread/INFO]: Loaded shader ShaderOptions(id=desert, effectColor=16777215, category=NEUTRAL, type=VANILLA_POST, layers={}, priority=1000, translucent=false, renderBlock=true, uniforms={})
[20:03:51] [Render thread/INFO]: Registered shader effect desert with id supersecretshaders:desert
[20:03:51] [Render thread/INFO]: Loaded shader ShaderOptions(id=dramatic, effectColor=16777215, category=NEUTRAL, type=VANILLA_POST, layers={}, priority=1000, translucent=false, renderBlock=true, uniforms={})
[20:03:51] [Render thread/INFO]: Registered shader effect dramatic with id supersecretshaders:dramatic
[20:03:51] [Render thread/INFO]: Loaded shader ShaderOptions(id=film_grain, effectColor=16777215, category=NEUTRAL, type=VANILLA_POST, layers={}, priority=1000, translucent=false, renderBlock=true, uniforms={})
[20:03:51] [Render thread/INFO]: Registered shader effect film_grain with id supersecretshaders:film_grain
[20:03:51] [Render thread/INFO]: Loaded shader ShaderOptions(id=fisheye, effectColor=16777215, category=NEUTRAL, type=VANILLA_POST, layers={}, priority=1000, translucent=false, renderBlock=true, uniforms={})
[20:03:51] [Render thread/INFO]: Registered shader effect fisheye with id supersecretshaders:fisheye
[20:03:51] [Render thread/INFO]: Loaded shader ShaderOptions(id=flip, effectColor=16777215, category=NEUTRAL, type=VANILLA_POST, layers={}, priority=1000, translucent=false, renderBlock=true, uniforms={})
[20:03:51] [Render thread/INFO]: Registered shader effect flip with id supersecretshaders:flip
[20:03:51] [Render thread/INFO]: Loaded shader ShaderOptions(id=focus_near, effectColor=16777215, category=NEUTRAL, type=VANILLA_POST, layers={}, priority=1000, translucent=false, renderBlock=true, uniforms={})
[20:03:51] [Render thread/INFO]: Registered shader effect focus_near with id supersecretshaders:focus_near
[20:03:51] [Render thread/INFO]: Loaded shader ShaderOptions(id=fractal, effectColor=16777215, category=NEUTRAL, type=VANILLA_POST, layers={}, priority=1000, translucent=false, renderBlock=true, uniforms={})
[20:03:51] [Render thread/INFO]: Registered shader effect fractal with id supersecretshaders:fractal
[20:03:51] [Render thread/INFO]: Loaded shader ShaderOptions(id=frigid, effectColor=16777215, category=NEUTRAL, type=VANILLA_POST, layers={}, priority=1000, translucent=false, renderBlock=true, uniforms={})
[20:03:51] [Render thread/INFO]: Registered shader effect frigid with id supersecretshaders:frigid
[20:03:51] [Render thread/INFO]: Loaded shader ShaderOptions(id=gaussian, effectColor=16777215, category=NEUTRAL, type=VANILLA_POST, layers={}, priority=1000, translucent=false, renderBlock=true, uniforms={})
[20:03:51] [Render thread/INFO]: Registered shader effect gaussian with id supersecretshaders:gaussian
[20:03:51] [Render thread/INFO]: Loaded shader ShaderOptions(id=ghost, effectColor=16777215, category=NEUTRAL, type=VANILLA_POST, layers={}, priority=1000, translucent=false, renderBlock=true, uniforms={})
[20:03:51] [Render thread/INFO]: Registered shader effect ghost with id supersecretshaders:ghost
[20:03:51] [Render thread/INFO]: Loaded shader ShaderOptions(id=glass, effectColor=16777215, category=NEUTRAL, type=VANILLA_POST, layers={}, priority=1000, translucent=false, renderBlock=true, uniforms={})
[20:03:51] [Render thread/INFO]: Registered shader effect glass with id supersecretshaders:glass
[20:03:51] [Render thread/INFO]: Loaded shader ShaderOptions(id=glitchy, effectColor=16777215, category=NEUTRAL, type=VANILLA_POST, layers={}, priority=1000, translucent=false, renderBlock=true, uniforms={})
[20:03:51] [Render thread/INFO]: Registered shader effect glitchy with id supersecretshaders:glitchy
[20:03:51] [Render thread/INFO]: Loaded shader ShaderOptions(id=green, effectColor=16777215, category=NEUTRAL, type=VANILLA_POST, layers={VEIL_POST=green}, priority=1000, translucent=false, renderBlock=true, uniforms={})
[20:03:51] [Render thread/INFO]: Registered shader effect green with id supersecretshaders:green
[20:03:51] [Render thread/INFO]: Loaded shader ShaderOptions(id=half_invert, effectColor=16777215, category=NEUTRAL, type=VANILLA_POST, layers={}, priority=1000, translucent=false, renderBlock=true, uniforms={})
[20:03:51] [Render thread/INFO]: Registered shader effect half_invert with id supersecretshaders:half_invert
[20:03:51] [Render thread/INFO]: Loaded shader ShaderOptions(id=halftone, effectColor=16777215, category=NEUTRAL, type=VANILLA_POST, layers={}, priority=1000, translucent=false, renderBlock=true, uniforms={})
[20:03:51] [Render thread/INFO]: Registered shader effect halftone with id supersecretshaders:halftone
[20:03:51] [Render thread/INFO]: Loaded shader ShaderOptions(id=harsh_dither, effectColor=16777215, category=NEUTRAL, type=VANILLA_POST, layers={}, priority=1000, translucent=false, renderBlock=true, uniforms={})
[20:03:51] [Render thread/INFO]: Registered shader effect harsh_dither with id supersecretshaders:harsh_dither
[20:03:51] [Render thread/INFO]: Loaded shader ShaderOptions(id=headache, effectColor=16777215, category=NEUTRAL, type=VANILLA_POST, layers={}, priority=1000, translucent=false, renderBlock=true, uniforms={})
[20:03:51] [Render thread/INFO]: Registered shader effect headache with id supersecretshaders:headache
[20:03:51] [Render thread/INFO]: Loaded shader ShaderOptions(id=highpass, effectColor=16777215, category=NEUTRAL, type=VANILLA_POST, layers={}, priority=1000, translucent=false, renderBlock=true, uniforms={})
[20:03:51] [Render thread/INFO]: Registered shader effect highpass with id supersecretshaders:highpass
[20:03:51] [Render thread/INFO]: Loaded shader ShaderOptions(id=horror, effectColor=16777215, category=NEUTRAL, type=VANILLA_POST, layers={}, priority=1000, translucent=false, renderBlock=true, uniforms={})
[20:03:51] [Render thread/INFO]: Registered shader effect horror with id supersecretshaders:horror
[20:03:51] [Render thread/INFO]: Loaded shader ShaderOptions(id=hue_rotate, effectColor=16777215, category=NEUTRAL, type=VANILLA_POST, layers={}, priority=1000, translucent=false, renderBlock=true, uniforms={})
[20:03:51] [Render thread/INFO]: Registered shader effect hue_rotate with id supersecretshaders:hue_rotate
[20:03:51] [Render thread/INFO]: Loaded shader ShaderOptions(id=hyperspace, effectColor=16777215, category=NEUTRAL, type=VANILLA_POST, layers={}, priority=1000, translucent=false, renderBlock=true, uniforms={})
[20:03:51] [Render thread/INFO]: Registered shader effect hyperspace with id supersecretshaders:hyperspace
[20:03:51] [Render thread/INFO]: Loaded shader ShaderOptions(id=interference, effectColor=16777215, category=NEUTRAL, type=VANILLA_POST, layers={}, priority=1000, translucent=false, renderBlock=true, uniforms={})
[20:03:51] [Render thread/INFO]: Registered shader effect interference with id supersecretshaders:interference
[20:03:51] [Render thread/INFO]: Loaded shader ShaderOptions(id=invert, effectColor=16777215, category=NEUTRAL, type=VANILLA_POST, layers={}, priority=1000, translucent=false, renderBlock=true, uniforms={})
[20:03:51] [Render thread/INFO]: Registered shader effect invert with id supersecretshaders:invert
[20:03:51] [Render thread/INFO]: Loaded shader ShaderOptions(id=kaleidoscope, effectColor=16777215, category=NEUTRAL, type=VANILLA_POST, layers={}, priority=1000, translucent=false, renderBlock=true, uniforms={})
[20:03:51] [Render thread/INFO]: Registered shader effect kaleidoscope with id supersecretshaders:kaleidoscope
[20:03:51] [Render thread/INFO]: Loaded shader ShaderOptions(id=life, effectColor=16777215, category=NEUTRAL, type=VANILLA_POST, layers={}, priority=1000, translucent=false, renderBlock=true, uniforms={})
[20:03:51] [Render thread/INFO]: Registered shader effect life with id supersecretshaders:life
[20:03:51] [Render thread/INFO]: Loaded shader ShaderOptions(id=love, effectColor=16777215, category=NEUTRAL, type=VANILLA_POST, layers={}, priority=1000, translucent=false, renderBlock=true, uniforms={})
[20:03:51] [Render thread/INFO]: Registered shader effect love with id supersecretshaders:love
[20:03:51] [Render thread/INFO]: Loaded shader ShaderOptions(id=mandelbrot, effectColor=16777215, category=NEUTRAL, type=VANILLA_POST, layers={}, priority=1000, translucent=false, renderBlock=true, uniforms={})
[20:03:51] [Render thread/INFO]: Registered shader effect mandelbrot with id supersecretshaders:mandelbrot
[20:03:51] [Render thread/INFO]: Loaded shader ShaderOptions(id=mouse, effectColor=16777215, category=NEUTRAL, type=VANILLA_POST, layers={}, priority=1000, translucent=false, renderBlock=true, uniforms={})
[20:03:51] [Render thread/INFO]: Registered shader effect mouse with id supersecretshaders:mouse
[20:03:51] [Render thread/INFO]: Loaded shader ShaderOptions(id=normalise, effectColor=16777215, category=NEUTRAL, type=VANILLA_POST, layers={}, priority=1000, translucent=false, renderBlock=true, uniforms={})
[20:03:51] [Render thread/INFO]: Registered shader effect normalise with id supersecretshaders:normalise
[20:03:51] [Render thread/INFO]: Loaded shader ShaderOptions(id=notch, effectColor=16777215, category=NEUTRAL, type=VANILLA_POST, layers={}, priority=1000, translucent=false, renderBlock=true, uniforms={})
[20:03:51] [Render thread/INFO]: Registered shader effect notch with id supersecretshaders:notch
[20:03:51] [Render thread/INFO]: Loaded shader ShaderOptions(id=ntsc, effectColor=16777215, category=NEUTRAL, type=VANILLA_POST, layers={}, priority=1000, translucent=false, renderBlock=true, uniforms={})
[20:03:51] [Render thread/INFO]: Registered shader effect ntsc with id supersecretshaders:ntsc
[20:03:51] [Render thread/INFO]: Loaded shader ShaderOptions(id=out_of_bounds, effectColor=16777215, category=NEUTRAL, type=VANILLA_POST, layers={}, priority=1000, translucent=false, renderBlock=true, uniforms={})
[20:03:51] [Render thread/INFO]: Registered shader effect out_of_bounds with id supersecretshaders:out_of_bounds
[20:03:51] [Render thread/INFO]: Loaded shader ShaderOptions(id=outline, effectColor=16777215, category=NEUTRAL, type=VANILLA_POST, layers={}, priority=1000, translucent=false, renderBlock=true, uniforms={})
[20:03:51] [Render thread/INFO]: Registered shader effect outline with id supersecretshaders:outline
[20:03:51] [Render thread/INFO]: Loaded shader ShaderOptions(id=pencil, effectColor=16777215, category=NEUTRAL, type=VANILLA_POST, layers={}, priority=1000, translucent=false, renderBlock=true, uniforms={})
[20:03:51] [Render thread/INFO]: Registered shader effect pencil with id supersecretshaders:pencil
[20:03:51] [Render thread/INFO]: Loaded shader ShaderOptions(id=phosphor, effectColor=16777215, category=NEUTRAL, type=VANILLA_POST, layers={}, priority=1000, translucent=false, renderBlock=true, uniforms={})
[20:03:51] [Render thread/INFO]: Registered shader effect phosphor with id supersecretshaders:phosphor
[20:03:51] [Render thread/INFO]: Loaded shader ShaderOptions(id=pixels, effectColor=16777215, category=NEUTRAL, type=VANILLA_POST, layers={}, priority=1000, translucent=false, renderBlock=true, uniforms={})
[20:03:51] [Render thread/INFO]: Registered shader effect pixels with id supersecretshaders:pixels
[20:03:51] [Render thread/INFO]: Loaded shader ShaderOptions(id=plants, effectColor=16777215, category=NEUTRAL, type=VANILLA_POST, layers={}, priority=1000, translucent=false, renderBlock=true, uniforms={})
[20:03:51] [Render thread/INFO]: Registered shader effect plants with id supersecretshaders:plants
[20:03:51] [Render thread/INFO]: Loaded shader ShaderOptions(id=protanopia, effectColor=16777215, category=NEUTRAL, type=VANILLA_POST, layers={}, priority=1000, translucent=false, renderBlock=true, uniforms={})
[20:03:51] [Render thread/INFO]: Registered shader effect protanopia with id supersecretshaders:protanopia
[20:03:51] [Render thread/INFO]: Loaded shader ShaderOptions(id=radiation, effectColor=16777215, category=NEUTRAL, type=VANILLA_POST, layers={}, priority=1000, translucent=false, renderBlock=true, uniforms={})
[20:03:51] [Render thread/INFO]: Registered shader effect radiation with id supersecretshaders:radiation
[20:03:51] [Render thread/INFO]: Loaded shader ShaderOptions(id=retro, effectColor=16777215, category=NEUTRAL, type=VANILLA_POST, layers={}, priority=1000, translucent=false, renderBlock=true, uniforms={})
[20:03:51] [Render thread/INFO]: Registered shader effect retro with id supersecretshaders:retro
[20:03:51] [Render thread/INFO]: Loaded shader ShaderOptions(id=rings, effectColor=16777215, category=NEUTRAL, type=VANILLA_POST, layers={}, priority=1000, translucent=false, renderBlock=true, uniforms={})
[20:03:51] [Render thread/INFO]: Registered shader effect rings with id supersecretshaders:rings
[20:03:51] [Render thread/INFO]: Loaded shader ShaderOptions(id=rolling_shutter, effectColor=16777215, category=NEUTRAL, type=VANILLA_POST, layers={}, priority=1000, translucent=false, renderBlock=true, uniforms={})
[20:03:51] [Render thread/INFO]: Registered shader effect rolling_shutter with id supersecretshaders:rolling_shutter
[20:03:51] [Render thread/INFO]: Loaded shader ShaderOptions(id=rotate, effectColor=16777215, category=NEUTRAL, type=VANILLA_POST, layers={}, priority=1000, translucent=false, renderBlock=true, uniforms={})
[20:03:51] [Render thread/INFO]: Registered shader effect rotate with id supersecretshaders:rotate
[20:03:51] [Render thread/INFO]: Loaded shader ShaderOptions(id=ruleta_blue, effectColor=16777215, category=NEUTRAL, type=VANILLA_POST, layers={}, priority=1000, translucent=false, renderBlock=true, uniforms={})
[20:03:51] [Render thread/INFO]: Registered shader effect ruleta_blue with id supersecretshaders:ruleta_blue
[20:03:51] [Render thread/INFO]: Loaded shader ShaderOptions(id=ruleta_cyan, effectColor=16777215, category=NEUTRAL, type=VANILLA_POST, layers={}, priority=1000, translucent=false, renderBlock=true, uniforms={})
[20:03:51] [Render thread/INFO]: Registered shader effect ruleta_cyan with id supersecretshaders:ruleta_cyan
[20:03:51] [Render thread/INFO]: Loaded shader ShaderOptions(id=ruleta_green, effectColor=16777215, category=NEUTRAL, type=VANILLA_POST, layers={}, priority=1000, translucent=false, renderBlock=true, uniforms={})
[20:03:51] [Render thread/INFO]: Registered shader effect ruleta_green with id supersecretshaders:ruleta_green
[20:03:51] [Render thread/INFO]: Loaded shader ShaderOptions(id=ruleta_orange, effectColor=16777215, category=NEUTRAL, type=VANILLA_POST, layers={}, priority=1000, translucent=false, renderBlock=true, uniforms={})
[20:03:51] [Render thread/INFO]: Registered shader effect ruleta_orange with id supersecretshaders:ruleta_orange
[20:03:51] [Render thread/INFO]: Loaded shader ShaderOptions(id=ruleta_pink, effectColor=16777215, category=NEUTRAL, type=VANILLA_POST, layers={}, priority=1000, translucent=false, renderBlock=true, uniforms={})
[20:03:51] [Render thread/INFO]: Registered shader effect ruleta_pink with id supersecretshaders:ruleta_pink
[20:03:51] [Render thread/INFO]: Loaded shader ShaderOptions(id=ruleta_purple, effectColor=16777215, category=NEUTRAL, type=VANILLA_POST, layers={}, priority=1000, translucent=false, renderBlock=true, uniforms={})
[20:03:51] [Render thread/INFO]: Registered shader effect ruleta_purple with id supersecretshaders:ruleta_purple
[20:03:51] [Render thread/INFO]: Loaded shader ShaderOptions(id=ruleta_red, effectColor=16777215, category=NEUTRAL, type=VANILLA_POST, layers={}, priority=1000, translucent=false, renderBlock=true, uniforms={})
[20:03:51] [Render thread/INFO]: Registered shader effect ruleta_red with id supersecretshaders:ruleta_red
[20:03:51] [Render thread/INFO]: Loaded shader ShaderOptions(id=ruleta_yellow, effectColor=16777215, category=NEUTRAL, type=VANILLA_POST, layers={}, priority=1000, translucent=false, renderBlock=true, uniforms={})
[20:03:51] [Render thread/INFO]: Registered shader effect ruleta_yellow with id supersecretshaders:ruleta_yellow
[20:03:51] [Render thread/INFO]: Loaded shader ShaderOptions(id=scan_pincushion, effectColor=16777215, category=NEUTRAL, type=VANILLA_POST, layers={}, priority=1000, translucent=false, renderBlock=true, uniforms={})
[20:03:51] [Render thread/INFO]: Registered shader effect scan_pincushion with id supersecretshaders:scan_pincushion
[20:03:51] [Render thread/INFO]: Loaded shader ShaderOptions(id=sepia, effectColor=16777215, category=NEUTRAL, type=VANILLA_POST, layers={VEIL_POST=sepia}, priority=1000, translucent=false, renderBlock=true, uniforms={})
[20:03:51] [Render thread/INFO]: Registered shader effect sepia with id supersecretshaders:sepia
[20:03:51] [Render thread/INFO]: Loaded shader ShaderOptions(id=sequins, effectColor=16777215, category=NEUTRAL, type=VANILLA_POST, layers={}, priority=1000, translucent=false, renderBlock=true, uniforms={})
[20:03:51] [Render thread/INFO]: Registered shader effect sequins with id supersecretshaders:sequins
[20:03:51] [Render thread/INFO]: Loaded shader ShaderOptions(id=shadows, effectColor=16777215, category=NEUTRAL, type=VANILLA_POST, layers={}, priority=1000, translucent=false, renderBlock=true, uniforms={})
[20:03:51] [Render thread/INFO]: Registered shader effect shadows with id supersecretshaders:shadows
[20:03:51] [Render thread/INFO]: Loaded shader ShaderOptions(id=shake, effectColor=16777215, category=NEUTRAL, type=VANILLA_POST, layers={}, priority=1000, translucent=false, renderBlock=true, uniforms={})
[20:03:51] [Render thread/INFO]: Registered shader effect shake with id supersecretshaders:shake
[20:03:51] [Render thread/INFO]: Loaded shader ShaderOptions(id=shareware, effectColor=16777215, category=NEUTRAL, type=VANILLA_POST, layers={}, priority=1000, translucent=false, renderBlock=true, uniforms={})
[20:03:51] [Render thread/INFO]: Registered shader effect shareware with id supersecretshaders:shareware
[20:03:51] [Render thread/INFO]: Loaded shader ShaderOptions(id=sobel, effectColor=16777215, category=NEUTRAL, type=VANILLA_POST, layers={}, priority=1000, translucent=false, renderBlock=true, uniforms={})
[20:03:51] [Render thread/INFO]: Registered shader effect sobel with id supersecretshaders:sobel
[20:03:51] [Render thread/INFO]: Loaded shader ShaderOptions(id=spider, effectColor=16777215, category=NEUTRAL, type=VANILLA_POST, layers={}, priority=1000, translucent=false, renderBlock=true, uniforms={})
[20:03:51] [Render thread/INFO]: Registered shader effect spider with id supersecretshaders:spider
[20:03:51] [Render thread/INFO]: Loaded shader ShaderOptions(id=stereogram, effectColor=16777215, category=NEUTRAL, type=VANILLA_POST, layers={}, priority=1000, translucent=false, renderBlock=true, uniforms={})
[20:03:51] [Render thread/INFO]: Registered shader effect stereogram with id supersecretshaders:stereogram
[20:03:51] [Render thread/INFO]: Loaded shader ShaderOptions(id=suspicious, effectColor=16777215, category=NEUTRAL, type=VANILLA_POST, layers={}, priority=1000, translucent=false, renderBlock=true, uniforms={})
[20:03:51] [Render thread/INFO]: Registered shader effect suspicious with id supersecretshaders:suspicious
[20:03:51] [Render thread/INFO]: Loaded shader ShaderOptions(id=thermal, effectColor=16777215, category=NEUTRAL, type=VANILLA_POST, layers={}, priority=1000, translucent=false, renderBlock=true, uniforms={})
[20:03:51] [Render thread/INFO]: Registered shader effect thermal with id supersecretshaders:thermal
[20:03:51] [Render thread/INFO]: Loaded shader ShaderOptions(id=thermal_fx, effectColor=16777215, category=NEUTRAL, type=VANILLA_POST, layers={}, priority=1000, translucent=false, renderBlock=true, uniforms={})
[20:03:51] [Render thread/INFO]: Registered shader effect thermal_fx with id supersecretshaders:thermal_fx
[20:03:51] [Render thread/INFO]: Loaded shader ShaderOptions(id=toon, effectColor=16777215, category=NEUTRAL, type=VANILLA_POST, layers={}, priority=1000, translucent=false, renderBlock=true, uniforms={})
[20:03:51] [Render thread/INFO]: Registered shader effect toon with id supersecretshaders:toon
[20:03:51] [Render thread/INFO]: Loaded shader ShaderOptions(id=toxic_waste, effectColor=16777215, category=NEUTRAL, type=VANILLA_POST, layers={}, priority=1000, translucent=false, renderBlock=true, uniforms={})
[20:03:51] [Render thread/INFO]: Registered shader effect toxic_waste with id supersecretshaders:toxic_waste
[20:03:51] [Render thread/INFO]: Loaded shader ShaderOptions(id=transparency, effectColor=16777215, category=NEUTRAL, type=VANILLA_POST, layers={}, priority=1000, translucent=false, renderBlock=true, uniforms={})
[20:03:51] [Render thread/INFO]: Registered shader effect transparency with id supersecretshaders:transparency
[20:03:51] [Render thread/INFO]: Loaded shader ShaderOptions(id=vignette, effectColor=16777215, category=NEUTRAL, type=VANILLA_POST, layers={}, priority=1000, translucent=false, renderBlock=true, uniforms={})
[20:03:51] [Render thread/INFO]: Registered shader effect vignette with id supersecretshaders:vignette
[20:03:51] [Render thread/INFO]: Loaded shader ShaderOptions(id=vignette_inverted, effectColor=16777215, category=NEUTRAL, type=VANILLA_POST, layers={}, priority=1000, translucent=false, renderBlock=true, uniforms={})
[20:03:51] [Render thread/INFO]: Registered shader effect vignette_inverted with id supersecretshaders:vignette_inverted
[20:03:51] [Render thread/INFO]: Loaded shader ShaderOptions(id=vomit, effectColor=16777215, category=NEUTRAL, type=VANILLA_POST, layers={}, priority=1000, translucent=false, renderBlock=true, uniforms={})
[20:03:51] [Render thread/INFO]: Registered shader effect vomit with id supersecretshaders:vomit
[20:03:51] [Render thread/INFO]: Loaded shader ShaderOptions(id=voronoi, effectColor=16777215, category=NEUTRAL, type=VANILLA_POST, layers={}, priority=1000, translucent=false, renderBlock=true, uniforms={})
[20:03:51] [Render thread/INFO]: Registered shader effect voronoi with id supersecretshaders:voronoi
[20:03:51] [Render thread/INFO]: Loaded shader ShaderOptions(id=window, effectColor=16777215, category=NEUTRAL, type=VANILLA_POST, layers={}, priority=1000, translucent=false, renderBlock=true, uniforms={})
[20:03:51] [Render thread/INFO]: Registered shader effect window with id supersecretshaders:window
[20:03:51] [Render thread/INFO]: Loaded shader ShaderOptions(id=wobble, effectColor=16777215, category=NEUTRAL, type=VANILLA_POST, layers={}, priority=1000, translucent=false, renderBlock=true, uniforms={})
[20:03:51] [Render thread/INFO]: Registered shader effect wobble with id supersecretshaders:wobble
[20:03:51] [Render thread/INFO]: Loaded shader ShaderOptions(id=air_slash, effectColor=16777215, category=NEUTRAL, type=VANILLA_POST, layers={VEIL_POST=air_slash}, priority=1000, translucent=false, renderBlock=true, uniforms={})
[20:03:51] [Render thread/INFO]: Registered shader effect air_slash with id supersecretshaders:air_slash
[20:03:51] [Render thread/INFO]: Loaded shader ShaderOptions(id=archer_focus, effectColor=16777215, category=NEUTRAL, type=VANILLA_POST, layers={VEIL_POST=archer_focus, RENDER_LAYER_EFFECT=archer_focus}, priority=1000, translucent=false, renderBlock=true, uniforms={})
[20:03:51] [Render thread/INFO]: Registered shader effect archer_focus with id supersecretshaders:archer_focus
[20:03:51] [Render thread/INFO]: Loaded shader ShaderOptions(id=archer_power, effectColor=16777215, category=NEUTRAL, type=VANILLA_POST, layers={VEIL_POST=archer_power, RENDER_LAYER_EFFECT=archer_power}, priority=1000, translucent=false, renderBlock=true, uniforms={})
[20:03:51] [Render thread/INFO]: Registered shader effect archer_power with id supersecretshaders:archer_power
[20:03:51] [Render thread/INFO]: Loaded shader ShaderOptions(id=balatro, effectColor=16777215, category=NEUTRAL, type=VANILLA_POST, layers={VEIL_POST=balatro, RENDER_LAYER_EFFECT=balatro}, priority=1000, translucent=false, renderBlock=true, uniforms={})
[20:03:51] [Render thread/INFO]: Registered shader effect balatro with id supersecretshaders:balatro
[20:03:51] [Render thread/INFO]: Loaded shader ShaderOptions(id=black_screen, effectColor=16777215, category=NEUTRAL, type=VANILLA_POST, layers={VEIL_POST=black_screen}, priority=1000, translucent=false, renderBlock=true, uniforms={})
[20:03:51] [Render thread/INFO]: Registered shader effect black_screen with id supersecretshaders:black_screen
[20:03:51] [Render thread/INFO]: Loaded shader ShaderOptions(id=black_screen_fade, effectColor=16777215, category=NEUTRAL, type=VANILLA_POST, layers={VEIL_POST=black_screen_fade}, priority=1000, translucent=false, renderBlock=true, uniforms={})
[20:03:51] [Render thread/INFO]: Registered shader effect black_screen_fade with id supersecretshaders:black_screen_fade
[20:03:51] [Render thread/INFO]: Loaded shader ShaderOptions(id=ctr, effectColor=16777215, category=NEUTRAL, type=VANILLA_POST, layers={VEIL_POST=ctr}, priority=1000, translucent=false, renderBlock=true, uniforms={})
[20:03:51] [Render thread/INFO]: Registered shader effect ctr with id supersecretshaders:ctr
[20:03:51] [Render thread/INFO]: Loaded shader ShaderOptions(id=dark_blue_teleport_post, effectColor=16777215, category=NEUTRAL, type=VANILLA_POST, layers={VEIL_POST=dark_blue_teleport_post}, priority=1000, translucent=false, renderBlock=true, uniforms={})
[20:03:51] [Render thread/INFO]: Registered shader effect dark_blue_teleport_post with id supersecretshaders:dark_blue_teleport_post
[20:03:51] [Render thread/INFO]: Loaded shader ShaderOptions(id=dark_gold_teleport_post, effectColor=16777215, category=NEUTRAL, type=VANILLA_POST, layers={VEIL_POST=dark_gold_teleport_post}, priority=1000, translucent=false, renderBlock=true, uniforms={})
[20:03:51] [Render thread/INFO]: Registered shader effect dark_gold_teleport_post with id supersecretshaders:dark_gold_teleport_post
[20:03:51] [Render thread/INFO]: Loaded shader ShaderOptions(id=dark_gray_teleport_post, effectColor=16777215, category=NEUTRAL, type=VANILLA_POST, layers={VEIL_POST=dark_gray_teleport_post}, priority=1000, translucent=false, renderBlock=true, uniforms={})
[20:03:51] [Render thread/INFO]: Registered shader effect dark_gray_teleport_post with id supersecretshaders:dark_gray_teleport_post
[20:03:51] [Render thread/INFO]: Loaded shader ShaderOptions(id=dark_green_teleport_post, effectColor=16777215, category=NEUTRAL, type=VANILLA_POST, layers={VEIL_POST=dark_green_teleport_post}, priority=1000, translucent=false, renderBlock=true, uniforms={})
[20:03:51] [Render thread/INFO]: Registered shader effect dark_green_teleport_post with id supersecretshaders:dark_green_teleport_post
[20:03:51] [Render thread/INFO]: Loaded shader ShaderOptions(id=dark_red_teleport_post, effectColor=16777215, category=NEUTRAL, type=VANILLA_POST, layers={VEIL_POST=dark_red_teleport_post}, priority=1000, translucent=false, renderBlock=true, uniforms={})
[20:03:51] [Render thread/INFO]: Registered shader effect dark_red_teleport_post with id supersecretshaders:dark_red_teleport_post
[20:03:51] [Render thread/INFO]: Loaded shader ShaderOptions(id=dark_transition, effectColor=16777215, category=NEUTRAL, type=VANILLA_POST, layers={VEIL_POST=dark_transition}, priority=1000, translucent=false, renderBlock=true, uniforms={})
[20:03:51] [Render thread/INFO]: Registered shader effect dark_transition with id supersecretshaders:dark_transition
[20:03:51] [Render thread/INFO]: Loaded shader ShaderOptions(id=dark_yellow_teleport_post, effectColor=16777215, category=NEUTRAL, type=VANILLA_POST, layers={VEIL_POST=dark_yellow_teleport_post}, priority=1000, translucent=false, renderBlock=true, uniforms={})
[20:03:51] [Render thread/INFO]: Registered shader effect dark_yellow_teleport_post with id supersecretshaders:dark_yellow_teleport_post
[20:03:51] [Render thread/INFO]: Loaded shader ShaderOptions(id=dark_zol, effectColor=16777215, category=NEUTRAL, type=VANILLA_POST, layers={VEIL_POST=dark_zol}, priority=1000, translucent=false, renderBlock=true, uniforms={})
[20:03:51] [Render thread/INFO]: Registered shader effect dark_zol with id supersecretshaders:dark_zol
[20:03:51] [Render thread/INFO]: Loaded shader ShaderOptions(id=dirt, effectColor=16777215, category=NEUTRAL, type=VANILLA_POST, layers={VEIL_POST=dirt, RENDER_LAYER_EFFECT=dirt}, priority=1000, translucent=false, renderBlock=true, uniforms={})
[20:03:51] [Render thread/INFO]: Registered shader effect dirt with id supersecretshaders:dirt
[20:03:51] [Render thread/INFO]: Loaded shader ShaderOptions(id=electricity, effectColor=16777215, category=NEUTRAL, type=VANILLA_POST, layers={VEIL_POST=electricity}, priority=1000, translucent=false, renderBlock=true, uniforms={})
[20:03:51] [Render thread/INFO]: Registered shader effect electricity with id supersecretshaders:electricity
[20:03:51] [Render thread/INFO]: Loaded shader ShaderOptions(id=fade_ctr_in, effectColor=16777215, category=NEUTRAL, type=VANILLA_POST, layers={VEIL_POST=fade_ctr_in}, priority=1000, translucent=false, renderBlock=true, uniforms={})
[20:03:51] [Render thread/INFO]: Registered shader effect fade_ctr_in with id supersecretshaders:fade_ctr_in
[20:03:51] [Render thread/INFO]: Loaded shader ShaderOptions(id=fade_ctr_out, effectColor=16777215, category=NEUTRAL, type=VANILLA_POST, layers={VEIL_POST=fade_ctr_out}, priority=1000, translucent=false, renderBlock=true, uniforms={})
[20:03:51] [Render thread/INFO]: Registered shader effect fade_ctr_out with id supersecretshaders:fade_ctr_out
[20:03:51] [Render thread/INFO]: Loaded shader ShaderOptions(id=fail_1, effectColor=16777215, category=NEUTRAL, type=VANILLA_POST, layers={VEIL_POST=fail_1}, priority=1000, translucent=false, renderBlock=true, uniforms={})
[20:03:51] [Render thread/INFO]: Registered shader effect fail_1 with id supersecretshaders:fail_1
[20:03:51] [Render thread/INFO]: Loaded shader ShaderOptions(id=fail_2, effectColor=16777215, category=NEUTRAL, type=VANILLA_POST, layers={VEIL_POST=fail_2}, priority=1000, translucent=false, renderBlock=true, uniforms={})
[20:03:51] [Render thread/INFO]: Registered shader effect fail_2 with id supersecretshaders:fail_2
[20:03:51] [Render thread/INFO]: Loaded shader ShaderOptions(id=flash, effectColor=16777215, category=NEUTRAL, type=VANILLA_POST, layers={VEIL_POST=flash, RENDER_LAYER_EFFECT=flash}, priority=1000, translucent=false, renderBlock=true, uniforms={})
[20:03:51] [Render thread/INFO]: Registered shader effect flash with id supersecretshaders:flash
[20:03:51] [Render thread/INFO]: Loaded shader ShaderOptions(id=fog_dark, effectColor=16777215, category=NEUTRAL, type=VANILLA_POST, layers={VEIL_POST=fog_dark}, priority=1000, translucent=false, renderBlock=true, uniforms={})
[20:03:51] [Render thread/INFO]: Registered shader effect fog_dark with id supersecretshaders:fog_dark
[20:03:51] [Render thread/INFO]: Loaded shader ShaderOptions(id=fog_dense_tartarus, effectColor=16777215, category=NEUTRAL, type=VANILLA_POST, layers={VEIL_POST=fog_dense_tartarus}, priority=1000, translucent=false, renderBlock=true, uniforms={})
[20:03:51] [Render thread/INFO]: Registered shader effect fog_dense_tartarus with id supersecretshaders:fog_dense_tartarus
[20:03:51] [Render thread/INFO]: Loaded shader ShaderOptions(id=fog_desert, effectColor=16777215, category=NEUTRAL, type=VANILLA_POST, layers={VEIL_POST=fog_desert}, priority=1000, translucent=false, renderBlock=true, uniforms={})
[20:03:51] [Render thread/INFO]: Registered shader effect fog_desert with id supersecretshaders:fog_desert
[20:03:51] [Render thread/INFO]: Loaded shader ShaderOptions(id=fog_dirt, effectColor=16777215, category=NEUTRAL, type=VANILLA_POST, layers={VEIL_POST=fog_dirt}, priority=1000, translucent=false, renderBlock=true, uniforms={})
[20:03:51] [Render thread/INFO]: Registered shader effect fog_dirt with id supersecretshaders:fog_dirt
[20:03:51] [Render thread/INFO]: Loaded shader ShaderOptions(id=fog_height, effectColor=16777215, category=NEUTRAL, type=VANILLA_POST, layers={VEIL_POST=fog_height}, priority=1000, translucent=false, renderBlock=true, uniforms={})
[20:03:51] [Render thread/INFO]: Registered shader effect fog_height with id supersecretshaders:fog_height
[20:03:51] [Render thread/INFO]: Loaded shader ShaderOptions(id=fog_mist, effectColor=16777215, category=NEUTRAL, type=VANILLA_POST, layers={VEIL_POST=fog_mist}, priority=1000, translucent=false, renderBlock=true, uniforms={})
[20:03:51] [Render thread/INFO]: Registered shader effect fog_mist with id supersecretshaders:fog_mist
[20:03:51] [Render thread/INFO]: Loaded shader ShaderOptions(id=fog_snow, effectColor=16777215, category=NEUTRAL, type=VANILLA_POST, layers={VEIL_POST=fog_snow}, priority=1000, translucent=false, renderBlock=true, uniforms={})
[20:03:51] [Render thread/INFO]: Registered shader effect fog_snow with id supersecretshaders:fog_snow
[20:03:51] [Render thread/INFO]: Loaded shader ShaderOptions(id=fog_tartarus, effectColor=16777215, category=NEUTRAL, type=VANILLA_POST, layers={VEIL_POST=fog_tartarus}, priority=1000, translucent=false, renderBlock=true, uniforms={})
[20:03:51] [Render thread/INFO]: Registered shader effect fog_tartarus with id supersecretshaders:fog_tartarus
[20:03:51] [Render thread/INFO]: Loaded shader ShaderOptions(id=frost, effectColor=16777215, category=NEUTRAL, type=VANILLA_POST, layers={VEIL_POST=frost, RENDER_LAYER_EFFECT=frost}, priority=1000, translucent=false, renderBlock=true, uniforms={})
[20:03:51] [Render thread/INFO]: Registered shader effect frost with id supersecretshaders:frost
[20:03:51] [Render thread/INFO]: Loaded shader ShaderOptions(id=glitch, effectColor=16777215, category=NEUTRAL, type=VANILLA_POST, layers={VEIL_POST=glitch, RENDER_LAYER_EFFECT=glitch}, priority=1000, translucent=false, renderBlock=true, uniforms={})
[20:03:51] [Render thread/INFO]: Registered shader effect glitch with id supersecretshaders:glitch
[20:03:51] [Render thread/INFO]: Loaded shader ShaderOptions(id=gold_teleport_post, effectColor=16777215, category=NEUTRAL, type=VANILLA_POST, layers={VEIL_POST=gold_teleport_post}, priority=1000, translucent=false, renderBlock=true, uniforms={})
[20:03:51] [Render thread/INFO]: Registered shader effect gold_teleport_post with id supersecretshaders:gold_teleport_post
[20:03:51] [Render thread/INFO]: Loaded shader ShaderOptions(id=gray_teleport_post, effectColor=16777215, category=NEUTRAL, type=VANILLA_POST, layers={VEIL_POST=gray_teleport_post}, priority=1000, translucent=false, renderBlock=true, uniforms={})
[20:03:51] [Render thread/INFO]: Registered shader effect gray_teleport_post with id supersecretshaders:gray_teleport_post
[20:03:51] [Render thread/INFO]: Loaded shader ShaderOptions(id=green_teleport_post, effectColor=16777215, category=NEUTRAL, type=VANILLA_POST, layers={VEIL_POST=green_teleport_post}, priority=1000, translucent=false, renderBlock=true, uniforms={})
[20:03:51] [Render thread/INFO]: Registered shader effect green_teleport_post with id supersecretshaders:green_teleport_post
[20:03:51] [Render thread/INFO]: Loaded shader ShaderOptions(id=honey, effectColor=16777215, category=NEUTRAL, type=VANILLA_POST, layers={VEIL_POST=honey, RENDER_LAYER_EFFECT=honey}, priority=1000, translucent=false, renderBlock=true, uniforms={})
[20:03:51] [Render thread/INFO]: Registered shader effect honey with id supersecretshaders:honey
[20:03:51] [Render thread/INFO]: Loaded shader ShaderOptions(id=horror_ctr, effectColor=16777215, category=NEUTRAL, type=VANILLA_POST, layers={VEIL_POST=horror_ctr, RENDER_LAYER_EFFECT=horror_ctr}, priority=1000, translucent=false, renderBlock=true, uniforms={})
[20:03:51] [Render thread/INFO]: Registered shader effect horror_ctr with id supersecretshaders:horror_ctr
[20:03:51] [Render thread/INFO]: Loaded shader ShaderOptions(id=ice, effectColor=16777215, category=NEUTRAL, type=VANILLA_POST, layers={VEIL_POST=ice, RENDER_LAYER_EFFECT=ice}, priority=1000, translucent=false, renderBlock=true, uniforms={})
[20:03:51] [Render thread/INFO]: Registered shader effect ice with id supersecretshaders:ice
[20:03:51] [Render thread/INFO]: Loaded shader ShaderOptions(id=jade, effectColor=16777215, category=NEUTRAL, type=VANILLA_POST, layers={VEIL_POST=jade, RENDER_LAYER_EFFECT=jade}, priority=1000, translucent=false, renderBlock=true, uniforms={})
[20:03:51] [Render thread/INFO]: Registered shader effect jade with id supersecretshaders:jade
[20:03:51] [Render thread/INFO]: Loaded shader ShaderOptions(id=mage_focus, effectColor=16777215, category=NEUTRAL, type=VANILLA_POST, layers={VEIL_POST=mage_focus, RENDER_LAYER_EFFECT=mage_focus}, priority=1000, translucent=false, renderBlock=true, uniforms={})
[20:03:51] [Render thread/INFO]: Registered shader effect mage_focus with id supersecretshaders:mage_focus
[20:03:51] [Render thread/INFO]: Loaded shader ShaderOptions(id=mage_power, effectColor=16777215, category=NEUTRAL, type=VANILLA_POST, layers={VEIL_POST=mage_power, RENDER_LAYER_EFFECT=mage_power}, priority=1000, translucent=false, renderBlock=true, uniforms={})
[20:03:51] [Render thread/INFO]: Registered shader effect mage_power with id supersecretshaders:mage_power
[20:03:51] [Render thread/INFO]: Loaded shader ShaderOptions(id=medusa, effectColor=16777215, category=NEUTRAL, type=VANILLA_POST, layers={VEIL_POST=medusa, RENDER_LAYER_EFFECT=medusa}, priority=1000, translucent=false, renderBlock=true, uniforms={})
[20:03:51] [Render thread/INFO]: Registered shader effect medusa with id supersecretshaders:medusa
[20:03:51] [Render thread/INFO]: Loaded shader ShaderOptions(id=midas, effectColor=16777215, category=NEUTRAL, type=VANILLA_POST, layers={VEIL_POST=midas, RENDER_LAYER_EFFECT=midas}, priority=1000, translucent=false, renderBlock=true, uniforms={})
[20:03:51] [Render thread/INFO]: Registered shader effect midas with id supersecretshaders:midas
[20:03:51] [Render thread/INFO]: Loaded shader ShaderOptions(id=mimo, effectColor=16777215, category=NEUTRAL, type=VANILLA_POST, layers={VEIL_POST=mimo, RENDER_LAYER_EFFECT=mimo}, priority=1000, translucent=false, renderBlock=true, uniforms={})
[20:03:51] [Render thread/INFO]: Registered shader effect mimo with id supersecretshaders:mimo
[20:03:51] [Render thread/INFO]: Loaded shader ShaderOptions(id=mud, effectColor=16777215, category=NEUTRAL, type=VANILLA_POST, layers={VEIL_POST=mud, RENDER_LAYER_EFFECT=mud}, priority=1000, translucent=false, renderBlock=true, uniforms={})
[20:03:51] [Render thread/INFO]: Registered shader effect mud with id supersecretshaders:mud
[20:03:51] [Render thread/INFO]: Loaded shader ShaderOptions(id=mummy, effectColor=16777215, category=NEUTRAL, type=VANILLA_POST, layers={VEIL_POST=mummy, RENDER_LAYER_EFFECT=mummy}, priority=1000, translucent=false, renderBlock=true, uniforms={})
[20:03:51] [Render thread/INFO]: Registered shader effect mummy with id supersecretshaders:mummy
[20:03:51] [Render thread/INFO]: Loaded shader ShaderOptions(id=night_vision, effectColor=16777215, category=NEUTRAL, type=VANILLA_POST, layers={VEIL_POST=night_vision}, priority=1000, translucent=false, renderBlock=true, uniforms={})
[20:03:51] [Render thread/INFO]: Registered shader effect night_vision with id supersecretshaders:night_vision
[20:03:51] [Render thread/INFO]: Loaded shader ShaderOptions(id=no_pass, effectColor=16777215, category=NEUTRAL, type=VANILLA_POST, layers={VEIL_POST=no_pass}, priority=1000, translucent=false, renderBlock=true, uniforms={})
[20:03:51] [Render thread/INFO]: Registered shader effect no_pass with id supersecretshaders:no_pass
[20:03:51] [Render thread/INFO]: Loaded shader ShaderOptions(id=orange_teleport_post, effectColor=16777215, category=NEUTRAL, type=VANILLA_POST, layers={VEIL_POST=orange_teleport_post}, priority=1000, translucent=false, renderBlock=true, uniforms={})
[20:03:51] [Render thread/INFO]: Registered shader effect orange_teleport_post with id supersecretshaders:orange_teleport_post
[20:03:51] [Render thread/INFO]: Loaded shader ShaderOptions(id=pink_teleport_post, effectColor=16777215, category=NEUTRAL, type=VANILLA_POST, layers={VEIL_POST=pink_teleport_post}, priority=1000, translucent=false, renderBlock=true, uniforms={})
[20:03:51] [Render thread/INFO]: Registered shader effect pink_teleport_post with id supersecretshaders:pink_teleport_post
[20:03:51] [Render thread/INFO]: Loaded shader ShaderOptions(id=poison, effectColor=16777215, category=NEUTRAL, type=VANILLA_POST, layers={VEIL_POST=poison, RENDER_LAYER_EFFECT=poison}, priority=1000, translucent=false, renderBlock=true, uniforms={})
[20:03:51] [Render thread/INFO]: Registered shader effect poison with id supersecretshaders:poison
[20:03:51] [Render thread/INFO]: Loaded shader ShaderOptions(id=portal_fade_in, effectColor=16777215, category=NEUTRAL, type=VANILLA_POST, layers={VEIL_POST=portal_fade_in}, priority=1000, translucent=false, renderBlock=true, uniforms={})
[20:03:51] [Render thread/INFO]: Registered shader effect portal_fade_in with id supersecretshaders:portal_fade_in
[20:03:51] [Render thread/INFO]: Loaded shader ShaderOptions(id=portal_fade_in_green, effectColor=16777215, category=NEUTRAL, type=VANILLA_POST, layers={VEIL_POST=portal_fade_in_green}, priority=1000, translucent=false, renderBlock=true, uniforms={})
[20:03:51] [Render thread/INFO]: Registered shader effect portal_fade_in_green with id supersecretshaders:portal_fade_in_green
[20:03:51] [Render thread/INFO]: Loaded shader ShaderOptions(id=portal_loop_fade_out, effectColor=16777215, category=NEUTRAL, type=VANILLA_POST, layers={VEIL_POST=portal_loop_fade_out}, priority=1000, translucent=false, renderBlock=true, uniforms={})
[20:03:51] [Render thread/INFO]: Registered shader effect portal_loop_fade_out with id supersecretshaders:portal_loop_fade_out
[20:03:51] [Render thread/INFO]: Loaded shader ShaderOptions(id=portal_loop_fade_out_green, effectColor=16777215, category=NEUTRAL, type=VANILLA_POST, layers={VEIL_POST=portal_loop_fade_out_green}, priority=1000, translucent=false, renderBlock=true, uniforms={})
[20:03:51] [Render thread/INFO]: Registered shader effect portal_loop_fade_out_green with id supersecretshaders:portal_loop_fade_out_green
[20:03:51] [Render thread/INFO]: Loaded shader ShaderOptions(id=portal_fade_in_between_dimension, effectColor=16777215, category=NEUTRAL, type=VANILLA_POST, layers={VEIL_POST=portal_fade_in_between_dimension}, priority=1000, translucent=false, renderBlock=true, uniforms={})
[20:03:51] [Render thread/INFO]: Registered shader effect portal_fade_in_between_dimension with id supersecretshaders:portal_fade_in_between_dimension
[20:03:51] [Render thread/INFO]: Loaded shader ShaderOptions(id=portal_loop_fade_out_between_dimension, effectColor=16777215, category=NEUTRAL, type=VANILLA_POST, layers={VEIL_POST=portal_loop_fade_out_between_dimension}, priority=1000, translucent=false, renderBlock=true, uniforms={})
[20:03:51] [Render thread/INFO]: Registered shader effect portal_loop_fade_out_between_dimension with id supersecretshaders:portal_loop_fade_out_between_dimension
[20:03:51] [Render thread/INFO]: Loaded shader ShaderOptions(id=pulse, effectColor=16777215, category=NEUTRAL, type=VANILLA_POST, layers={VEIL_POST=pulse}, priority=1000, translucent=false, renderBlock=true, uniforms={})
[20:03:51] [Render thread/INFO]: Registered shader effect pulse with id supersecretshaders:pulse
[20:03:51] [Render thread/INFO]: Loaded shader ShaderOptions(id=purple_teleport_post, effectColor=16777215, category=NEUTRAL, type=VANILLA_POST, layers={VEIL_POST=purple_teleport_post}, priority=1000, translucent=false, renderBlock=true, uniforms={})
[20:03:51] [Render thread/INFO]: Registered shader effect purple_teleport_post with id supersecretshaders:purple_teleport_post
[20:03:51] [Render thread/INFO]: Loaded shader ShaderOptions(id=purple_vomit, effectColor=16777215, category=NEUTRAL, type=VANILLA_POST, layers={VEIL_POST=purple_vomit}, priority=1000, translucent=false, renderBlock=true, uniforms={})
[20:03:51] [Render thread/INFO]: Registered shader effect purple_vomit with id supersecretshaders:purple_vomit
[20:03:51] [Render thread/INFO]: Loaded shader ShaderOptions(id=quicktime_space, effectColor=16777215, category=NEUTRAL, type=VANILLA_POST, layers={VEIL_POST=quicktime_space}, priority=1000, translucent=false, renderBlock=true, uniforms={})
[20:03:51] [Render thread/INFO]: Registered shader effect quicktime_space with id supersecretshaders:quicktime_space
[20:03:51] [Render thread/INFO]: Loaded shader ShaderOptions(id=rainbow_vomit, effectColor=16777215, category=NEUTRAL, type=VANILLA_POST, layers={VEIL_POST=rainbow_vomit, RENDER_LAYER_EFFECT=rainbow_vomit}, priority=1000, translucent=false, renderBlock=true, uniforms={})
[20:03:51] [Render thread/INFO]: Registered shader effect rainbow_vomit with id supersecretshaders:rainbow_vomit
[20:03:51] [Render thread/INFO]: Loaded shader ShaderOptions(id=red, effectColor=16777215, category=NEUTRAL, type=VANILLA_POST, layers={VEIL_POST=red}, priority=1000, translucent=false, renderBlock=true, uniforms={})
[20:03:51] [Render thread/INFO]: Registered shader effect red with id supersecretshaders:red
[20:03:51] [Render thread/INFO]: Loaded shader ShaderOptions(id=red_teleport_post, effectColor=16777215, category=NEUTRAL, type=VANILLA_POST, layers={VEIL_POST=red_teleport_post}, priority=1000, translucent=false, renderBlock=true, uniforms={})
[20:03:51] [Render thread/INFO]: Registered shader effect red_teleport_post with id supersecretshaders:red_teleport_post
[20:03:51] [Render thread/INFO]: Loaded shader ShaderOptions(id=rooted, effectColor=16777215, category=NEUTRAL, type=VANILLA_POST, layers={VEIL_POST=rooted, RENDER_LAYER_EFFECT=rooted}, priority=1000, translucent=false, renderBlock=true, uniforms={})
[20:03:51] [Render thread/INFO]: Registered shader effect rooted with id supersecretshaders:rooted
[20:03:51] [Render thread/INFO]: Loaded shader ShaderOptions(id=skybox_portal, effectColor=16777215, category=NEUTRAL, type=VANILLA_POST, layers={VEIL_POST=skybox_portal}, priority=1000, translucent=false, renderBlock=true, uniforms={})
[20:03:51] [Render thread/INFO]: Registered shader effect skybox_portal with id supersecretshaders:skybox_portal
[20:03:51] [Render thread/INFO]: Loaded shader ShaderOptions(id=slime, effectColor=16777215, category=NEUTRAL, type=VANILLA_POST, layers={VEIL_POST=slime, RENDER_LAYER_EFFECT=slime}, priority=1000, translucent=false, renderBlock=true, uniforms={})
[20:03:51] [Render thread/INFO]: Registered shader effect slime with id supersecretshaders:slime
[20:03:51] [Render thread/INFO]: Loaded shader ShaderOptions(id=spartan_fury, effectColor=16777215, category=NEUTRAL, type=VANILLA_POST, layers={VEIL_POST=spartan_fury, RENDER_LAYER_EFFECT=spartan_fury}, priority=1000, translucent=false, renderBlock=true, uniforms={})
[20:03:51] [Render thread/INFO]: Registered shader effect spartan_fury with id supersecretshaders:spartan_fury
[20:03:51] [Render thread/INFO]: Loaded shader ShaderOptions(id=stun, effectColor=16777215, category=NEUTRAL, type=VANILLA_POST, layers={VEIL_POST=stun, RENDER_LAYER_EFFECT=stun}, priority=1000, translucent=false, renderBlock=true, uniforms={})
[20:03:51] [Render thread/INFO]: Registered shader effect stun with id supersecretshaders:stun
[20:03:51] [Render thread/INFO]: Loaded shader ShaderOptions(id=tartarus, effectColor=16777215, category=NEUTRAL, type=VANILLA_POST, layers={VEIL_POST=tartarus, RENDER_LAYER_EFFECT=tartarus}, priority=1000, translucent=false, renderBlock=true, uniforms={})
[20:03:51] [Render thread/INFO]: Registered shader effect tartarus with id supersecretshaders:tartarus
[20:03:51] [Render thread/INFO]: Loaded shader ShaderOptions(id=teleport, effectColor=16777215, category=NEUTRAL, type=VANILLA_POST, layers={VEIL_POST=teleport, RENDER_LAYER_EFFECT=teleport}, priority=1000, translucent=false, renderBlock=true, uniforms={})
[20:03:51] [Render thread/INFO]: Registered shader effect teleport with id supersecretshaders:teleport
[20:03:51] [Render thread/INFO]: Loaded shader ShaderOptions(id=test, effectColor=16777215, category=NEUTRAL, type=VANILLA_POST, layers={VEIL_POST=test, RENDER_LAYER_EFFECT=test}, priority=1000, translucent=false, renderBlock=true, uniforms={})
[20:03:51] [Render thread/INFO]: Registered shader effect test with id supersecretshaders:test
[20:03:51] [Render thread/INFO]: Loaded shader ShaderOptions(id=texture, effectColor=16777215, category=NEUTRAL, type=VANILLA_POST, layers={VEIL_POST=texture, RENDER_LAYER_EFFECT=texture}, priority=1000, translucent=false, renderBlock=true, uniforms={})
[20:03:51] [Render thread/INFO]: Registered shader effect texture with id supersecretshaders:texture
[20:03:51] [Render thread/INFO]: Loaded shader ShaderOptions(id=warrior_focus, effectColor=16777215, category=NEUTRAL, type=VANILLA_POST, layers={VEIL_POST=warrior_focus, RENDER_LAYER_EFFECT=warrior_focus}, priority=1000, translucent=false, renderBlock=true, uniforms={})
[20:03:51] [Render thread/INFO]: Registered shader effect warrior_focus with id supersecretshaders:warrior_focus
[20:03:51] [Render thread/INFO]: Loaded shader ShaderOptions(id=warrior_power, effectColor=16777215, category=NEUTRAL, type=VANILLA_POST, layers={VEIL_POST=warrior_power, RENDER_LAYER_EFFECT=warrior_power}, priority=1000, translucent=false, renderBlock=true, uniforms={})
[20:03:51] [Render thread/INFO]: Registered shader effect warrior_power with id supersecretshaders:warrior_power
[20:03:51] [Render thread/INFO]: Loaded shader ShaderOptions(id=white_screen, effectColor=16777215, category=NEUTRAL, type=VANILLA_POST, layers={VEIL_POST=white_screen}, priority=1000, translucent=false, renderBlock=true, uniforms={})
[20:03:51] [Render thread/INFO]: Registered shader effect white_screen with id supersecretshaders:white_screen
[20:03:51] [Render thread/INFO]: Loaded shader ShaderOptions(id=white_screen_fade, effectColor=16777215, category=NEUTRAL, type=VANILLA_POST, layers={VEIL_POST=white_screen_fade}, priority=1000, translucent=false, renderBlock=true, uniforms={})
[20:03:51] [Render thread/INFO]: Registered shader effect white_screen_fade with id supersecretshaders:white_screen_fade
[20:03:51] [Render thread/INFO]: Loaded shader ShaderOptions(id=white_teleport_post, effectColor=16777215, category=NEUTRAL, type=VANILLA_POST, layers={VEIL_POST=white_teleport_post}, priority=1000, translucent=false, renderBlock=true, uniforms={})
[20:03:51] [Render thread/INFO]: Registered shader effect white_teleport_post with id supersecretshaders:white_teleport_post
[20:03:51] [Render thread/INFO]: Loaded shader ShaderOptions(id=yellow_teleport_post, effectColor=16777215, category=NEUTRAL, type=VANILLA_POST, layers={VEIL_POST=yellow_teleport_post}, priority=1000, translucent=false, renderBlock=true, uniforms={})
[20:03:51] [Render thread/INFO]: Registered shader effect yellow_teleport_post with id supersecretshaders:yellow_teleport_post
[20:03:51] [Render thread/INFO]: Loaded shader ShaderOptions(id=yellow_vomit, effectColor=16777215, category=NEUTRAL, type=VANILLA_POST, layers={VEIL_POST=yellow_vomit, RENDER_LAYER_EFFECT=yellow_vomit}, priority=1000, translucent=false, renderBlock=true, uniforms={})
[20:03:51] [Render thread/INFO]: Registered shader effect yellow_vomit with id supersecretshaders:yellow_vomit
[20:03:51] [Render thread/INFO]: Loaded shader ShaderOptions(id=za_wardo, effectColor=16777215, category=NEUTRAL, type=VANILLA_POST, layers={VEIL_POST=za_wardo}, priority=1000, translucent=false, renderBlock=true, uniforms={})
[20:03:51] [Render thread/INFO]: Registered shader effect za_wardo with id supersecretshaders:za_wardo
[20:03:51] [Render thread/INFO]: Loaded shader ShaderOptions(id=portal_effect_gray, effectColor=16777215, category=NEUTRAL, type=VANILLA_POST, layers={RENDER_LAYER_EFFECT=portal_effect_gray}, priority=1000, translucent=false, renderBlock=true, uniforms={})
[20:03:51] [Render thread/INFO]: Registered shader effect portal_effect_gray with id supersecretshaders:portal_effect_gray
[20:03:51] [Render thread/INFO]: Loaded shader ShaderOptions(id=blink_red, effectColor=16777215, category=NEUTRAL, type=VANILLA_POST, layers={RENDER_LAYER_EFFECT=blink_red}, priority=1000, translucent=false, renderBlock=true, uniforms={})
[20:03:51] [Render thread/INFO]: Registered shader effect blink_red with id supersecretshaders:blink_red
[20:03:51] [Render thread/INFO]: Loaded shader ShaderOptions(id=entity_dark_red, effectColor=16777215, category=NEUTRAL, type=VANILLA_POST, layers={RENDER_LAYER_EFFECT=entity_dark_red}, priority=1000, translucent=false, renderBlock=true, uniforms={})
[20:03:51] [Render thread/INFO]: Registered shader effect entity_dark_red with id supersecretshaders:entity_dark_red
[20:03:51] [Render thread/INFO]: Loaded shader ShaderOptions(id=bubble, effectColor=16777215, category=NEUTRAL, type=VANILLA_POST, layers={RENDER_LAYER_EFFECT=bubble}, priority=1000, translucent=false, renderBlock=true, uniforms={})
[20:03:51] [Render thread/INFO]: Registered shader effect bubble with id supersecretshaders:bubble
[20:03:51] [Render thread/INFO]: Loaded shader ShaderOptions(id=entity_red, effectColor=16777215, category=NEUTRAL, type=VANILLA_POST, layers={RENDER_LAYER_EFFECT=entity_red}, priority=1000, translucent=false, renderBlock=true, uniforms={})
[20:03:51] [Render thread/INFO]: Registered shader effect entity_red with id supersecretshaders:entity_red
[20:03:51] [Render thread/INFO]: Loaded shader ShaderOptions(id=dark_gold_teleport, effectColor=16777215, category=NEUTRAL, type=VANILLA_POST, layers={RENDER_LAYER_EFFECT=dark_gold_teleport}, priority=1000, translucent=false, renderBlock=true, uniforms={})
[20:03:51] [Render thread/INFO]: Registered shader effect dark_gold_teleport with id supersecretshaders:dark_gold_teleport
[20:03:51] [Render thread/INFO]: Loaded shader ShaderOptions(id=vines, effectColor=16777215, category=NEUTRAL, type=VANILLA_POST, layers={RENDER_LAYER_EFFECT=vines}, priority=1000, translucent=false, renderBlock=true, uniforms={})
[20:03:51] [Render thread/INFO]: Registered shader effect vines with id supersecretshaders:vines
[20:03:51] [Render thread/INFO]: Loaded shader ShaderOptions(id=portal_effect_red, effectColor=16777215, category=NEUTRAL, type=VANILLA_POST, layers={RENDER_LAYER_EFFECT=portal_effect_red}, priority=1000, translucent=false, renderBlock=true, uniforms={})
[20:03:51] [Render thread/INFO]: Registered shader effect portal_effect_red with id supersecretshaders:portal_effect_red
[20:03:51] [Render thread/INFO]: Loaded shader ShaderOptions(id=orange_teleport, effectColor=16777215, category=NEUTRAL, type=VANILLA_POST, layers={RENDER_LAYER_EFFECT=orange_teleport}, priority=1000, translucent=false, renderBlock=true, uniforms={})
[20:03:51] [Render thread/INFO]: Registered shader effect orange_teleport with id supersecretshaders:orange_teleport
[20:03:51] [Render thread/INFO]: Loaded shader ShaderOptions(id=blink_celeste, effectColor=16777215, category=NEUTRAL, type=VANILLA_POST, layers={RENDER_LAYER_EFFECT=blink_celeste}, priority=1000, translucent=false, renderBlock=true, uniforms={})
[20:03:51] [Render thread/INFO]: Registered shader effect blink_celeste with id supersecretshaders:blink_celeste
[20:03:51] [Render thread/INFO]: Loaded shader ShaderOptions(id=dark_red_teleport, effectColor=16777215, category=NEUTRAL, type=VANILLA_POST, layers={RENDER_LAYER_EFFECT=dark_red_teleport}, priority=1000, translucent=false, renderBlock=true, uniforms={})
[20:03:51] [Render thread/INFO]: Registered shader effect dark_red_teleport with id supersecretshaders:dark_red_teleport
[20:03:51] [Render thread/INFO]: Loaded shader ShaderOptions(id=blink, effectColor=16777215, category=NEUTRAL, type=VANILLA_POST, layers={RENDER_LAYER_EFFECT=blink}, priority=1000, translucent=false, renderBlock=true, uniforms={})
[20:03:51] [Render thread/INFO]: Registered shader effect blink with id supersecretshaders:blink
[20:03:51] [Render thread/INFO]: Loaded shader ShaderOptions(id=portal_effect_gold, effectColor=16777215, category=NEUTRAL, type=VANILLA_POST, layers={RENDER_LAYER_EFFECT=portal_effect_gold}, priority=1000, translucent=false, renderBlock=true, uniforms={})
[20:03:51] [Render thread/INFO]: Registered shader effect portal_effect_gold with id supersecretshaders:portal_effect_gold
[20:03:51] [Render thread/INFO]: Loaded shader ShaderOptions(id=blink_gold, effectColor=16777215, category=NEUTRAL, type=VANILLA_POST, layers={RENDER_LAYER_EFFECT=blink_gold}, priority=1000, translucent=false, renderBlock=true, uniforms={})
[20:03:51] [Render thread/INFO]: Registered shader effect blink_gold with id supersecretshaders:blink_gold
[20:03:51] [Render thread/INFO]: Loaded shader ShaderOptions(id=blink_dark_blue, effectColor=16777215, category=NEUTRAL, type=VANILLA_POST, layers={RENDER_LAYER_EFFECT=blink_dark_blue}, priority=1000, translucent=false, renderBlock=true, uniforms={})
[20:03:51] [Render thread/INFO]: Registered shader effect blink_dark_blue with id supersecretshaders:blink_dark_blue
[20:03:51] [Render thread/INFO]: Loaded shader ShaderOptions(id=phantom_celeste, effectColor=16777215, category=NEUTRAL, type=VANILLA_POST, layers={RENDER_LAYER_EFFECT=phantom_celeste}, priority=1000, translucent=false, renderBlock=true, uniforms={})
[20:03:51] [Render thread/INFO]: Registered shader effect phantom_celeste with id supersecretshaders:phantom_celeste
[20:03:51] [Render thread/INFO]: Loaded shader ShaderOptions(id=blink_dark_green, effectColor=16777215, category=NEUTRAL, type=VANILLA_POST, layers={RENDER_LAYER_EFFECT=blink_dark_green}, priority=1000, translucent=false, renderBlock=true, uniforms={})
[20:03:51] [Render thread/INFO]: Registered shader effect blink_dark_green with id supersecretshaders:blink_dark_green
[20:03:51] [Render thread/INFO]: Loaded shader ShaderOptions(id=enchanted, effectColor=16777215, category=NEUTRAL, type=VANILLA_POST, layers={RENDER_LAYER_EFFECT=enchanted}, priority=1000, translucent=false, renderBlock=true, uniforms={})
[20:03:51] [Render thread/INFO]: Registered shader effect enchanted with id supersecretshaders:enchanted
[20:03:51] [Render thread/INFO]: Loaded shader ShaderOptions(id=testing, effectColor=16777215, category=NEUTRAL, type=VANILLA_POST, layers={RENDER_LAYER_EFFECT=testing}, priority=1000, translucent=false, renderBlock=true, uniforms={})
[20:03:51] [Render thread/INFO]: Registered shader effect testing with id supersecretshaders:testing
[20:03:51] [Render thread/INFO]: Loaded shader ShaderOptions(id=blink_dark_red, effectColor=16777215, category=NEUTRAL, type=VANILLA_POST, layers={RENDER_LAYER_EFFECT=blink_dark_red}, priority=1000, translucent=false, renderBlock=true, uniforms={})
[20:03:51] [Render thread/INFO]: Registered shader effect blink_dark_red with id supersecretshaders:blink_dark_red
[20:03:51] [Render thread/INFO]: Loaded shader ShaderOptions(id=blink_purple, effectColor=16777215, category=NEUTRAL, type=VANILLA_POST, layers={RENDER_LAYER_EFFECT=blink_purple}, priority=1000, translucent=false, renderBlock=true, uniforms={})
[20:03:51] [Render thread/INFO]: Registered shader effect blink_purple with id supersecretshaders:blink_purple
[20:03:51] [Render thread/INFO]: Loaded shader ShaderOptions(id=green_teleport, effectColor=16777215, category=NEUTRAL, type=VANILLA_POST, layers={RENDER_LAYER_EFFECT=green_teleport}, priority=1000, translucent=false, renderBlock=true, uniforms={})
[20:03:51] [Render thread/INFO]: Registered shader effect green_teleport with id supersecretshaders:green_teleport
[20:03:51] [Render thread/INFO]: Loaded shader ShaderOptions(id=portal_effect_dark_green, effectColor=16777215, category=NEUTRAL, type=VANILLA_POST, layers={RENDER_LAYER_EFFECT=portal_effect_dark_green}, priority=1000, translucent=false, renderBlock=true, uniforms={})
[20:03:51] [Render thread/INFO]: Registered shader effect portal_effect_dark_green with id supersecretshaders:portal_effect_dark_green
[20:03:51] [Render thread/INFO]: Loaded shader ShaderOptions(id=hologram, effectColor=16777215, category=NEUTRAL, type=VANILLA_POST, layers={RENDER_LAYER_EFFECT=hologram}, priority=1000, translucent=false, renderBlock=true, uniforms={})
[20:03:51] [Render thread/INFO]: Registered shader effect hologram with id supersecretshaders:hologram
[20:03:51] [Render thread/INFO]: Loaded shader ShaderOptions(id=force_phantom, effectColor=16777215, category=NEUTRAL, type=VANILLA_POST, layers={RENDER_LAYER_EFFECT=force_phantom}, priority=1000, translucent=false, renderBlock=true, uniforms={})
[20:03:51] [Render thread/INFO]: Registered shader effect force_phantom with id supersecretshaders:force_phantom
[20:03:51] [Render thread/INFO]: Loaded shader ShaderOptions(id=blue_teleport, effectColor=16777215, category=NEUTRAL, type=VANILLA_POST, layers={RENDER_LAYER_EFFECT=blue_teleport}, priority=1000, translucent=false, renderBlock=true, uniforms={})
[20:03:51] [Render thread/INFO]: Registered shader effect blue_teleport with id supersecretshaders:blue_teleport
[20:03:51] [Render thread/INFO]: Loaded shader ShaderOptions(id=entity_black, effectColor=16777215, category=NEUTRAL, type=VANILLA_POST, layers={RENDER_LAYER_EFFECT=entity_black}, priority=1000, translucent=false, renderBlock=true, uniforms={})
[20:03:51] [Render thread/INFO]: Registered shader effect entity_black with id supersecretshaders:entity_black
[20:03:51] [Render thread/INFO]: Loaded shader ShaderOptions(id=entity_dark_gray, effectColor=16777215, category=NEUTRAL, type=VANILLA_POST, layers={RENDER_LAYER_EFFECT=entity_dark_gray}, priority=1000, translucent=false, renderBlock=true, uniforms={})
[20:03:51] [Render thread/INFO]: Registered shader effect entity_dark_gray with id supersecretshaders:entity_dark_gray
[20:03:51] [Render thread/INFO]: Loaded shader ShaderOptions(id=blink_white, effectColor=16777215, category=NEUTRAL, type=VANILLA_POST, layers={RENDER_LAYER_EFFECT=blink_white}, priority=1000, translucent=false, renderBlock=true, uniforms={})
[20:03:51] [Render thread/INFO]: Registered shader effect blink_white with id supersecretshaders:blink_white
[20:03:51] [Render thread/INFO]: Loaded shader ShaderOptions(id=force_red, effectColor=16777215, category=NEUTRAL, type=VANILLA_POST, layers={RENDER_LAYER_EFFECT=force_red}, priority=1000, translucent=false, renderBlock=true, uniforms={})
[20:03:51] [Render thread/INFO]: Registered shader effect force_red with id supersecretshaders:force_red
[20:03:51] [Render thread/INFO]: Loaded shader ShaderOptions(id=entity_dark_blue, effectColor=16777215, category=NEUTRAL, type=VANILLA_POST, layers={RENDER_LAYER_EFFECT=entity_dark_blue}, priority=1000, translucent=false, renderBlock=true, uniforms={})
[20:03:51] [Render thread/INFO]: Registered shader effect entity_dark_blue with id supersecretshaders:entity_dark_blue
[20:03:51] [Render thread/INFO]: Loaded shader ShaderOptions(id=entity_purple, effectColor=16777215, category=NEUTRAL, type=VANILLA_POST, layers={RENDER_LAYER_EFFECT=entity_purple}, priority=1000, translucent=false, renderBlock=true, uniforms={})
[20:03:51] [Render thread/INFO]: Registered shader effect entity_purple with id supersecretshaders:entity_purple
[20:03:51] [Render thread/INFO]: Loaded shader ShaderOptions(id=portal_effect, effectColor=16777215, category=NEUTRAL, type=VANILLA_POST, layers={RENDER_LAYER_EFFECT=portal_effect}, priority=1000, translucent=false, renderBlock=true, uniforms={})
[20:03:51] [Render thread/INFO]: Registered shader effect portal_effect with id supersecretshaders:portal_effect
[20:03:51] [Render thread/INFO]: Loaded shader ShaderOptions(id=gold_teleport, effectColor=16777215, category=NEUTRAL, type=VANILLA_POST, layers={RENDER_LAYER_EFFECT=gold_teleport}, priority=1000, translucent=false, renderBlock=true, uniforms={})
[20:03:51] [Render thread/INFO]: Registered shader effect gold_teleport with id supersecretshaders:gold_teleport
[20:03:51] [Render thread/INFO]: Loaded shader ShaderOptions(id=entity_dark_yellow, effectColor=16777215, category=NEUTRAL, type=VANILLA_POST, layers={RENDER_LAYER_EFFECT=entity_dark_yellow}, priority=1000, translucent=false, renderBlock=true, uniforms={})
[20:03:51] [Render thread/INFO]: Registered shader effect entity_dark_yellow with id supersecretshaders:entity_dark_yellow
[20:03:51] [Render thread/INFO]: Loaded shader ShaderOptions(id=entity_cyan, effectColor=16777215, category=NEUTRAL, type=VANILLA_POST, layers={RENDER_LAYER_EFFECT=entity_cyan}, priority=1000, translucent=false, renderBlock=true, uniforms={})
[20:03:51] [Render thread/INFO]: Registered shader effect entity_cyan with id supersecretshaders:entity_cyan
[20:03:51] [Render thread/INFO]: Loaded shader ShaderOptions(id=portal_effect_dark_yellow, effectColor=16777215, category=NEUTRAL, type=VANILLA_POST, layers={RENDER_LAYER_EFFECT=portal_effect_dark_yellow}, priority=1000, translucent=false, renderBlock=true, uniforms={})
[20:03:51] [Render thread/INFO]: Registered shader effect portal_effect_dark_yellow with id supersecretshaders:portal_effect_dark_yellow
[20:03:51] [Render thread/INFO]: Loaded shader ShaderOptions(id=phantom_blanco, effectColor=16777215, category=NEUTRAL, type=VANILLA_POST, layers={RENDER_LAYER_EFFECT=phantom_blanco}, priority=1000, translucent=false, renderBlock=true, uniforms={})
[20:03:51] [Render thread/INFO]: Registered shader effect phantom_blanco with id supersecretshaders:phantom_blanco
[20:03:51] [Render thread/INFO]: Loaded shader ShaderOptions(id=entity_dark_gold, effectColor=16777215, category=NEUTRAL, type=VANILLA_POST, layers={RENDER_LAYER_EFFECT=entity_dark_gold}, priority=1000, translucent=false, renderBlock=true, uniforms={})
[20:03:51] [Render thread/INFO]: Registered shader effect entity_dark_gold with id supersecretshaders:entity_dark_gold
[20:03:51] [Render thread/INFO]: Loaded shader ShaderOptions(id=galaxy, effectColor=16777215, category=NEUTRAL, type=VANILLA_POST, layers={RENDER_LAYER_EFFECT=galaxy}, priority=1000, translucent=false, renderBlock=true, uniforms={})
[20:03:51] [Render thread/INFO]: Registered shader effect galaxy with id supersecretshaders:galaxy
[20:03:51] [Render thread/INFO]: Loaded shader ShaderOptions(id=portal_effect_green, effectColor=16777215, category=NEUTRAL, type=VANILLA_POST, layers={RENDER_LAYER_EFFECT=portal_effect_green}, priority=1000, translucent=false, renderBlock=true, uniforms={})
[20:03:51] [Render thread/INFO]: Registered shader effect portal_effect_green with id supersecretshaders:portal_effect_green
[20:03:51] [Render thread/INFO]: Loaded shader ShaderOptions(id=entity_orange, effectColor=16777215, category=NEUTRAL, type=VANILLA_POST, layers={RENDER_LAYER_EFFECT=entity_orange}, priority=1000, translucent=false, renderBlock=true, uniforms={})
[20:03:51] [Render thread/INFO]: Registered shader effect entity_orange with id supersecretshaders:entity_orange
[20:03:51] [Render thread/INFO]: Loaded shader ShaderOptions(id=purple_teleport, effectColor=16777215, category=NEUTRAL, type=VANILLA_POST, layers={RENDER_LAYER_EFFECT=purple_teleport}, priority=1000, translucent=false, renderBlock=true, uniforms={})
[20:03:51] [Render thread/INFO]: Registered shader effect purple_teleport with id supersecretshaders:purple_teleport
[20:03:51] [Render thread/INFO]: Loaded shader ShaderOptions(id=dark_blue_teleport, effectColor=16777215, category=NEUTRAL, type=VANILLA_POST, layers={RENDER_LAYER_EFFECT=dark_blue_teleport}, priority=1000, translucent=false, renderBlock=true, uniforms={})
[20:03:51] [Render thread/INFO]: Registered shader effect dark_blue_teleport with id supersecretshaders:dark_blue_teleport
[20:03:51] [Render thread/INFO]: Loaded shader ShaderOptions(id=phantom_negro, effectColor=16777215, category=NEUTRAL, type=VANILLA_POST, layers={RENDER_LAYER_EFFECT=phantom_negro}, priority=1000, translucent=false, renderBlock=true, uniforms={})
[20:03:51] [Render thread/INFO]: Registered shader effect phantom_negro with id supersecretshaders:phantom_negro
[20:03:51] [Render thread/INFO]: Loaded shader ShaderOptions(id=bleeding, effectColor=16777215, category=NEUTRAL, type=VANILLA_POST, layers={RENDER_LAYER_EFFECT=bleeding}, priority=1000, translucent=false, renderBlock=true, uniforms={})
[20:03:51] [Render thread/INFO]: Registered shader effect bleeding with id supersecretshaders:bleeding
[20:03:51] [Render thread/INFO]: Loaded shader ShaderOptions(id=blink_green, effectColor=16777215, category=NEUTRAL, type=VANILLA_POST, layers={RENDER_LAYER_EFFECT=blink_green}, priority=1000, translucent=false, renderBlock=true, uniforms={})
[20:03:51] [Render thread/INFO]: Registered shader effect blink_green with id supersecretshaders:blink_green
[20:03:51] [Render thread/INFO]: Loaded shader ShaderOptions(id=black_and_white_entity, effectColor=16777215, category=NEUTRAL, type=VANILLA_POST, layers={RENDER_LAYER_EFFECT=black_and_white_entity}, priority=1000, translucent=false, renderBlock=true, uniforms={})
[20:03:51] [Render thread/INFO]: Registered shader effect black_and_white_entity with id supersecretshaders:black_and_white_entity
[20:03:51] [Render thread/INFO]: Loaded shader ShaderOptions(id=entity_gold, effectColor=16777215, category=NEUTRAL, type=VANILLA_POST, layers={RENDER_LAYER_EFFECT=entity_gold}, priority=1000, translucent=false, renderBlock=true, uniforms={})
[20:03:51] [Render thread/INFO]: Registered shader effect entity_gold with id supersecretshaders:entity_gold
[20:03:51] [Render thread/INFO]: Loaded shader ShaderOptions(id=blink_yellow, effectColor=16777215, category=NEUTRAL, type=VANILLA_POST, layers={RENDER_LAYER_EFFECT=blink_yellow}, priority=1000, translucent=false, renderBlock=true, uniforms={})
[20:03:51] [Render thread/INFO]: Registered shader effect blink_yellow with id supersecretshaders:blink_yellow
[20:03:51] [Render thread/INFO]: Loaded shader ShaderOptions(id=dark_gray_teleport, effectColor=16777215, category=NEUTRAL, type=VANILLA_POST, layers={RENDER_LAYER_EFFECT=dark_gray_teleport}, priority=1000, translucent=false, renderBlock=true, uniforms={})
[20:03:51] [Render thread/INFO]: Registered shader effect dark_gray_teleport with id supersecretshaders:dark_gray_teleport
[20:03:51] [Render thread/INFO]: Loaded shader ShaderOptions(id=portal_effect_dark_gray, effectColor=16777215, category=NEUTRAL, type=VANILLA_POST, layers={RENDER_LAYER_EFFECT=portal_effect_dark_gray}, priority=1000, translucent=false, renderBlock=true, uniforms={})
[20:03:51] [Render thread/INFO]: Registered shader effect portal_effect_dark_gray with id supersecretshaders:portal_effect_dark_gray
[20:03:51] [Render thread/INFO]: Loaded shader ShaderOptions(id=phantom_verde, effectColor=16777215, category=NEUTRAL, type=VANILLA_POST, layers={RENDER_LAYER_EFFECT=phantom_verde}, priority=1000, translucent=false, renderBlock=true, uniforms={})
[20:03:51] [Render thread/INFO]: Registered shader effect phantom_verde with id supersecretshaders:phantom_verde
[20:03:51] [Render thread/INFO]: Loaded shader ShaderOptions(id=portal_effect_blue, effectColor=16777215, category=NEUTRAL, type=VANILLA_POST, layers={RENDER_LAYER_EFFECT=portal_effect_blue}, priority=1000, translucent=false, renderBlock=true, uniforms={})
[20:03:51] [Render thread/INFO]: Registered shader effect portal_effect_blue with id supersecretshaders:portal_effect_blue
[20:03:51] [Render thread/INFO]: Loaded shader ShaderOptions(id=gray_teleport, effectColor=16777215, category=NEUTRAL, type=VANILLA_POST, layers={RENDER_LAYER_EFFECT=gray_teleport}, priority=1000, translucent=false, renderBlock=true, uniforms={})
[20:03:51] [Render thread/INFO]: Registered shader effect gray_teleport with id supersecretshaders:gray_teleport
[20:03:51] [Render thread/INFO]: Loaded shader ShaderOptions(id=portal_effect_dark_red, effectColor=16777215, category=NEUTRAL, type=VANILLA_POST, layers={RENDER_LAYER_EFFECT=portal_effect_dark_red}, priority=1000, translucent=false, renderBlock=true, uniforms={})
[20:03:51] [Render thread/INFO]: Registered shader effect portal_effect_dark_red with id supersecretshaders:portal_effect_dark_red
[20:03:51] [Render thread/INFO]: Loaded shader ShaderOptions(id=blink_dark_gray, effectColor=16777215, category=NEUTRAL, type=VANILLA_POST, layers={RENDER_LAYER_EFFECT=blink_dark_gray}, priority=1000, translucent=false, renderBlock=true, uniforms={})
[20:03:51] [Render thread/INFO]: Registered shader effect blink_dark_gray with id supersecretshaders:blink_dark_gray
[20:03:51] [Render thread/INFO]: Loaded shader ShaderOptions(id=blink_blue, effectColor=16777215, category=NEUTRAL, type=VANILLA_POST, layers={RENDER_LAYER_EFFECT=blink_blue}, priority=1000, translucent=false, renderBlock=true, uniforms={})
[20:03:51] [Render thread/INFO]: Registered shader effect blink_blue with id supersecretshaders:blink_blue
[20:03:51] [Render thread/INFO]: Loaded shader ShaderOptions(id=pink_teleport, effectColor=16777215, category=NEUTRAL, type=VANILLA_POST, layers={RENDER_LAYER_EFFECT=pink_teleport}, priority=1000, translucent=false, renderBlock=true, uniforms={})
[20:03:51] [Render thread/INFO]: Registered shader effect pink_teleport with id supersecretshaders:pink_teleport
[20:03:51] [Render thread/INFO]: Loaded shader ShaderOptions(id=invisible, effectColor=16777215, category=NEUTRAL, type=VANILLA_POST, layers={RENDER_LAYER_EFFECT=invisible}, priority=1000, translucent=false, renderBlock=true, uniforms={})
[20:03:51] [Render thread/INFO]: Registered shader effect invisible with id supersecretshaders:invisible
[20:03:51] [Render thread/INFO]: Loaded shader ShaderOptions(id=portal_effect_orange, effectColor=16777215, category=NEUTRAL, type=VANILLA_POST, layers={RENDER_LAYER_EFFECT=portal_effect_orange}, priority=1000, translucent=false, renderBlock=true, uniforms={})
[20:03:51] [Render thread/INFO]: Registered shader effect portal_effect_orange with id supersecretshaders:portal_effect_orange
[20:03:51] [Render thread/INFO]: Loaded shader ShaderOptions(id=portal_effect_pink, effectColor=16777215, category=NEUTRAL, type=VANILLA_POST, layers={RENDER_LAYER_EFFECT=portal_effect_pink}, priority=1000, translucent=false, renderBlock=true, uniforms={})
[20:03:51] [Render thread/INFO]: Registered shader effect portal_effect_pink with id supersecretshaders:portal_effect_pink
[20:03:51] [Render thread/INFO]: Loaded shader ShaderOptions(id=portal_effect_black, effectColor=16777215, category=NEUTRAL, type=VANILLA_POST, layers={RENDER_LAYER_EFFECT=portal_effect_black}, priority=1000, translucent=false, renderBlock=true, uniforms={})
[20:03:51] [Render thread/INFO]: Registered shader effect portal_effect_black with id supersecretshaders:portal_effect_black
[20:03:51] [Render thread/INFO]: Loaded shader ShaderOptions(id=portal_effect_purple, effectColor=16777215, category=NEUTRAL, type=VANILLA_POST, layers={RENDER_LAYER_EFFECT=portal_effect_purple}, priority=1000, translucent=false, renderBlock=true, uniforms={})
[20:03:51] [Render thread/INFO]: Registered shader effect portal_effect_purple with id supersecretshaders:portal_effect_purple
[20:03:51] [Render thread/INFO]: Loaded shader ShaderOptions(id=portal_effect_dark_blue, effectColor=16777215, category=NEUTRAL, type=VANILLA_POST, layers={RENDER_LAYER_EFFECT=portal_effect_dark_blue}, priority=1000, translucent=false, renderBlock=true, uniforms={})
[20:03:51] [Render thread/INFO]: Registered shader effect portal_effect_dark_blue with id supersecretshaders:portal_effect_dark_blue
[20:03:51] [Render thread/INFO]: Loaded shader ShaderOptions(id=white_teleport, effectColor=16777215, category=NEUTRAL, type=VANILLA_POST, layers={RENDER_LAYER_EFFECT=white_teleport}, priority=1000, translucent=false, renderBlock=true, uniforms={})
[20:03:51] [Render thread/INFO]: Registered shader effect white_teleport with id supersecretshaders:white_teleport
[20:03:51] [Render thread/INFO]: Loaded shader ShaderOptions(id=phantom_rojo, effectColor=16777215, category=NEUTRAL, type=VANILLA_POST, layers={RENDER_LAYER_EFFECT=phantom_rojo}, priority=1000, translucent=false, renderBlock=true, uniforms={})
[20:03:51] [Render thread/INFO]: Registered shader effect phantom_rojo with id supersecretshaders:phantom_rojo
[20:03:51] [Render thread/INFO]: Loaded shader ShaderOptions(id=shiny, effectColor=16777215, category=NEUTRAL, type=VANILLA_POST, layers={RENDER_LAYER_EFFECT=shiny}, priority=1000, translucent=false, renderBlock=true, uniforms={})
[20:03:51] [Render thread/INFO]: Registered shader effect shiny with id supersecretshaders:shiny
[20:03:51] [Render thread/INFO]: Loaded shader ShaderOptions(id=dark_yellow_teleport, effectColor=16777215, category=NEUTRAL, type=VANILLA_POST, layers={RENDER_LAYER_EFFECT=dark_yellow_teleport}, priority=1000, translucent=false, renderBlock=true, uniforms={})
[20:03:51] [Render thread/INFO]: Registered shader effect dark_yellow_teleport with id supersecretshaders:dark_yellow_teleport
[20:03:51] [Render thread/INFO]: Loaded shader ShaderOptions(id=black_teleport, effectColor=16777215, category=NEUTRAL, type=VANILLA_POST, layers={RENDER_LAYER_EFFECT=black_teleport}, priority=1000, translucent=false, renderBlock=true, uniforms={})
[20:03:51] [Render thread/INFO]: Registered shader effect black_teleport with id supersecretshaders:black_teleport
[20:03:51] [Render thread/INFO]: Loaded shader ShaderOptions(id=entity_pink, effectColor=16777215, category=NEUTRAL, type=VANILLA_POST, layers={RENDER_LAYER_EFFECT=entity_pink}, priority=1000, translucent=false, renderBlock=true, uniforms={})
[20:03:51] [Render thread/INFO]: Registered shader effect entity_pink with id supersecretshaders:entity_pink
[20:03:51] [Render thread/INFO]: Loaded shader ShaderOptions(id=portal_effect_white, effectColor=16777215, category=NEUTRAL, type=VANILLA_POST, layers={RENDER_LAYER_EFFECT=portal_effect_white}, priority=1000, translucent=false, renderBlock=true, uniforms={})
[20:03:51] [Render thread/INFO]: Registered shader effect portal_effect_white with id supersecretshaders:portal_effect_white
[20:03:51] [Render thread/INFO]: Loaded shader ShaderOptions(id=portal_effect_dark_gold, effectColor=16777215, category=NEUTRAL, type=VANILLA_POST, layers={RENDER_LAYER_EFFECT=portal_effect_dark_gold}, priority=1000, translucent=false, renderBlock=true, uniforms={})
[20:03:51] [Render thread/INFO]: Registered shader effect portal_effect_dark_gold with id supersecretshaders:portal_effect_dark_gold
[20:03:51] [Render thread/INFO]: Loaded shader ShaderOptions(id=entity_yellow, effectColor=16777215, category=NEUTRAL, type=VANILLA_POST, layers={RENDER_LAYER_EFFECT=entity_yellow}, priority=1000, translucent=false, renderBlock=true, uniforms={})
[20:03:51] [Render thread/INFO]: Registered shader effect entity_yellow with id supersecretshaders:entity_yellow
[20:03:51] [Render thread/INFO]: Loaded shader ShaderOptions(id=red_teleport, effectColor=16777215, category=NEUTRAL, type=VANILLA_POST, layers={RENDER_LAYER_EFFECT=red_teleport}, priority=1000, translucent=false, renderBlock=true, uniforms={})
[20:03:51] [Render thread/INFO]: Registered shader effect red_teleport with id supersecretshaders:red_teleport
[20:03:51] [Render thread/INFO]: Loaded shader ShaderOptions(id=blink_gray, effectColor=16777215, category=NEUTRAL, type=VANILLA_POST, layers={RENDER_LAYER_EFFECT=blink_gray}, priority=1000, translucent=false, renderBlock=true, uniforms={})
[20:03:51] [Render thread/INFO]: Registered shader effect blink_gray with id supersecretshaders:blink_gray
[20:03:51] [Render thread/INFO]: Loaded shader ShaderOptions(id=blink_pink, effectColor=16777215, category=NEUTRAL, type=VANILLA_POST, layers={RENDER_LAYER_EFFECT=blink_pink}, priority=1000, translucent=false, renderBlock=true, uniforms={})
[20:03:51] [Render thread/INFO]: Registered shader effect blink_pink with id supersecretshaders:blink_pink
[20:03:51] [Render thread/INFO]: Loaded shader ShaderOptions(id=entity_white, effectColor=16777215, category=NEUTRAL, type=VANILLA_POST, layers={RENDER_LAYER_EFFECT=entity_white}, priority=1000, translucent=false, renderBlock=true, uniforms={})
[20:03:51] [Render thread/INFO]: Registered shader effect entity_white with id supersecretshaders:entity_white
[20:03:51] [Render thread/INFO]: Loaded shader ShaderOptions(id=entity_blue, effectColor=16777215, category=NEUTRAL, type=VANILLA_POST, layers={RENDER_LAYER_EFFECT=entity_blue}, priority=1000, translucent=false, renderBlock=true, uniforms={})
[20:03:51] [Render thread/INFO]: Registered shader effect entity_blue with id supersecretshaders:entity_blue
[20:03:51] [Render thread/INFO]: Loaded shader ShaderOptions(id=blink_orange, effectColor=16777215, category=NEUTRAL, type=VANILLA_POST, layers={RENDER_LAYER_EFFECT=blink_orange}, priority=1000, translucent=false, renderBlock=true, uniforms={})
[20:03:51] [Render thread/INFO]: Registered shader effect blink_orange with id supersecretshaders:blink_orange
[20:03:51] [Render thread/INFO]: Loaded shader ShaderOptions(id=entity_gray, effectColor=16777215, category=NEUTRAL, type=VANILLA_POST, layers={RENDER_LAYER_EFFECT=entity_gray}, priority=1000, translucent=false, renderBlock=true, uniforms={})
[20:03:51] [Render thread/INFO]: Registered shader effect entity_gray with id supersecretshaders:entity_gray
[20:03:51] [Render thread/INFO]: Loaded shader ShaderOptions(id=dark_green_teleport, effectColor=16777215, category=NEUTRAL, type=VANILLA_POST, layers={RENDER_LAYER_EFFECT=dark_green_teleport}, priority=1000, translucent=false, renderBlock=true, uniforms={})
[20:03:51] [Render thread/INFO]: Registered shader effect dark_green_teleport with id supersecretshaders:dark_green_teleport
[20:03:51] [Render thread/INFO]: Loaded shader ShaderOptions(id=blink_black, effectColor=16777215, category=NEUTRAL, type=VANILLA_POST, layers={RENDER_LAYER_EFFECT=blink_black}, priority=1000, translucent=false, renderBlock=true, uniforms={})
[20:03:51] [Render thread/INFO]: Registered shader effect blink_black with id supersecretshaders:blink_black
[20:03:51] [Render thread/INFO]: Loaded shader ShaderOptions(id=color_convolve_2, effectColor=16777215, category=NEUTRAL, type=VANILLA_POST, layers={RENDER_LAYER_EFFECT=color_convolve_2}, priority=1000, translucent=false, renderBlock=true, uniforms={})
[20:03:51] [Render thread/INFO]: Registered shader effect color_convolve_2 with id supersecretshaders:color_convolve_2
[20:03:51] [Render thread/INFO]: Loaded shader ShaderOptions(id=yellow_teleport, effectColor=16777215, category=NEUTRAL, type=VANILLA_POST, layers={RENDER_LAYER_EFFECT=yellow_teleport}, priority=1000, translucent=false, renderBlock=true, uniforms={})
[20:03:51] [Render thread/INFO]: Registered shader effect yellow_teleport with id supersecretshaders:yellow_teleport
[20:03:51] [Render thread/INFO]: Loaded shader ShaderOptions(id=portal_effect_yellow, effectColor=16777215, category=NEUTRAL, type=VANILLA_POST, layers={RENDER_LAYER_EFFECT=portal_effect_yellow}, priority=1000, translucent=false, renderBlock=true, uniforms={})
[20:03:51] [Render thread/INFO]: Registered shader effect portal_effect_yellow with id supersecretshaders:portal_effect_yellow
[20:03:51] [Render thread/INFO]: Loaded shader ShaderOptions(id=entity_dark_green, effectColor=16777215, category=NEUTRAL, type=VANILLA_POST, layers={RENDER_LAYER_EFFECT=entity_dark_green}, priority=1000, translucent=false, renderBlock=true, uniforms={})
[20:03:51] [Render thread/INFO]: Registered shader effect entity_dark_green with id supersecretshaders:entity_dark_green
[20:03:51] [Render thread/INFO]: Loaded shader ShaderOptions(id=entity_green, effectColor=16777215, category=NEUTRAL, type=VANILLA_POST, layers={RENDER_LAYER_EFFECT=entity_green}, priority=1000, translucent=false, renderBlock=true, uniforms={})
[20:03:51] [Render thread/INFO]: Registered shader effect entity_green with id supersecretshaders:entity_green
[20:03:51] [Render thread/INFO]: Loaded shader ShaderOptions(id=blink_dark_gold, effectColor=16777215, category=NEUTRAL, type=VANILLA_POST, layers={RENDER_LAYER_EFFECT=blink_dark_gold}, priority=1000, translucent=false, renderBlock=true, uniforms={})
[20:03:51] [Render thread/INFO]: Registered shader effect blink_dark_gold with id supersecretshaders:blink_dark_gold
[20:03:51] [Render thread/INFO]: Loaded shader ShaderOptions(id=blink_dark_yellow, effectColor=16777215, category=NEUTRAL, type=VANILLA_POST, layers={RENDER_LAYER_EFFECT=blink_dark_yellow}, priority=1000, translucent=false, renderBlock=true, uniforms={})
[20:03:51] [Render thread/INFO]: Registered shader effect blink_dark_yellow with id supersecretshaders:blink_dark_yellow
[20:03:51] [Render thread/INFO]: Loaded shader ShaderOptions(id=myopia, effectColor=16777215, category=NEUTRAL, type=VANILLA_POST, layers={VEIL_POST=myopia}, priority=1000, translucent=false, renderBlock=true, uniforms={})
[20:03:51] [Render thread/INFO]: Registered shader effect myopia with id supersecretshaders:myopia
[20:03:51] [Render thread/INFO]: Loaded shader ShaderOptions(id=bloom_fog, effectColor=16777215, category=NEUTRAL, type=VANILLA_POST, layers={VEIL_POST=bloom_fog}, priority=1000, translucent=false, renderBlock=true, uniforms={})
[20:03:51] [Render thread/INFO]: Registered shader effect bloom_fog with id supersecretshaders:bloom_fog
[20:03:51] [Render thread/INFO]: Loaded shader ShaderOptions(id=blinding_bloom, effectColor=16777215, category=NEUTRAL, type=VANILLA_POST, layers={VEIL_POST=bloom_fog}, priority=1000, translucent=false, renderBlock=true, uniforms={})
[20:03:51] [Render thread/INFO]: Registered shader effect blinding_bloom with id supersecretshaders:blinding_bloom
[20:03:51] [Render thread/INFO]: Loaded shader ShaderOptions(id=purple_stains, effectColor=16777215, category=NEUTRAL, type=VANILLA_POST, layers={VEIL_POST=purple_stains}, priority=1000, translucent=false, renderBlock=true, uniforms={})
[20:03:51] [Render thread/INFO]: Registered shader effect purple_stains with id supersecretshaders:purple_stains
[20:03:51] [Render thread/INFO]: Loaded shader ShaderOptions(id=purple_splatter, effectColor=16777215, category=NEUTRAL, type=VANILLA_POST, layers={VEIL_POST=purple_stains}, priority=1000, translucent=false, renderBlock=true, uniforms={})
[20:03:51] [Render thread/INFO]: Registered shader effect purple_splatter with id supersecretshaders:purple_splatter
[20:03:51] [Render thread/INFO]: Loaded shader ShaderOptions(id=grease, effectColor=14468648, category=HARMFUL, type=VANILLA_POST, layers={VEIL_POST=grease}, priority=1000, translucent=false, renderBlock=true, uniforms={})
[20:03:51] [Render thread/INFO]: Registered shader effect grease with id supersecretshaders:grease
[20:03:51] [Render thread/INFO]: Loaded shader ShaderOptions(id=grease_splatter, effectColor=16777215, category=NEUTRAL, type=VANILLA_POST, layers={VEIL_POST=grease}, priority=1000, translucent=false, renderBlock=true, uniforms={})
[20:03:51] [Render thread/INFO]: Registered shader effect grease_splatter with id supersecretshaders:grease_splatter
[20:03:51] [Render thread/INFO]: Loaded shader ShaderOptions(id=grasa, effectColor=16777215, category=NEUTRAL, type=VANILLA_POST, layers={VEIL_POST=grease}, priority=1000, translucent=false, renderBlock=true, uniforms={})
[20:03:51] [Render thread/INFO]: Registered shader effect grasa with id supersecretshaders:grasa
[20:03:51] [Render thread/INFO]: Loaded shader ShaderOptions(id=time_stop, effectColor=16777215, category=NEUTRAL, type=VANILLA_POST, layers={VEIL_POST=time_stop}, priority=1000, translucent=false, renderBlock=true, uniforms={})
[20:03:51] [Render thread/INFO]: Registered shader effect time_stop with id supersecretshaders:time_stop
[20:03:51] [Render thread/INFO]: Loaded shader ShaderOptions(id=mental_fusion, effectColor=16777215, category=NEUTRAL, type=VANILLA_POST, layers={VEIL_POST=mental_fusion}, priority=1000, translucent=false, renderBlock=true, uniforms={})
[20:03:51] [Render thread/INFO]: Registered shader effect mental_fusion with id supersecretshaders:mental_fusion
[20:03:51] [Render thread/INFO]: Loaded shader ShaderOptions(id=gman_entrance, effectColor=16777215, category=NEUTRAL, type=VANILLA_POST, layers={VEIL_POST=gman_entrance}, priority=1000, translucent=false, renderBlock=true, uniforms={})
[20:03:51] [Render thread/INFO]: Registered shader effect gman_entrance with id supersecretshaders:gman_entrance
[20:03:51] [Render thread/INFO]: Loaded shader ShaderOptions(id=fog_purple_mist, effectColor=16777215, category=NEUTRAL, type=VANILLA_POST, layers={VEIL_POST=fog_purple_mist}, priority=1000, translucent=false, renderBlock=true, uniforms={})
[20:03:51] [Render thread/INFO]: Registered shader effect fog_purple_mist with id supersecretshaders:fog_purple_mist
[20:03:51] [Render thread/INFO]: Loaded shader ShaderOptions(id=limbo_reverse, effectColor=4329048, category=HARMFUL, type=VANILLA_POST, layers={RENDER_LAYER_EFFECT=limbo_reverse}, priority=1000, translucent=false, renderBlock=true, uniforms={})
[20:03:51] [Render thread/INFO]: Registered shader effect limbo_reverse with id supersecretshaders:limbo_reverse
[20:03:51] [Render thread/INFO]: Loaded shader ShaderOptions(id=limbo_phantom, effectColor=9055202, category=NEUTRAL, type=VANILLA_POST, layers={RENDER_LAYER_EFFECT=limbo_phantom}, priority=1000, translucent=false, renderBlock=true, uniforms={})
[20:03:51] [Render thread/INFO]: Registered shader effect limbo_phantom with id supersecretshaders:limbo_phantom
[20:03:51] [Render thread/INFO]: Loaded shader ShaderOptions(id=minecraft_dyes, effectColor=16701501, category=BENEFICIAL, type=VANILLA_POST, layers={RENDER_LAYER_EFFECT=minecraft_dyes}, priority=1000, translucent=false, renderBlock=true, uniforms={})
[20:03:51] [Render thread/INFO]: Registered shader effect minecraft_dyes with id supersecretshaders:minecraft_dyes
[20:03:51] [Render thread/INFO]: Loaded shader ShaderOptions(id=dye_white, effectColor=16383998, category=BENEFICIAL, type=VANILLA_POST, layers={RENDER_LAYER_EFFECT=dye_white}, priority=1000, translucent=false, renderBlock=true, uniforms={})
[20:03:51] [Render thread/INFO]: Registered shader effect dye_white with id supersecretshaders:dye_white
[20:03:51] [Render thread/INFO]: Loaded shader ShaderOptions(id=dye_orange, effectColor=16351261, category=BENEFICIAL, type=VANILLA_POST, layers={RENDER_LAYER_EFFECT=dye_orange}, priority=1000, translucent=false, renderBlock=true, uniforms={})
[20:03:51] [Render thread/INFO]: Registered shader effect dye_orange with id supersecretshaders:dye_orange
[20:03:51] [Render thread/INFO]: Loaded shader ShaderOptions(id=dye_magenta, effectColor=13061821, category=BENEFICIAL, type=VANILLA_POST, layers={RENDER_LAYER_EFFECT=dye_magenta}, priority=1000, translucent=false, renderBlock=true, uniforms={})
[20:03:51] [Render thread/INFO]: Registered shader effect dye_magenta with id supersecretshaders:dye_magenta
[20:03:51] [Render thread/INFO]: Loaded shader ShaderOptions(id=dye_light_blue, effectColor=3847130, category=BENEFICIAL, type=VANILLA_POST, layers={RENDER_LAYER_EFFECT=dye_light_blue}, priority=1000, translucent=false, renderBlock=true, uniforms={})
[20:03:51] [Render thread/INFO]: Registered shader effect dye_light_blue with id supersecretshaders:dye_light_blue
[20:03:51] [Render thread/INFO]: Loaded shader ShaderOptions(id=dye_yellow, effectColor=16701501, category=BENEFICIAL, type=VANILLA_POST, layers={RENDER_LAYER_EFFECT=dye_yellow}, priority=1000, translucent=false, renderBlock=true, uniforms={})
[20:03:51] [Render thread/INFO]: Registered shader effect dye_yellow with id supersecretshaders:dye_yellow
[20:03:51] [Render thread/INFO]: Loaded shader ShaderOptions(id=dye_lime, effectColor=8439583, category=BENEFICIAL, type=VANILLA_POST, layers={RENDER_LAYER_EFFECT=dye_lime}, priority=1000, translucent=false, renderBlock=true, uniforms={})
[20:03:51] [Render thread/INFO]: Registered shader effect dye_lime with id supersecretshaders:dye_lime
[20:03:51] [Render thread/INFO]: Loaded shader ShaderOptions(id=dye_pink, effectColor=15961002, category=BENEFICIAL, type=VANILLA_POST, layers={RENDER_LAYER_EFFECT=dye_pink}, priority=1000, translucent=false, renderBlock=true, uniforms={})
[20:03:51] [Render thread/INFO]: Registered shader effect dye_pink with id supersecretshaders:dye_pink
[20:03:51] [Render thread/INFO]: Loaded shader ShaderOptions(id=dye_gray, effectColor=4673362, category=BENEFICIAL, type=VANILLA_POST, layers={RENDER_LAYER_EFFECT=dye_gray}, priority=1000, translucent=false, renderBlock=true, uniforms={})
[20:03:51] [Render thread/INFO]: Registered shader effect dye_gray with id supersecretshaders:dye_gray
[20:03:51] [Render thread/INFO]: Loaded shader ShaderOptions(id=dye_light_gray, effectColor=10329495, category=BENEFICIAL, type=VANILLA_POST, layers={RENDER_LAYER_EFFECT=dye_light_gray}, priority=1000, translucent=false, renderBlock=true, uniforms={})
[20:03:51] [Render thread/INFO]: Registered shader effect dye_light_gray with id supersecretshaders:dye_light_gray
[20:03:51] [Render thread/INFO]: Loaded shader ShaderOptions(id=dye_cyan, effectColor=1481884, category=BENEFICIAL, type=VANILLA_POST, layers={RENDER_LAYER_EFFECT=dye_cyan}, priority=1000, translucent=false, renderBlock=true, uniforms={})
[20:03:51] [Render thread/INFO]: Registered shader effect dye_cyan with id supersecretshaders:dye_cyan
[20:03:51] [Render thread/INFO]: Loaded shader ShaderOptions(id=dye_purple, effectColor=8991416, category=BENEFICIAL, type=VANILLA_POST, layers={RENDER_LAYER_EFFECT=dye_purple}, priority=1000, translucent=false, renderBlock=true, uniforms={})
[20:03:51] [Render thread/INFO]: Registered shader effect dye_purple with id supersecretshaders:dye_purple
[20:03:51] [Render thread/INFO]: Loaded shader ShaderOptions(id=dye_blue, effectColor=3949738, category=BENEFICIAL, type=VANILLA_POST, layers={RENDER_LAYER_EFFECT=dye_blue}, priority=1000, translucent=false, renderBlock=true, uniforms={})
[20:03:51] [Render thread/INFO]: Registered shader effect dye_blue with id supersecretshaders:dye_blue
[20:03:51] [Render thread/INFO]: Loaded shader ShaderOptions(id=dye_brown, effectColor=8606770, category=BENEFICIAL, type=VANILLA_POST, layers={RENDER_LAYER_EFFECT=dye_brown}, priority=1000, translucent=false, renderBlock=true, uniforms={})
[20:03:51] [Render thread/INFO]: Registered shader effect dye_brown with id supersecretshaders:dye_brown
[20:03:51] [Render thread/INFO]: Loaded shader ShaderOptions(id=dye_green, effectColor=6192150, category=BENEFICIAL, type=VANILLA_POST, layers={RENDER_LAYER_EFFECT=dye_green}, priority=1000, translucent=false, renderBlock=true, uniforms={})
[20:03:51] [Render thread/INFO]: Registered shader effect dye_green with id supersecretshaders:dye_green
[20:03:51] [Render thread/INFO]: Loaded shader ShaderOptions(id=dye_red, effectColor=11546150, category=BENEFICIAL, type=VANILLA_POST, layers={RENDER_LAYER_EFFECT=dye_red}, priority=1000, translucent=false, renderBlock=true, uniforms={})
[20:03:51] [Render thread/INFO]: Registered shader effect dye_red with id supersecretshaders:dye_red
[20:03:51] [Render thread/INFO]: Loaded shader ShaderOptions(id=dye_black, effectColor=1908001, category=BENEFICIAL, type=VANILLA_POST, layers={RENDER_LAYER_EFFECT=dye_black}, priority=1000, translucent=false, renderBlock=true, uniforms={})
[20:03:51] [Render thread/INFO]: Registered shader effect dye_black with id supersecretshaders:dye_black
[20:03:51] [Render thread/INFO]: Loaded shader ShaderOptions(id=flashbang, effectColor=16777215, category=HARMFUL, type=VANILLA_POST, layers={VEIL_POST=flashbang}, priority=1000, translucent=false, renderBlock=true, uniforms={})
[20:03:51] [Render thread/INFO]: Registered shader effect flashbang with id supersecretshaders:flashbang
[20:03:51] [Render thread/INFO]: Loaded shader ShaderOptions(id=cake, effectColor=16766380, category=HARMFUL, type=VANILLA_POST, layers={VEIL_POST=cake}, priority=1000, translucent=false, renderBlock=true, uniforms={})
[20:03:51] [Render thread/INFO]: Registered shader effect cake with id supersecretshaders:cake
[20:03:51] [Render thread/INFO]: Loaded shader ShaderOptions(id=poison_lime, effectColor=7798531, category=HARMFUL, type=VANILLA_POST, layers={VEIL_POST=poison_lime}, priority=1000, translucent=false, renderBlock=true, uniforms={})
[20:03:51] [Render thread/INFO]: Registered shader effect poison_lime with id supersecretshaders:poison_lime
[20:03:51] [Render thread/INFO]: Loaded shader ShaderOptions(id=portal_fade_in_otter, effectColor=4317165, category=BENEFICIAL, type=VANILLA_POST, layers={VEIL_POST=portal_fade_in_otter}, priority=1000, translucent=false, renderBlock=true, uniforms={})
[20:03:51] [Render thread/INFO]: Registered shader effect portal_fade_in_otter with id supersecretshaders:portal_fade_in_otter
[20:03:51] [Render thread/INFO]: Loaded shader ShaderOptions(id=portal_loop_fade_out_otter, effectColor=4317165, category=BENEFICIAL, type=VANILLA_POST, layers={VEIL_POST=portal_loop_fade_out_otter}, priority=1000, translucent=false, renderBlock=true, uniforms={})
[20:03:51] [Render thread/INFO]: Registered shader effect portal_loop_fade_out_otter with id supersecretshaders:portal_loop_fade_out_otter
[20:03:51] [Render thread/INFO]: Loaded shader ShaderOptions(id=otter_fade_in, effectColor=4317165, category=BENEFICIAL, type=VANILLA_POST, layers={VEIL_POST=portal_fade_in_otter}, priority=1000, translucent=false, renderBlock=true, uniforms={})
[20:03:51] [Render thread/INFO]: Registered shader effect otter_fade_in with id supersecretshaders:otter_fade_in
[20:03:51] [Render thread/INFO]: Loaded shader ShaderOptions(id=otter_fade_out, effectColor=4317165, category=BENEFICIAL, type=VANILLA_POST, layers={VEIL_POST=portal_loop_fade_out_otter}, priority=1000, translucent=false, renderBlock=true, uniforms={})
[20:03:51] [Render thread/INFO]: Registered shader effect otter_fade_out with id supersecretshaders:otter_fade_out
[20:03:51] [Render thread/INFO]: Loaded shader ShaderOptions(id=momento_nutria_fade_in, effectColor=4317165, category=BENEFICIAL, type=VANILLA_POST, layers={VEIL_POST=portal_fade_in_otter}, priority=1000, translucent=false, renderBlock=true, uniforms={})
[20:03:51] [Render thread/INFO]: Registered shader effect momento_nutria_fade_in with id supersecretshaders:momento_nutria_fade_in
[20:03:51] [Render thread/INFO]: Loaded shader ShaderOptions(id=momento_nutria_fade_out, effectColor=4317165, category=BENEFICIAL, type=VANILLA_POST, layers={VEIL_POST=portal_loop_fade_out_otter}, priority=1000, translucent=false, renderBlock=true, uniforms={})
[20:03:51] [Render thread/INFO]: Registered shader effect momento_nutria_fade_out with id supersecretshaders:momento_nutria_fade_out
[20:03:51] [Render thread/INFO]: TotemAPI initialized with 2 totem type(s)
[20:03:51] [Render thread/ERROR]: No data fixer registered for sulfur_cube
[20:03:51] [Render thread/ERROR]: No data fixer registered for creaking
[20:03:51] [Render thread/ERROR]: No data fixer registered for happy_ghast
[20:03:51] [Render thread/ERROR]: No data fixer registered for pale_oak_boat
[20:03:51] [Render thread/ERROR]: No data fixer registered for pale_oak_chest_boat
[20:03:51] [Render thread/INFO]: Veil is initializing.
[20:03:51] [Render thread/INFO]: Running WATERFrAMES v2.1.22
[20:03:51] [Render thread/WARN]: Stub running successfully
[20:03:51] [Render thread/INFO]: Registering S2C receiver with id architectury:spawn_entity_packet
[20:03:51] [Render thread/INFO]: Initializing bigbrain shared entrypoint
[20:03:51] [Render thread/INFO]: Loaded new block 'area_limit_block'
[20:03:51] [Render thread/INFO]: Loaded new block entity 'area_limit_block'
[20:03:51] [Render thread/INFO]: Loaded new block 'air_point_block'
[20:03:51] [Render thread/INFO]: Loaded new block entity 'air_point_block'
[20:03:51] [Render thread/INFO]: Loaded new block 'ground_point_block'
[20:03:51] [Render thread/INFO]: Loaded new block entity 'ground_point_block'
[20:03:51] [Render thread/INFO]: Loaded new block 'car_point_block'
[20:03:51] [Render thread/INFO]: Loaded new block entity 'car_point_block'
[20:03:51] [Render thread/INFO]: Loaded new block 'intersection_limit_block'
[20:03:51] [Render thread/INFO]: Loaded new block entity 'intersection_limit_block'
[20:03:51] [Render thread/INFO]: Loaded new block 'player_barrier_block'
[20:03:51] [Render thread/INFO]: Loaded new block entity 'player_barrier_block'
[20:03:51] [Render thread/INFO]: Loaded new block 'vibration_detector_block'
[20:03:51] [Render thread/INFO]: Loaded new block entity 'vibration_detector_block'
[20:03:51] [Render thread/INFO]: Loaded new block 'player_tag_barrier_block'
[20:03:51] [Render thread/INFO]: Loaded new block entity 'player_tag_barrier_block'
[20:03:51] [Render thread/INFO]: Loaded new block 'toggleable_collision_block'
[20:03:51] [Render thread/INFO]: Loaded new block entity 'toggleable_collision_block'
[20:03:51] [Render thread/INFO]: Loaded 4 local cinematics
[20:03:51] [Render thread/INFO]: Starting d4gulaggames mod with Separate Ways Template
[20:03:51] [Render thread/INFO]: Minijuego 'chase' registrado
[20:03:51] [Render thread/INFO]: Minijuego 'collect' registrado
[20:03:51] [Render thread/INFO]: Minijuego 'spacecapture' registrado
[20:03:51] [Render thread/INFO]: Minijuego 'megaphone' registrado
[20:03:51] [Render thread/INFO]: Starting d4potatogulag mod with Separate Ways Template
[20:03:51] [Render thread/INFO]: Starting d4questiongame mod with Separate Ways Template
[20:03:51] [Render thread/INFO]: Starting d4shadersutils mod with Separate Ways Template
[20:03:51] [Render thread/INFO]: Initializing Morpher API
[20:03:51] [Render thread/INFO]: Registered 4 Morpher space render layers: otter_space, otter_space_aurora, otter_space_core, otter_space_trim
[20:03:51] [Render thread/INFO]: Initializing dedsafioentities shared entrypoint
[20:03:51] [Render thread/INFO]: Using Flashlight Setting of dreamsutils
[20:03:51] [Render thread/INFO]: [ETF]: Modifying ETF Render State constructor because: for EMF
[20:03:51] [Render thread/INFO]: Loading Entity Model Features, 90 =1.5707964!
[20:03:51] [Render thread/INFO]: [ETF]: 6 new ETF Random Properties registered by entity_model_features
[20:03:51] [Render thread/INFO]: Loading Entity Texture Features, now available for Terraria!
[20:03:51] [Render thread/INFO]: [BetterBlocks] Initializing Better Blocks Client
[20:03:51] [Render thread/INFO]: [BetterBlocks] Initialized Better Blocks Client
[20:03:51] [Render thread/INFO]: Starting Eufonia Core
[20:03:51] [Render thread/INFO]: Selector eufoniacore:region has been registered successfully.
[20:03:51] [Render thread/INFO]: Loading EufoniaEntities client
[20:03:52] [Render thread/INFO]: Registering eufoniaweapons components
[20:03:52] [Render thread/INFO]: [Indigo] Different rendering plugin detected; not applying Indigo.
[20:03:52] [Render thread/INFO]: Loaded config fzzy_config:keybinds in 163ms
[20:03:52] [Render thread/INFO]: Deserializing ImmersiveHotbarConfig from '/home/paullexd/.var/app/studio.eufonia.EufoniaClient/data/studio.eufonia.EufoniaClient/instances/019c97d2d6d07310ae7e6d4002276d51/config/immersive-hotbar.json5'
[20:03:52] [Render thread/INFO]: [LambDynLights] Initializing LambDynamicLights...
[20:03:52] [Render thread/INFO]: [LambDynLights] Configuration loaded.
[20:03:52] [Render thread/INFO]: Starting Light System
[20:03:52] [Render thread/INFO]: Checking mod updates...
[20:03:52] [Render thread/WARN]: Mods contain each other as parents: [cinematicstudio]
[20:03:52] [Render thread/INFO]: Initializing Morpher Client
[20:03:52] [Render thread/INFO]: Register custom controller with id: basic_emote
[20:03:52] [Render thread/INFO]: Initializing Morpher GPU render path (Veil)
[20:03:52] [Render thread/INFO]: Initializing Morpher Defaults
[20:03:52] [Render thread/INFO]: Starting mythichardcore mod with Separate Ways Template
[20:03:52] [Render thread/INFO]: Configuration folder for class InfiniteDarknessFeature not found, creating one
[20:03:52] [Render thread/INFO]: Feature 'infinite_darkness' registered successfully (InfiniteDarknessFeature)
[20:03:52] [Render thread/INFO]: Configuration folder for class HitFeature not found, creating one
[20:03:52] [Render thread/INFO]: Feature 'pve' registered successfully (HitFeature)
[20:03:52] [Render thread/INFO]: Configuration folder for class SunburnFeature not found, creating one
[20:03:52] [Render thread/INFO]: Feature 'sunburn' registered successfully (SunburnFeature)
[20:03:52] [Render thread/INFO]: Configuration folder for class SunLookFeature not found, creating one
[20:03:52] [Render thread/INFO]: Feature 'sun_look' registered successfully (SunLookFeature)
[20:03:52] [Render thread/INFO]: Configuration folder for class MoonLookFeature not found, creating one
[20:03:52] [Render thread/INFO]: Feature 'moon_look' registered successfully (MoonLookFeature)
[20:03:52] [Render thread/INFO]: Configuration folder for class AcidRainFeature not found, creating one
[20:03:52] [Render thread/INFO]: Feature 'acid_rain' registered successfully (AcidRainFeature)
[20:03:52] [Render thread/INFO]: Configuration folder for class ToxicRainFeature not found, creating one
[20:03:52] [Render thread/INFO]: Feature 'toxic_rain' registered successfully (ToxicRainFeature)
[20:03:52] [Render thread/INFO]: Configuration folder for class BlockTouchDamageFeature not found, creating one
[20:03:52] [Render thread/INFO]: Feature 'block_touch_oneshot' registered successfully (BlockTouchDamageFeature)
[20:03:52] [Render thread/INFO]: Configuration folder for class LimboWaterFeature not found, creating one
[20:03:52] [Render thread/INFO]: Feature 'limbo_water' registered successfully (LimboWaterFeature)
[20:03:52] [Render thread/INFO]: Configuration folder for class LimboWaterPermaFeature not found, creating one
[20:03:52] [Render thread/INFO]: Feature 'limbo_water_perma' registered successfully (LimboWaterPermaFeature)
[20:03:52] [Render thread/INFO]: Configuration folder for class NoMilkFeature not found, creating one
[20:03:52] [Render thread/INFO]: Feature 'no_milk' registered successfully (NoMilkFeature)
[20:03:52] [Render thread/INFO]: Configuration folder for class PlayerShuffleFeature not found, creating one
[20:03:52] [Render thread/INFO]: Feature 'shuffle_players' registered successfully (PlayerShuffleFeature)
[20:03:52] [Render thread/INFO]: Configuration folder for class NoRegenFeature not found, creating one
[20:03:52] [Render thread/INFO]: Feature 'no_regen' registered successfully (NoRegenFeature)
[20:03:52] [Render thread/INFO]: Starting mythicsky mod with Separate Ways Template
[20:03:52] [Render thread/ERROR]: [megaphone] no se pudo inicializar la fuente del microfono
su.plo.voice.api.client.audio.device.DeviceException: Output device is null
	at su.plo.voice.client.audio.source.ClientLoopbackSource.lambda$initialize$0(ClientLoopbackSource.java:45) ~[0197de5fb0e174b18551e21ca070aaf1.jar:?]
	at java.base/java.util.Optional.orElseThrow(Optional.java:403) ~[?:?]
	at su.plo.voice.client.audio.source.ClientLoopbackSource.initialize(ClientLoopbackSource.java:45) ~[0197de5fb0e174b18551e21ca070aaf1.jar:?]
	at studio.eufonia.d4gulaggames.client.megaphone.voice.microphone.MicrophoneActivationManager.initializeLoopbackSource(MicrophoneActivationManager.java:124) ~[01a01c138b5b72d393b108fbc18ad18a.jar:?]
	at studio.eufonia.d4gulaggames.client.megaphone.voice.microphone.MicrophoneActivationManager.start(MicrophoneActivationManager.java:59) ~[01a01c138b5b72d393b108fbc18ad18a.jar:?]
	at studio.eufonia.d4gulaggames.client.megaphone.voice.render.RenderThreshold.<init>(RenderThreshold.java:28) ~[01a01c138b5b72d393b108fbc18ad18a.jar:?]
	at studio.eufonia.d4gulaggames.client.megaphone.voice.MegaphoneVoiceAddon.onAddonInitialize(MegaphoneVoiceAddon.java:43) ~[01a01c138b5b72d393b108fbc18ad18a.jar:?]
	at su.plo.voice.addon.VoiceAddonManager.initializeAddon(VoiceAddonManager.kt:130) ~[0197de5fb0e174b18551e21ca070aaf1.jar:?]
	at su.plo.voice.addon.VoiceAddonManager.initializeLoadedAddons(VoiceAddonManager.kt:91) ~[0197de5fb0e174b18551e21ca070aaf1.jar:?]
	at su.plo.voice.client.BaseVoiceClient.onInitialize(BaseVoiceClient.java:152) ~[0197de5fb0e174b18551e21ca070aaf1.jar:?]
	at su.plo.voice.client.ModVoiceClient.onInitializeClient(ModVoiceClient.java:171) ~[0197de5fb0e174b18551e21ca070aaf1.jar:?]
	at net.fabricmc.loader.impl.FabricLoaderImpl.invokeEntrypoints(FabricLoaderImpl.java:409) [01a0a78df1bf7963bdd2af80b67dd61f.jar:?]
	at net.fabricmc.loader.impl.game.minecraft.Hooks.startClient(Hooks.java:53) [01a0a78df1bf7963bdd2af80b67dd61f.jar:?]
	at net.minecraft.class_310.<init>(class_310.java:477) [client-intermediary.jar:?]
	at net.minecraft.client.main.Main.main(Main.java:239) [client-intermediary.jar:?]
	at net.fabricmc.loader.impl.game.minecraft.MinecraftGameProvider.launch(MinecraftGameProvider.java:517) [01a0a78df1bf7963bdd2af80b67dd61f.jar:?]
	at net.fabricmc.loader.impl.launch.knot.Knot.launch(Knot.java:72) [01a0a78df1bf7963bdd2af80b67dd61f.jar:?]
	at net.fabricmc.loader.impl.launch.knot.KnotClient.main(KnotClient.java:23) [01a0a78df1bf7963bdd2af80b67dd61f.jar:?]
[20:03:52] [Render thread/INFO]: d4gulaggames v1.0.0 by MitosV loaded
[20:03:52] [Render thread/INFO]: Initializing ShaderEntities client
[20:03:52] [Render thread/INFO]: [ShaderBlockClient] Inicializando cliente de ShaderBlock...
[20:03:52] [Render thread/INFO]: [ShaderBlockClient] Pipeline de shaders de bloques cargado con éxito.
[20:03:52] [Render thread/INFO]: Starting spaceship mod with Separate Ways Template
[20:03:52] [Render thread/INFO]: Register custom keys
[20:03:52] [Render thread/INFO]: Initializing betterleaderboards shared entrypoint
[20:03:52] [Render thread/INFO]: [STDOUT]: [LibGui] Initializing Client...
[20:03:53] [Render thread/INFO]: Starting VEngine
[20:03:53] [Render thread/INFO]: Preparing 'WATERMeDIA' on 'Fabric'
[20:03:53] [Render thread/INFO]: WaterMedia version '2.1.30'
[20:03:53] [Render thread/INFO]: OS Detected: Linux (x86-64)
[20:03:53] [Render thread/INFO]: Runtime memory Usage: 1209MB/6144MB
[20:03:53] [Render thread/INFO]: Starting CacheAPI
[20:03:53] [Render thread/INFO]: Mounted on path '/tmp/watermedia/cache/pictures'
[20:03:53] [Render thread/INFO]: Module CacheAPI loaded successfully
[20:03:53] [Render thread/INFO]: Starting PlayerAPI
[20:03:53] [Render thread/INFO]: Binaries are not wrapped
[20:03:53] [Render thread/WARN]: [NOT A BUG] WATERMeDIA doesn't contains VLC binaries for your OS and ARCH, you had to download it manually from 'https://www.videolan.org/vlc/'
[20:03:53] [Render thread/INFO]: Searching using 'Eufonia Client VLC Provider'
[20:03:53] [Render thread/INFO]: Searching on '/app/extensions/VLC/lib'
[20:03:53] [Render thread/INFO]: Searching on '/app/extensions/VLC/lib/vlc'
[20:03:53] [Render thread/ERROR]: Plugins path '/app/extensions/VLC/lib/plugins' doesn't exist or cannot be accessed, DebugDirectory{path='/app/extensions/VLC/lib/plugins', exists=false, directory=false, readable=false, executable=false, hidden=false}
[20:03:53] [Render thread/INFO]: Setting plugins path to '/app/extensions/VLC/lib/vlc/plugins'
[20:03:53] [Render thread/INFO]: Founded VLC binaries in '/app/extensions/VLC/lib' using 'Eufonia Client VLC Provider', running test...
[20:03:53] [Render thread/INFO]: VLC test instance created successfully
[20:03:53] [Render thread/INFO]: Successfully loaded VLC 3.0.23 Vetinari in '/app/extensions/VLC/lib' using 'Eufonia Client VLC Provider'
[20:03:53] [Render thread/INFO]: Created new VLC instance with ID 'watermedia:default' with args: '[--no-quiet, --network-synchronisation, --network-caching=4000, --live-caching=4000, --file-caching=2000, --no-metadata-network-access, --no-file-logging, --http-reconnect]'
[20:03:53] [Render thread/INFO]: Created new VLC instance with ID 'watermedia:sound_only' with args: '[--no-quiet, --network-synchronisation, --network-caching=4000, --live-caching=4000, --file-caching=2000, --no-metadata-network-access, --no-file-logging, --http-reconnect, --vout=none]'
[20:03:53] [Render thread/INFO]: Module PlayerAPI loaded successfully
[20:03:53] [Render thread/INFO]: Starting ImageAPI
[20:03:53] [Render thread/INFO]: Loading image resources in a ImageRenderer instance
[20:03:53] [Render thread/INFO]: Module ImageAPI loaded successfully
[20:03:53] [Render thread/INFO]: Starting RenderAPI
[20:03:53] [Render thread/INFO]: Module RenderAPI loaded successfully
[20:03:53] [Render thread/INFO]: Starting NetworkAPI
[20:03:53] [Render thread/INFO]: Module NetworkAPI loaded successfully
[20:03:53] [Render thread/INFO]: Setting up shutdown hook
[20:03:53] [Render thread/INFO]: Startup finished
[20:03:53] [Render thread/INFO]: Are you ready for trouble?
[20:03:53] [Render thread/INFO]: Loading Xaero's Minimap - Stage 1/2
[20:03:53] [Render thread/INFO]: Loading Xaero's World Map - Stage 1/2
[20:03:53] [Worker-Main-1/INFO]: Update available for 'sodium-extra@0.6.0+mc1.21.1', (-> mc1.21.1-0.9.4+fabric)
[20:03:53] [Worker-Main-1/INFO]: Update available for 'fancymenu@3.5.0', (-> 3.9.12-1.21.1-fabric)
[20:03:53] [Worker-Main-1/INFO]: Update available for 'lambdynlights@3.1.2+1.21.1', (-> 4.8.11+1.21.1)
[20:03:53] [Worker-Main-1/INFO]: Update available for 'languagereload@1.7.1+1.21.1', (-> 1.7.6+1.21.1)
[20:03:53] [Worker-Main-1/INFO]: Update available for 'architectury@13.0.8', (-> 13.0.11+fabric)
[20:03:53] [Worker-Main-1/INFO]: Update available for 'waveycapes@1.6.1.1', (-> 1.11.1)
[20:03:53] [Worker-Main-1/INFO]: Update available for 'ferritecore@7.0.2-hotfix', (-> 7.0.3-fabric)
[20:03:53] [Worker-Main-1/INFO]: Update available for 'fabric-api@0.116.11+1.21.1', (-> 0.116.17+1.21.1)
[20:03:53] [Worker-Main-1/INFO]: Update available for 'modmenu@11.0.3', (-> 11.0.4)
[20:03:53] [Worker-Main-1/INFO]: Update available for 'xaeroworldmap@1.39.4', (-> fabric-1.21.1-1.46.0)
[20:03:53] [Worker-Main-1/INFO]: Update available for 'xaerominimap@25.2.0', (-> fabric-1.21.1-26.5.0)
[20:03:53] [Worker-Main-1/INFO]: Update available for 'reeses-sodium-options@1.8.3+mc1.21.4', (-> mc1.21.1-2.2.4+fabric)
[20:03:53] [Worker-Main-1/INFO]: Update available for 'geckolib@4.7.6', (-> 4.9.3)
[20:03:53] [Worker-Main-1/INFO]: Update available for 'cubes-without-borders@2.1.1+1.21', (-> 3.0.0+1.21)
[20:03:53] [Worker-Main-1/INFO]: Update available for 'modernfix@5.24.0+mc1.21.1', (-> 5.25.1+mc1.21.1)
[20:03:53] [Worker-Main-1/INFO]: Update available for 'yet_another_config_lib_v3@3.8.1+1.21.1-fabric', (-> 3.8.2+1.21.1-fabric)
[20:03:53] [Worker-Main-1/INFO]: Update available for 'entity_texture_features@7.1', (-> 7.2.2-fabric-1.21)
[20:03:53] [Worker-Main-1/INFO]: Update available for 'sodium@0.6.13+mc1.21.1', (-> mc1.21.1-0.8.13-fabric)
[20:03:53] [Worker-Main-1/INFO]: Update available for 'entity_model_features@3.2.4', (-> 3.3.6-fabric-1.21)
[20:03:53] [Worker-Main-1/INFO]: Update available for 'lithium@0.15.0+mc1.21.1', (-> mc1.21.1-0.15.4-fabric)
[20:03:55] [Render thread/INFO]: Deserializing YACLConfig from '/home/paullexd/.var/app/studio.eufonia.EufoniaClient/data/studio.eufonia.EufoniaClient/instances/019c97d2d6d07310ae7e6d4002276d51/config/yacl.json5'
[20:03:55] [Render thread/ERROR]: Registry 'minecraft:wolf_sound_variant' was empty after loading
[20:03:55] [Render thread/ERROR]: Registry 'minecraft:cow_variant' was empty after loading
[20:03:55] [Render thread/ERROR]: Registry 'minecraft:chicken_variant' was empty after loading
[20:03:55] [Render thread/ERROR]: Registry 'minecraft:pig_variant' was empty after loading
[20:03:55] [Render thread/ERROR]: Registry 'vanillabackport:wolf_variant' was empty after loading
[20:03:55] [Render thread/ERROR]: Registry 'vanillabackport:frog_variant' was empty after loading
[20:03:55] [Render thread/ERROR]: Registry 'vanillabackport:cat_variant' was empty after loading
[20:03:55] [Render thread/ERROR]: Registry 'vanillabackport:sulfur_cube_archetypes' was empty after loading
[20:03:55] [Render thread/WARN]: FileSystem for eufoniaentities 3.1.4-dedsafio4 has been closed unexpectedly, existing root path references may break!
[20:03:55] [Render thread/WARN]: FileSystem for eufoniaitems 3.0.2-dedsafio4 has been closed unexpectedly, existing root path references may break!
[20:03:55] [Render thread/WARN]: FileSystem for eufoniaweapons 1.32.1-dedsafio4 has been closed unexpectedly, existing root path references may break!
[20:03:55] [Render thread/INFO]: Backend library: LWJGL version 3.3.3-snapshot
[20:03:55] [Render thread/INFO]: Modifying process environment to apply workarounds for the NVIDIA graphics driver...
[20:03:55] [Render thread/INFO]: OpenGL Vendor: NVIDIA Corporation
[20:03:55] [Render thread/INFO]: OpenGL Renderer: NVIDIA GeForce RTX 4060/PCIe/SSE2
[20:03:55] [Render thread/INFO]: OpenGL Version: 3.3.0 NVIDIA 595.84
[20:03:55] [Render thread/INFO]: Modifying OpenGL context to apply workarounds for the NVIDIA graphics driver...
[20:03:55] [Render thread/INFO]: BRRP register - before vanilla
[20:03:55] [Render thread/INFO]: BRRP register - after vanilla
[20:03:55] [Render thread/INFO]: BRRP register - before user
[20:03:55] [Render thread/INFO]: GL Debug supported
[20:03:56] [Render thread/INFO]: OpenGL debug message: id=1282, source=API, type=ERROR, severity=HIGH, message='GL_INVALID_OPERATION error generated. Texture type and format combination is not valid.'
[20:03:56] [Render thread/INFO]: [FANCYMENU] Registering resource reload listener..
[20:03:56] [Render thread/INFO]: OpenGL debug message: id=1282, source=API, type=ERROR, severity=HIGH, message='GL_INVALID_OPERATION error generated. Texture type and format combination is not valid.'
[20:03:56] [Render thread/ERROR]: Error while loading the narrator
com.mojang.text2speech.Narrator$InitializeException: Failed to load library flite
	at com.mojang.text2speech.NarratorLinux$FliteLibrary.loadNative(NarratorLinux.java:69) ~[text2speech-1.17.9.jar:?]
	at com.mojang.text2speech.NarratorLinux.<init>(NarratorLinux.java:18) ~[text2speech-1.17.9.jar:?]
	at com.mojang.text2speech.Narrator.getNarrator(Narrator.java:41) [text2speech-1.17.9.jar:?]
	at net.minecraft.class_333.<init>(class_333.java:19) [client-intermediary.jar:?]
	at net.minecraft.class_310.<init>(class_310.java:675) [client-intermediary.jar:?]
	at net.minecraft.client.main.Main.main(Main.java:239) [client-intermediary.jar:?]
	at net.fabricmc.loader.impl.game.minecraft.MinecraftGameProvider.launch(MinecraftGameProvider.java:517) [01a0a78df1bf7963bdd2af80b67dd61f.jar:?]
	at net.fabricmc.loader.impl.launch.knot.Knot.launch(Knot.java:72) [01a0a78df1bf7963bdd2af80b67dd61f.jar:?]
	at net.fabricmc.loader.impl.launch.knot.KnotClient.main(KnotClient.java:23) [01a0a78df1bf7963bdd2af80b67dd61f.jar:?]
Caused by: java.lang.UnsatisfiedLinkError: Unable to load library 'flite':
libflite.so: no se puede abrir el fichero del objeto compartido: No existe el fichero o el directorio
libflite.so: no se puede abrir el fichero del objeto compartido: No existe el fichero o el directorio
Native library (linux-x86-64/libflite.so) not found in resource path (/home/paullexd/.var/app/studio.eufonia.EufoniaClient/data/studio.eufonia.EufoniaClient/libraries/net/minecraft/client/1.21.1.jar:/home/paullexd/.var/app/studio.eufonia.EufoniaClient/data/studio.eufonia.EufoniaClient/libraries/ca/weblite/java-objc-bridge/1.1/java-objc-bridge-1.1.jar:/home/paullexd/.var/app/studio.eufonia.EufoniaClient/data/studio.eufonia.EufoniaClient/libraries/com/github/oshi/oshi-core/6.4.10/oshi-core-6.4.10.jar:/home/paullexd/.var/app/studio.eufonia.EufoniaClient/data/studio.eufonia.EufoniaClient/libraries/com/google/code/gson/gson/2.10.1/gson-2.10.1.jar:/home/paullexd/.var/app/studio.eufonia.EufoniaClient/data/studio.eufonia.EufoniaClient/libraries/com/google/guava/failureaccess/1.0.1/failureaccess-1.0.1.jar:/home/paullexd/.var/app/studio.eufonia.EufoniaClient/data/studio.eufonia.EufoniaClient/libraries/com/google/guava/guava/32.1.2-jre/guava-32.1.2-jre.jar:/home/paullexd/.var/app/studio.eufonia.EufoniaClient/data/studio.eufonia.EufoniaClient/libraries/com/ibm/icu/icu4j/73.2/icu4j-73.2.jar:/home/paullexd/.var/app/studio.eufonia.EufoniaClient/data/studio.eufonia.EufoniaClient/libraries/com/mojang/authlib/6.0.54/authlib-6.0.54.jar:/home/paullexd/.var/app/studio.eufonia.EufoniaClient/data/studio.eufonia.EufoniaClient/libraries/com/mojang/blocklist/1.0.10/blocklist-1.0.10.jar:/home/paullexd/.var/app/studio.eufonia.EufoniaClient/data/studio.eufonia.EufoniaClient/libraries/com/mojang/brigadier/1.3.10/brigadier-1.3.10.jar:/home/paullexd/.var/app/studio.eufonia.EufoniaClient/data/studio.eufonia.EufoniaClient/libraries/com/mojang/datafixerupper/8.0.16/datafixerupper-8.0.16.jar:/home/paullexd/.var/app/studio.eufonia.EufoniaClient/data/studio.eufonia.EufoniaClient/libraries/com/mojang/logging/1.2.7/logging-1.2.7.jar:/home/paullexd/.var/app/studio.eufonia.EufoniaClient/data/studio.eufonia.EufoniaClient/libraries/com/mojang/patchy/2.2.10/patchy-2.2.10.jar:/home/paullexd/.var/app/studio.eufonia.EufoniaClient/data/studio.eufonia.EufoniaClient/libraries/com/mojang/text2speech/1.17.9/text2speech-1.17.9.jar:/home/paullexd/.var/app/studio.eufonia.EufoniaClient/data/studio.eufonia.EufoniaClient/libraries/commons-codec/commons-codec/1.16.0/commons-codec-1.16.0.jar:/home/paullexd/.var/app/studio.eufonia.EufoniaClient/data/studio.eufonia.EufoniaClient/libraries/commons-io/commons-io/2.15.1/commons-io-2.15.1.jar:/home/paullexd/.var/app/studio.eufonia.EufoniaClient/data/studio.eufonia.EufoniaClient/libraries/commons-logging/commons-logging/1.2/commons-logging-1.2.jar:/home/paullexd/.var/app/studio.eufonia.EufoniaClient/data/studio.eufonia.EufoniaClient/libraries/io/netty/netty-buffer/4.1.97.Final/netty-buffer-4.1.97.Final.jar:/home/paullexd/.var/app/studio.eufonia.EufoniaClient/data/studio.eufonia.EufoniaClient/libraries/io/netty/netty-codec/4.1.97.Final/netty-codec-4.1.97.Final.jar:/home/paullexd/.var/app/studio.eufonia.EufoniaClient/data/studio.eufonia.EufoniaClient/libraries/io/netty/netty-common/4.1.97.Final/netty-common-4.1.97.Final.jar:/home/paullexd/.var/app/studio.eufonia.EufoniaClient/data/studio.eufonia.EufoniaClient/libraries/io/netty/netty-handler/4.1.97.Final/netty-handler-4.1.97.Final.jar:/home/paullexd/.var/app/studio.eufonia.EufoniaClient/data/studio.eufonia.EufoniaClient/libraries/io/netty/netty-resolver/4.1.97.Final/netty-resolver-4.1.97.Final.jar:/home/paullexd/.var/app/studio.eufonia.EufoniaClient/data/studio.eufonia.EufoniaClient/libraries/io/netty/netty-transport-classes-epoll/4.1.97.Final/netty-transport-classes-epoll-4.1.97.Final.jar:/home/paullexd/.var/app/studio.eufonia.EufoniaClient/data/studio.eufonia.EufoniaClient/libraries/io/netty/netty-transport-native-epoll/4.1.97.Final/netty-transport-native-epoll-4.1.97.Final-linux-aarch_64.jar:/home/paullexd/.var/app/studio.eufonia.EufoniaClient/data/studio.eufonia.EufoniaClient/libraries/io/netty/netty-transport-native-epoll/4.1.97.Final/netty-transport-native-epoll-4.1.97.Final-linux-x86_64.jar:/home/paullexd/.var/app/studio.eufonia.EufoniaClient/data/studio.eufonia.EufoniaClient/libraries/io/netty/netty-transport-native-unix-common/4.1.97.Final/netty-transport-native-unix-common-4.1.97.Final.jar:/home/paullexd/.var/app/studio.eufonia.EufoniaClient/data/studio.eufonia.EufoniaClient/libraries/io/netty/netty-transport/4.1.97.Final/netty-transport-4.1.97.Final.jar:/home/paullexd/.var/app/studio.eufonia.EufoniaClient/data/studio.eufonia.EufoniaClient/libraries/it/unimi/dsi/fastutil/8.5.12/fastutil-8.5.12.jar:/home/paullexd/.var/app/studio.eufonia.EufoniaClient/data/studio.eufonia.EufoniaClient/libraries/net/java/dev/jna/jna-platform/5.14.0/jna-platform-5.14.0.jar:/home/paullexd/.var/app/studio.eufonia.EufoniaClient/data/studio.eufonia.EufoniaClient/libraries/net/java/dev/jna/jna/5.14.0/jna-5.14.0.jar:/home/paullexd/.var/app/studio.eufonia.EufoniaClient/data/studio.eufonia.EufoniaClient/libraries/net/sf/jopt-simple/jopt-simple/5.0.4/jopt-simple-5.0.4.jar:/home/paullexd/.var/app/studio.eufonia.EufoniaClient/data/studio.eufonia.EufoniaClient/libraries/org/apache/commons/commons-compress/1.26.0/commons-compress-1.26.0.jar:/home/paullexd/.var/app/studio.eufonia.EufoniaClient/data/studio.eufonia.EufoniaClient/libraries/org/apache/commons/commons-lang3/3.14.0/commons-lang3-3.14.0.jar:/home/paullexd/.var/app/studio.eufonia.EufoniaClient/data/studio.eufonia.EufoniaClient/libraries/org/apache/httpcomponents/httpclient/4.5.13/httpclient-4.5.13.jar:/home/paullexd/.var/app/studio.eufonia.EufoniaClient/data/studio.eufonia.EufoniaClient/libraries/org/apache/httpcomponents/httpcore/4.4.16/httpcore-4.4.16.jar:/home/paullexd/.var/app/studio.eufonia.EufoniaClient/data/studio.eufonia.EufoniaClient/libraries/org/apache/logging/log4j/log4j-api/2.22.1/log4j-api-2.22.1.jar:/home/paullexd/.var/app/studio.eufonia.EufoniaClient/data/studio.eufonia.EufoniaClient/libraries/org/apache/logging/log4j/log4j-core/2.22.1/log4j-core-2.22.1.jar:/home/paullexd/.var/app/studio.eufonia.EufoniaClient/data/studio.eufonia.EufoniaClient/libraries/org/apache/logging/log4j/log4j-slf4j2-impl/2.22.1/log4j-slf4j2-impl-2.22.1.jar:/home/paullexd/.var/app/studio.eufonia.EufoniaClient/data/studio.eufonia.EufoniaClient/libraries/org/jcraft/jorbis/0.0.17/jorbis-0.0.17.jar:/home/paullexd/.var/app/studio.eufonia.EufoniaClient/data/studio.eufonia.EufoniaClient/libraries/org/joml/joml/1.10.5/joml-1.10.5.jar:/home/paullexd/.var/app/studio.eufonia.EufoniaClient/data/studio.eufonia.EufoniaClient/libraries/org/lwjgl/lwjgl-freetype/3.3.3/lwjgl-freetype-3.3.3.jar:/home/paullexd/.var/app/studio.eufonia.EufoniaClient/data/studio.eufonia.EufoniaClient/libraries/org/lwjgl/lwjgl-freetype/3.3.3/lwjgl-freetype-3.3.3-natives-linux.jar:/home/paullexd/.var/app/studio.eufonia.EufoniaClient/data/studio.eufonia.EufoniaClient/libraries/org/lwjgl/lwjgl-freetype/3.3.3/lwjgl-freetype-3.3.3-natives-macos-arm64.jar:/home/paullexd/.var/app/studio.eufonia.EufoniaClient/data/studio.eufonia.EufoniaClient/libraries/org/lwjgl/lwjgl-freetype/3.3.3/lwjgl-freetype-3.3.3-natives-macos-patch.jar:/home/paullexd/.var/app/studio.eufonia.EufoniaClient/data/studio.eufonia.EufoniaClient/libraries/org/lwjgl/lwjgl-freetype/3.3.3/lwjgl-freetype-3.3.3-natives-windows.jar:/home/paullexd/.var/app/studio.eufonia.EufoniaClient/data/studio.eufonia.EufoniaClient/libraries/org/lwjgl/lwjgl-freetype/3.3.3/lwjgl-freetype-3.3.3-natives-windows-arm64.jar:/home/paullexd/.var/app/studio.eufonia.EufoniaClient/data/studio.eufonia.EufoniaClient/libraries/org/lwjgl/lwjgl-freetype/3.3.3/lwjgl-freetype-3.3.3-natives-windows-x86.jar:/home/paullexd/.var/app/studio.eufonia.EufoniaClient/data/studio.eufonia.EufoniaClient/libraries/org/lwjgl/lwjgl-glfw/3.3.3/lwjgl-glfw-3.3.3.jar:/home/paullexd/.var/app/studio.eufonia.EufoniaClient/data/studio.eufonia.EufoniaClient/libraries/org/lwjgl/lwjgl-glfw/3.3.3/lwjgl-glfw-3.3.3-natives-linux.jar:/home/paullexd/.var/app/studio.eufonia.EufoniaClient/data/studio.eufonia.EufoniaClient/libraries/org/lwjgl/lwjgl-glfw/3.3.3/lwjgl-glfw-3.3.3-natives-macos.jar:/home/paullexd/.var/app/studio.eufonia.EufoniaClient/data/studio.eufonia.EufoniaClient/libraries/org/lwjgl/lwjgl-glfw/3.3.3/lwjgl-glfw-3.3.3-natives-macos-arm64.jar:/home/paullexd/.var/app/studio.eufonia.EufoniaClient/data/studio.eufonia.EufoniaClient/libraries/org/lwjgl/lwjgl-glfw/3.3.3/lwjgl-glfw-3.3.3-natives-windows.jar:/home/paullexd/.var/app/studio.eufonia.EufoniaClient/data/studio.eufonia.EufoniaClient/libraries/org/lwjgl/lwjgl-glfw/3.3.3/lwjgl-glfw-3.3.3-natives-windows-arm64.jar:/home/paullexd/.var/app/studio.eufonia.EufoniaClient/data/studio.eufonia.EufoniaClient/libraries/org/lwjgl/lwjgl-glfw/3.3.3/lwjgl-glfw-3.3.3-natives-windows-x86.jar:/home/paullexd/.var/app/studio.eufonia.EufoniaClient/data/studio.eufonia.EufoniaClient/libraries/org/lwjgl/lwjgl-jemalloc/3.3.3/lwjgl-jemalloc-3.3.3.jar:/home/paullexd/.var/app/studio.eufonia.EufoniaClient/data/studio.eufonia.EufoniaClient/libraries/org/lwjgl/lwjgl-jemalloc/3.3.3/lwjgl-jemalloc-3.3.3-natives-linux.jar:/home/paullexd/.var/app/studio.eufonia.EufoniaClient/data/studio.eufonia.EufoniaClient/libraries/org/lwjgl/lwjgl-jemalloc/3.3.3/lwjgl-jemalloc-3.3.3-natives-macos.jar:/home/paullexd/.var/app/studio.eufonia.EufoniaClient/data/studio.eufonia.EufoniaClient/libraries/org/lwjgl/lwjgl-jemalloc/3.3.3/lwjgl-jemalloc-3.3.3-natives-macos-arm64.jar:/home/paullexd/.var/app/studio.eufonia.EufoniaClient/data/studio.eufonia.EufoniaClient/libraries/org/lwjgl/lwjgl-jemalloc/3.3.3/lwjgl-jemalloc-3.3.3-natives-windows.jar:/home/paullexd/.var/app/studio.eufonia.EufoniaClient/data/studio.eufonia.EufoniaClient/libraries/org/lwjgl/lwjgl-jemalloc/3.3.3/lwjgl-jemalloc-3.3.3-natives-windows-arm64.jar:/home/paullexd/.var/app/studio.eufonia.EufoniaClient/data/studio.eufonia.EufoniaClient/libraries/org/lwjgl/lwjgl-jemalloc/3.3.3/lwjgl-jemalloc-3.3.3-natives-windows-x86.jar:/home/paullexd/.var/app/studio.eufonia.EufoniaClient/data/studio.eufonia.EufoniaClient/libraries/org/lwjgl/lwjgl-openal/3.3.3/lwjgl-openal-3.3.3.jar:/home/paullexd/.var/app/studio.eufonia.EufoniaClient/data/studio.eufonia.EufoniaClient/libraries/org/lwjgl/lwjgl-openal/3.3.3/lwjgl-openal-3.3.3-natives-linux.jar:/home/paullexd/.var/app/studio.eufonia.EufoniaClient/data/studio.eufonia.EufoniaClient/libraries/org/lwjgl/lwjgl-openal/3.3.3/lwjgl-openal-3.3.3-natives-macos.jar:/home/paullexd/.var/app/studio.eufonia.EufoniaClient/data/studio.eufonia.EufoniaClient/libraries/org/lwjgl/lwjgl-openal/3.3.3/lwjgl-openal-3.3.3-natives-macos-arm64.jar:/home/paullexd/.var/app/studio.eufonia.EufoniaClient/data/studio.eufonia.EufoniaClient/libraries/org/lwjgl/lwjgl-openal/3.3.3/lwjgl-openal-3.3.3-natives-windows.jar:/home/paullexd/.var/app/studio.eufonia.EufoniaClient/data/studio.eufonia.EufoniaClient/libraries/org/lwjgl/lwjgl-openal/3.3.3/lwjgl-openal-3.3.3-natives-windows-arm64.jar:/home/paullexd/.var/app/studio.eufonia.EufoniaClient/data/studio.eufonia.EufoniaClient/libraries/org/lwjgl/lwjgl-openal/3.3.3/lwjgl-openal-3.3.3-natives-windows-x86.jar:/home/paullexd/.var/app/studio.eufonia.EufoniaClient/data/studio.eufonia.EufoniaClient/libraries/org/lwjgl/lwjgl-opengl/3.3.3/lwjgl-opengl-3.3.3.jar:/home/paullexd/.var/app/studio.eufonia.EufoniaClient/data/studio.eufonia.EufoniaClient/libraries/org/lwjgl/lwjgl-opengl/3.3.3/lwjgl-opengl-3.3.3-natives-linux.jar:/home/paullexd/.var/app/studio.eufonia.EufoniaClient/data/studio.eufonia.EufoniaClient/libraries/org/lwjgl/lwjgl-opengl/3.3.3/lwjgl-opengl-3.3.3-natives-macos.jar:/home/paullexd/.var/app/studio.eufonia.EufoniaClient/data/studio.eufonia.EufoniaClient/libraries/org/lwjgl/lwjgl-opengl/3.3.3/lwjgl-opengl-3.3.3-natives-macos-arm64.jar:/home/paullexd/.var/app/studio.eufonia.EufoniaClient/data/studio.eufonia.EufoniaClient/libraries/org/lwjgl/lwjgl-opengl/3.3.3/lwjgl-opengl-3.3.3-natives-windows.jar:/home/paullexd/.var/app/studio.eufonia.EufoniaClient/data/studio.eufonia.EufoniaClient/libraries/org/lwjgl/lwjgl-opengl/3.3.3/lwjgl-opengl-3.3.3-natives-windows-arm64.jar:/home/paullexd/.var/app/studio.eufonia.EufoniaClient/data/studio.eufonia.EufoniaClient/libraries/org/lwjgl/lwjgl-opengl/3.3.3/lwjgl-opengl-3.3.3-natives-windows-x86.jar:/home/paullexd/.var/app/studio.eufonia.EufoniaClient/data/studio.eufonia.EufoniaClient/libraries/org/lwjgl/lwjgl-stb/3.3.3/lwjgl-stb-3.3.3.jar:/home/paullexd/.var/app/studio.eufonia.EufoniaClient/data/studio.eufonia.EufoniaClient/libraries/org/lwjgl/lwjgl-stb/3.3.3/lwjgl-stb-3.3.3-natives-linux.jar:/home/paullexd/.var/app/studio.eufonia.EufoniaClient/data/studio.eufonia.EufoniaClient/libraries/org/lwjgl/lwjgl-stb/3.3.3/lwjgl-stb-3.3.3-natives-macos.jar:/home/paullexd/.var/app/studio.eufonia.EufoniaClient/data/studio.eufonia.EufoniaClient/libraries/org/lwjgl/lwjgl-stb/3.3.3/lwjgl-stb-3.3.3-natives-macos-arm64.jar:/home/paullexd/.var/app/studio.eufonia.EufoniaClient/data/studio.eufonia.EufoniaClient/libraries/org/lwjgl/lwjgl-stb/3.3.3/lwjgl-stb-3.3.3-natives-windows.jar:/home/paullexd/.var/app/studio.eufonia.EufoniaClient/data/studio.eufonia.EufoniaClient/libraries/org/lwjgl/lwjgl-stb/3.3.3/lwjgl-stb-3.3.3-natives-windows-arm64.jar:/home/paullexd/.var/app/studio.eufonia.EufoniaClient/data/studio.eufonia.EufoniaClient/libraries/org/lwjgl/lwjgl-stb/3.3.3/lwjgl-stb-3.3.3-natives-windows-x86.jar:/home/paullexd/.var/app/studio.eufonia.EufoniaClient/data/studio.eufonia.EufoniaClient/libraries/org/lwjgl/lwjgl-tinyfd/3.3.3/lwjgl-tinyfd-3.3.3.jar:/home/paullexd/.var/app/studio.eufonia.EufoniaClient/data/studio.eufonia.EufoniaClient/libraries/org/lwjgl/lwjgl-tinyfd/3.3.3/lwjgl-tinyfd-3.3.3-natives-linux.jar:/home/paullexd/.var/app/studio.eufonia.EufoniaClient/data/studio.eufonia.EufoniaClient/libraries/org/lwjgl/lwjgl-tinyfd/3.3.3/lwjgl-tinyfd-3.3.3-natives-macos.jar:/home/paullexd/.var/app/studio.eufonia.EufoniaClient/data/studio.eufonia.EufoniaClient/libraries/org/lwjgl/lwjgl-tinyfd/3.3.3/lwjgl-tinyfd-3.3.3-natives-macos-arm64.jar:/home/paullexd/.var/app/studio.eufonia.EufoniaClient/data/studio.eufonia.EufoniaClient/libraries/org/lwjgl/lwjgl-tinyfd/3.3.3/lwjgl-tinyfd-3.3.3-natives-windows.jar:/home/paullexd/.var/app/studio.eufonia.EufoniaClient/data/studio.eufonia.EufoniaClient/libraries/org/lwjgl/lwjgl-tinyfd/3.3.3/lwjgl-tinyfd-3.3.3-natives-windows-arm64.jar:/home/paullexd/.var/app/studio.eufonia.EufoniaClient/data/studio.eufonia.EufoniaClient/libraries/org/lwjgl/lwjgl-tinyfd/3.3.3/lwjgl-tinyfd-3.3.3-natives-windows-x86.jar:/home/paullexd/.var/app/studio.eufonia.EufoniaClient/data/studio.eufonia.EufoniaClient/libraries/org/lwjgl/lwjgl/3.3.3/lwjgl-3.3.3.jar:/home/paullexd/.var/app/studio.eufonia.EufoniaClient/data/studio.eufonia.EufoniaClient/libraries/org/lwjgl/lwjgl/3.3.3/lwjgl-3.3.3-natives-linux.jar:/home/paullexd/.var/app/studio.eufonia.EufoniaClient/data/studio.eufonia.EufoniaClient/libraries/org/lwjgl/lwjgl/3.3.3/lwjgl-3.3.3-natives-macos.jar:/home/paullexd/.var/app/studio.eufonia.EufoniaClient/data/studio.eufonia.EufoniaClient/libraries/org/lwjgl/lwjgl/3.3.3/lwjgl-3.3.3-natives-macos-arm64.jar:/home/paullexd/.var/app/studio.eufonia.EufoniaClient/data/studio.eufonia.EufoniaClient/libraries/org/lwjgl/lwjgl/3.3.3/lwjgl-3.3.3-natives-windows.jar:/home/paullexd/.var/app/studio.eufonia.EufoniaClient/data/studio.eufonia.EufoniaClient/libraries/org/lwjgl/lwjgl/3.3.3/lwjgl-3.3.3-natives-windows-arm64.jar:/home/paullexd/.var/app/studio.eufonia.EufoniaClient/data/studio.eufonia.EufoniaClient/libraries/org/lwjgl/lwjgl/3.3.3/lwjgl-3.3.3-natives-windows-x86.jar:/home/paullexd/.var/app/studio.eufonia.EufoniaClient/data/studio.eufonia.EufoniaClient/libraries/org/lz4/lz4-java/1.8.0/lz4-java-1.8.0.jar:/home/paullexd/.var/app/studio.eufonia.EufoniaClient/data/studio.eufonia.EufoniaClient/libraries/org/slf4j/slf4j-api/2.0.9/slf4j-api-2.0.9.jar:/home/paullexd/.var/app/studio.eufonia.EufoniaClient/data/studio.eufonia.EufoniaClient/libraries/org/ow2/asm/asm/9.10.1/asm-9.10.1.jar:/home/paullexd/.var/app/studio.eufonia.EufoniaClient/data/studio.eufonia.EufoniaClient/libraries/org/ow2/asm/asm-analysis/9.10.1/asm-analysis-9.10.1.jar:/home/paullexd/.var/app/studio.eufonia.EufoniaClient/data/studio.eufonia.EufoniaClient/libraries/org/ow2/asm/asm-commons/9.10.1/asm-commons-9.10.1.jar:/home/paullexd/.var/app/studio.eufonia.EufoniaClient/data/studio.eufonia.EufoniaClient/libraries/org/ow2/asm/asm-tree/9.10.1/asm-tree-9.10.1.jar:/home/paullexd/.var/app/studio.eufonia.EufoniaClient/data/studio.eufonia.EufoniaClient/libraries/org/ow2/asm/asm-util/9.10.1/asm-util-9.10.1.jar:/home/paullexd/.var/app/studio.eufonia.EufoniaClient/data/studio.eufonia.EufoniaClient/libraries/net/fabricmc/sponge-mixin/0.17.4+mixin.0.8.7/sponge-mixin-0.17.4+mixin.0.8.7.jar:/home/paullexd/.var/app/studio.eufonia.EufoniaClient/data/studio.eufonia.EufoniaClient/libraries/net/fabricmc/intermediary/1.21.1/intermediary-1.21.1.jar:/home/paullexd/.var/app/studio.eufonia.EufoniaClient/data/studio.eufonia.EufoniaClient/libraries/studio/eufonia/92/0197d35655977e53b7726dbf448b0992.jar:/home/paullexd/.var/app/studio.eufonia.EufoniaClient/data/studio.eufonia.EufoniaClient/libraries/studio/eufonia/85/0197d356a32776a18257fe6c57148785.jar:/home/paullexd/.var/app/studio.eufonia.EufoniaClient/data/studio.eufonia.EufoniaClient/libraries/studio/eufonia/f1/0197de5fb0e174b18551e21ca070aaf1.jar:/home/paullexd/.var/app/studio.eufonia.EufoniaClient/data/studio.eufonia.EufoniaClient/libraries/studio/eufonia/b8/0197e30f61ba79a38161a2f9b27a4ab8.jar:/home/paullexd/.var/app/studio.eufonia.EufoniaClient/data/studio.eufonia.EufoniaClient/libraries/studio/eufonia/c8/0197ff88255c7d90b448185abe1274c8.jar:/home/paullexd/.var/app/studio.eufonia.EufoniaClient/data/studio.eufonia.EufoniaClient/libraries/studio/eufonia/b7/0197ff8be7617c008b6e43a3cfcbccb7.jar:/home/paullexd/.var/app/studio.eufonia.EufoniaClient/data/studio.eufonia.EufoniaClient/libraries/studio/eufonia/f2/0197ff8d091c7e93b03666c0283beff2.jar:/home/paullexd/.var/app/studio.eufonia.EufoniaClient/data/studio.eufonia.EufoniaClient/libraries/studio/eufonia/2a/0197ff8d44887d00b5e0879bf9b8882a.jar:/home/paullexd/.var/app/studio.eufonia.EufoniaClient/data/studio.eufonia.EufoniaClient/libraries/studio/eufonia/f6/0197ff8d83917cf1a5ebfcde6ce7f2f6.jar:/home/paullexd/.var/app/studio.eufonia.EufoniaClient/data/studio.eufonia.EufoniaClient/libraries/studio/eufonia/d3/0197ff8dddc07ef0babf76bfebc70fd3.jar:/home/paullexd/.var/app/studio.eufonia.EufoniaClient/data/studio.eufonia.EufoniaClient/libraries/studio/eufonia/78/0197ff8e1bc57730b87c03e30d149e78.jar:/home/paullexd/.var/app/studio.eufonia.EufoniaClient/data/studio.eufonia.EufoniaClient/libraries/studio/eufonia/bc/0197ff8edb477b729266c04eff8800bc.jar:/home/paullexd/.var/app/studio.eufonia.EufoniaClient/data/studio.eufonia.EufoniaClient/libraries/studio/eufonia/17/0197ff8f25fc7971bd1d20d3b7df8917.jar:/home/paullexd/.var/app/studio.eufonia.EufoniaClient/data/studio.eufonia.EufoniaClient/libraries/studio/eufonia/7a/0197ff903dfd7e4397d7bab1bf551f7a.jar:/home/paullexd/.var/app/studio.eufonia.EufoniaClient/data/studio.eufonia.EufoniaClient/libraries/studio/eufonia/8c/0197ff9143a17981be8a96342166a78c.jar:/home/paullexd/.var/app/studio.eufonia.EufoniaClient/data/studio.eufonia.EufoniaClient/libraries/studio/eufonia/5b/0197ff9171f67330bc9473c301c0585b.jar:/home/paullexd/.var/app/studio.eufonia.EufoniaClient/data/studio.eufonia.EufoniaClient/libraries/studio/eufonia/8c/0197ff91dc3e7ea1b85c7c669baad38c.jar:/home/paullexd/.var/app/studio.eufonia.EufoniaClient/data/studio.eufonia.EufoniaClient/libraries/studio/eufonia/52/0197ff92182d73c3b337053171374952.jar:/home/paullexd/.var/app/studio.eufonia.EufoniaClient/data/studio.eufonia.EufoniaClient/libraries/studio/eufonia/f9/0197ff92a0c579b18b7e9fd02285def9.jar:/home/paullexd/.var/app/studio.eufonia.EufoniaClient/data/studio.eufonia.EufoniaClient/libraries/studio/eufonia/66/0197ff92f12e77c184f689c241607e66.jar:/home/paullexd/.var/app/studio.eufonia.EufoniaClient/data/studio.eufonia.EufoniaClient/libraries/studio/eufonia/ec/0197ff9330c47dc0878da23268da70ec.jar:/home/paullexd/.var/app/studio.eufonia.EufoniaClient/data/studio.eufonia.EufoniaClient/libraries/studio/eufonia/3d/0197ff9373e271a3942ca08324974a3d.jar:/home/paullexd/.var/app/studio.eufonia.EufoniaClient/data/studio.eufonia.EufoniaClient/libraries/studio/eufonia/2b/0197ff93cf87752290e2be18270c962b.jar:/home/paullexd/.var/app/studio.eufonia.EufoniaClient/data/studio.eufonia.EufoniaClient/libraries/studio/eufonia/0a/0197ffa06db471e3bb33178619ee110a.jar:/home/paullexd/.var/app/studio.eufonia.EufoniaClient/data/studio.eufonia.EufoniaClient/libraries/studio/eufonia/1d/0197ffa0ba557f92ac1a918f40ce061d.jar:/home/paullexd/.var/app/studio.eufonia.EufoniaClient/data/studio.eufonia.EufoniaClient/libraries/studio/eufonia/61/0197ffa0f5867f709b1e464231ebe261.jar:/home/paullexd/.var/app/studio.eufonia.EufoniaClient/data/studio.eufonia.EufoniaClient/libraries/studio/eufonia/e7/01980e8d53f47ab2a070c7112f9414e7.jar:/home/paullexd/.var/app/studio.eufonia.EufoniaClient/data/studio.eufonia.EufoniaClient/libraries/studio/eufonia/02/019816f44a0e7300943934feab7d1102.jar:/home/paullexd/.var/app/studio.eufonia.EufoniaClient/data/studio.eufonia.EufoniaClient/libraries/studio/eufonia/50/01981fa9db3b76f0aadef93e295bbe50.jar:/home/paullexd/.var/app/studio.eufonia.EufoniaClient/data/studio.eufonia.EufoniaClient/libraries/studio/eufonia/89/019848bb4b007a00ad038eff094ab189.jar:/home/paullexd/.var/app/studio.eufonia.EufoniaClient/data/studio.eufonia.EufoniaClient/libraries/studio/eufonia/64/019848c74ede7a829be33e9f7d8efe64.jar:/home/paullexd/.var/app/studio.eufonia.EufoniaClient/data/studio.eufonia.EufoniaClient/libraries/studio/eufonia/ad/0198499f775f71c19759d91cf4ac87ad.jar:/home/paullexd/.var/app/studio.eufonia.EufoniaClient/data/studio.eufonia.EufoniaClient/libraries/studio/eufonia/a0/019853a52b7e7780bd56843836a82da0.jar:/home/paullexd/.var/app/studio.eufonia.EufoniaClient/data/studio.eufonia.EufoniaClient/libraries/studio/eufonia/d7/0198a02b90a779918ad5a58bbb3a11d7.jar:/home/paullexd/.var/app/studio.eufonia.EufoniaClient/data/studio.eufonia.EufoniaClient/libraries/studio/eufonia/f7/0198a0788ef772a2b3e0bccb32ea90f7.jar:/home/paullexd/.var/app/studio.eufonia.EufoniaClient/data/studio.eufonia.EufoniaClient/libraries/studio/eufonia/cc/0198a99e6af47ad0b3672b329c47f3cc.jar:/home/paullexd/.var/app/studio.eufonia.EufoniaClient/data/studio.eufonia.EufoniaClient/libraries/studio/eufonia/15/0199b75733757b2082fd3199ae8a1d15.jar:/home/paullexd/.var/app/studio.eufonia.EufoniaClient/data/studio.eufonia.EufoniaClient/libraries/studio/eufonia/c5/019a6f0aaf3e74e09a9edf5c51bcc3c5.jar:/home/paullexd/.var/app/studio.eufonia.EufoniaClient/data/studio.eufonia.EufoniaClient/libraries/studio/eufonia/16/019b0b3941857663bc87a77821530416.jar:/home/paullexd/.var/app/studio.eufonia.EufoniaClient/data/studio.eufonia.EufoniaClient/libraries/studio/eufonia/28/019b9b1ce11879b28e21d222ac644928.jar:/home/paullexd/.var/app/studio.eufonia.EufoniaClient/data/studio.eufonia.EufoniaClient/libraries/studio/eufonia/e9/019c5505ca977373bccd710ffa45a4e9.jar:/home/paullexd/.var/app/studio.eufonia.EufoniaClient/data/studio.eufonia.EufoniaClient/libraries/studio/eufonia/7e/019c7f1276237301a4a0a6247284dd7e.jar:/home/paullexd/.var/app/studio.eufonia.EufoniaClient/data/studio.eufonia.EufoniaClient/libraries/studio/eufonia/f9/019d27721a06777185e55e55acb612f9.jar:/home/paullexd/.var/app/studio.eufonia.EufoniaClient/data/studio.eufonia.EufoniaClient/libraries/studio/eufonia/f4/019e24190fb47fd09db014504fd101f4.jar:/home/paullexd/.var/app/studio.eufonia.EufoniaClient/data/studio.eufonia.EufoniaClient/libraries/studio/eufonia/13/019e241ff5de7620a4e571251b06a413.jar:/home/paullexd/.var/app/studio.eufonia.EufoniaClient/data/studio.eufonia.EufoniaClient/libraries/studio/eufonia/0c/019e2421eb1e77b386225e3ad2d9490c.jar:/home/paullexd/.var/app/studio.eufonia.EufoniaClient/data/studio.eufonia.EufoniaClient/libraries/studio/eufonia/2e/019e2425480475029ce825f98702732e.jar:/home/paullexd/.var/app/studio.eufonia.EufoniaClient/data/studio.eufonia.EufoniaClient/libraries/studio/eufonia/84/019e242797037520a8151fde6930c984.jar:/home/paullexd/.var/app/studio.eufonia.EufoniaClient/data/studio.eufonia.EufoniaClient/libraries/studio/eufonia/ea/019e2429cd597e50b7c45dbb3c9019ea.jar:/home/paullexd/.var/app/studio.eufonia.EufoniaClient/data/studio.eufonia.EufoniaClient/libraries/studio/eufonia/22/019e41a87aff75739a7caf6a42276222.jar:/home/paullexd/.var/app/studio.eufonia.EufoniaClient/data/studio.eufonia.EufoniaClient/libraries/studio/eufonia/9d/019e6b0e92e67f82a3134c0b5576e89d.jar:/home/paullexd/.var/app/studio.eufonia.EufoniaClient/data/studio.eufonia.EufoniaClient/libraries/studio/eufonia/5f/019ea339bbc47771a72dbce4c0f8145f.jar:/home/paullexd/.var/app/studio.eufonia.EufoniaClient/data/studio.eufonia.EufoniaClient/libraries/studio/eufonia/d9/019f0b33a4b87ba2a42cd4e366f067d9.jar:/home/paullexd/.var/app/studio.eufonia.EufoniaClient/data/studio.eufonia.EufoniaClient/libraries/studio/eufonia/2f/019f2fd14f957743877d880c1aa0122f.jar:/home/paullexd/.var/app/studio.eufonia.EufoniaClient/data/studio.eufonia.EufoniaClient/libraries/studio/eufonia/c7/019f33105f5f733183e05a5bf3ad4ec7.jar:/home/paullexd/.var/app/studio.eufonia.EufoniaClient/data/studio.eufonia.EufoniaClient/libraries/studio/eufonia/be/019f4335294f7c729e637e09c88452be.jar:/home/paullexd/.var/app/studio.eufonia.EufoniaClient/data/studio.eufonia.EufoniaClient/libraries/studio/eufonia/c8/019f4336fa547793983eb29a6c27c6c8.jar:/home/paullexd/.var/app/studio.eufonia.EufoniaClient/data/studio.eufonia.EufoniaClient/libraries/studio/eufonia/a4/019f433cf78d7d528fa5bcdbc262bba4.jar:/home/paullexd/.var/app/studio.eufonia.EufoniaClient/data/studio.eufonia.EufoniaClient/libraries/studio/eufonia/ac/019f4340184077939fea2a4a19cc8eac.jar:/home/paullexd/.var/app/studio.eufonia.EufoniaClient/data/studio.eufonia.EufoniaClient/libraries/studio/eufonia/65/019f4e43eb9d7421ae6872f4dfe7df65.jar:/home/paullexd/.var/app/studio.eufonia.EufoniaClient/data/studio.eufonia.EufoniaClient/libraries/studio/eufonia/c6/019f4e442a6b7cf1b04c82817c79aec6.jar:/home/paullexd/.var/app/studio.eufonia.EufoniaClient/data/studio.eufonia.EufoniaClient/libraries/studio/eufonia/15/019f4e44dcb879a283753d97c2e05f15.jar:/home/paullexd/.var/app/studio.eufonia.EufoniaClient/data/studio.eufonia.EufoniaClient/libraries/studio/eufonia/5a/019f4e4582d77520adfaa92fbe26895a.jar:/home/paullexd/.var/app/studio.eufonia.EufoniaClient/data/studio.eufonia.EufoniaClient/libraries/studio/eufonia/9c/019f56475ddf75228cbdfc6d67caf89c.jar:/home/paullexd/.var/app/studio.eufonia.EufoniaClient/data/studio.eufonia.EufoniaClient/libraries/studio/eufonia/76/019f564858227cf1bb00eb42487ae676.jar:/home/paullexd/.var/app/studio.eufonia.EufoniaClient/data/studio.eufonia.EufoniaClient/libraries/studio/eufonia/96/019f5648ba677922b47b629e96f8af96.jar:/home/paullexd/.var/app/studio.eufonia.EufoniaClient/data/studio.eufonia.EufoniaClient/libraries/studio/eufonia/10/019f564925fa78a19f8207819f5cd710.jar:/home/paullexd/.var/app/studio.eufonia.EufoniaClient/data/studio.eufonia.EufoniaClient/libraries/studio/eufonia/65/019f56498d2a7bc39a58cf5bed2ea965.jar:/home/paullexd/.var/app/studio.eufonia.EufoniaClient/data/studio.eufonia.EufoniaClient/libraries/studio/eufonia/c7/019f564b173c75a0bf7c5304952bf1c7.jar:/home/paullexd/.var/app/studio.eufonia.EufoniaClient/data/studio.eufonia.EufoniaClient/libraries/studio/eufonia/ca/019f564bcb807bb1b37d85cc5008bcca.jar:/home/paullexd/.var/app/studio.eufonia.EufoniaClient/data/studio.eufonia.EufoniaClient/libraries/studio/eufonia/98/019f564c7cb476e2ba373551c7124f98.jar:/home/paullexd/.var/app/studio.eufonia.EufoniaClient/data/studio.eufonia.EufoniaClient/libraries/studio/eufonia/02/019f564d7541731092e06e9120cc5402.jar:/home/paullexd/.var/app/studio.eufonia.EufoniaClient/data/studio.eufonia.EufoniaClient/libraries/studio/eufonia/89/019f5af326b87123977e063aba458289.jar:/home/paullexd/.var/app/studio.eufonia.EufoniaClient/data/studio.eufonia.EufoniaClient/libraries/studio/eufonia/02/019f5c2e361373d1af95bb0d68b71c02.jar:/home/paullexd/.var/app/studio.eufonia.EufoniaClient/data/studio.eufonia.EufoniaClient/libraries/studio/eufonia/cf/019f609ed5a6797390caf36ceee4c4cf.jar:/home/paullexd/.var/app/studio.eufonia.EufoniaClient/data/studio.eufonia.EufoniaClient/libraries/studio/eufonia/7e/019f60a788e579e388065c54f8a2487e.jar:/home/paullexd/.var/app/studio.eufonia.EufoniaClient/data/studio.eufonia.EufoniaClient/libraries/studio/eufonia/9d/019f626a67e673b1b836d12d53048b9d.jar:/home/paullexd/.var/app/studio.eufonia.EufoniaClient/data/studio.eufonia.EufoniaClient/libraries/studio/eufonia/e7/019f626ba44e7380b8a0c66ec1830ae7.jar:/home/paullexd/.var/app/studio.eufonia.EufoniaClient/data/studio.eufonia.EufoniaClient/libraries/studio/eufonia/21/019f62cd6b687e00830d2f85ad560221.jar:/home/paullexd/.var/app/studio.eufonia.EufoniaClient/data/studio.eufonia.EufoniaClient/libraries/studio/eufonia/98/019f631ae5447ed088c6c4df51746698.jar:/home/paullexd/.var/app/studio.eufonia.EufoniaClient/data/studio.eufonia.EufoniaClient/libraries/studio/eufonia/d5/019f665c83be77a38b6fe4de978869d5.jar:/home/paullexd/.var/app/studio.eufonia.EufoniaClient/data/studio.eufonia.EufoniaClient/libraries/studio/eufonia/ac/019f673c134273c0bf1818aa5d3631ac.jar:/home/paullexd/.var/app/studio.eufonia.EufoniaClient/data/studio.eufonia.EufoniaClient/libraries/studio/eufonia/6f/019f673c96627b53965e70c60325d96f.jar:/home/paullexd/.var/app/studio.eufonia.EufoniaClient/data/studio.eufonia.EufoniaClient/libraries/studio/eufonia/fa/019f810113677490a81f538568842afa.jar:/home/paullexd/.var/app/studio.eufonia.EufoniaClient/data/studio.eufonia.EufoniaClient/libraries/studio/eufonia/99/019f816a52247c139b95c8e55c679699.jar:/home/paullexd/.var/app/studio.eufonia.EufoniaClient/data/studio.eufonia.EufoniaClient/libraries/studio/eufonia/29/019fa77008fc7b93b8aa7dd626d4af29.jar:/home/paullexd/.var/app/studio.eufonia.EufoniaClient/data/studio.eufonia.EufoniaClient/libraries/studio/eufonia/6f/019faf0a176a7e609a21f99b9f2cdd6f.jar:/home/paullexd/.var/app/studio.eufonia.EufoniaClient/data/studio.eufonia.EufoniaClient/libraries/studio/eufonia/73/019faf69377e7382a86b699ec45ba873.jar:/home/paullexd/.var/app/studio.eufonia.EufoniaClient/data/studio.eufonia.EufoniaClient/libraries/studio/eufonia/42/019fbb166ef57bb391af3eff4ee45d42.jar:/home/paullexd/.var/app/studio.eufonia.EufoniaClient/data/studio.eufonia.EufoniaClient/libraries/studio/eufonia/49/019fbb16d10772828c233dfc05839949.jar:/home/paullexd/.var/app/studio.eufonia.EufoniaClient/data/studio.eufonia.EufoniaClient/libraries/studio/eufonia/8a/01a01c138b5b72d393b108fbc18ad18a.jar:/home/paullexd/.var/app/studio.eufonia.EufoniaClient/data/studio.eufonia.EufoniaClient/libraries/studio/eufonia/25/01a0356659747340b4c8b3359d582f25.jar:/home/paullexd/.var/app/studio.eufonia.EufoniaClient/data/studio.eufonia.EufoniaClient/libraries/studio/eufonia/77/01a0364d39fd7052b5f7e751970e3677.jar:/home/paullexd/.var/app/studio.eufonia.EufoniaClient/data/studio.eufonia.EufoniaClient/libraries/studio/eufonia/5b/01a0458842e87342b330afb6c29c6f5b.jar:/home/paullexd/.var/app/studio.eufonia.EufoniaClient/data/studio.eufonia.EufoniaClient/libraries/studio/eufonia/dd/01a04a4deb867d52943d0c1dfe381edd.jar:/home/paullexd/.var/app/studio.eufonia.EufoniaClient/data/studio.eufonia.EufoniaClient/libraries/studio/eufonia/9e/01a04a52d80b7e53af98dcb12f855b9e.jar:/home/paullexd/.var/app/studio.eufonia.EufoniaClient/data/studio.eufonia.EufoniaClient/libraries/studio/eufonia/0f/01a04f41ec227632b229b9dee10d020f.jar:/home/paullexd/.var/app/studio.eufonia.EufoniaClient/data/studio.eufonia.EufoniaClient/libraries/studio/eufonia/86/01a04f466f4d7da29eefedf8d2c3bd86.jar:/home/paullexd/.var/app/studio.eufonia.EufoniaClient/data/studio.eufonia.EufoniaClient/libraries/studio/eufonia/d7/01a04f49b898757292c43ce2cf954ed7.jar:/home/paullexd/.var/app/studio.eufonia.EufoniaClient/data/studio.eufonia.EufoniaClient/libraries/studio/eufonia/2c/01a0512c799c7600ae2eb11163b4852c.jar:/home/paullexd/.var/app/studio.eufonia.EufoniaClient/data/studio.eufonia.EufoniaClient/libraries/studio/eufonia/0c/01a068085d327fb09658960b9f00df0c.jar:/home/paullexd/.var/app/studio.eufonia.EufoniaClient/data/studio.eufonia.EufoniaClient/libraries/studio/eufonia/89/01a068f55bf67721af4c3cfbddaba589.jar:/home/paullexd/.var/app/studio.eufonia.EufoniaClient/data/studio.eufonia.EufoniaClient/libraries/studio/eufonia/fd/01a07d57f8107f70b468d1771493c4fd.jar:/home/paullexd/.var/app/studio.eufonia.EufoniaClient/data/studio.eufonia.EufoniaClient/libraries/studio/eufonia/e2/01a07ec11e9472d196db7b84ed00d4e2.jar:/home/paullexd/.var/app/studio.eufonia.EufoniaClient/data/studio.eufonia.EufoniaClient/libraries/studio/eufonia/2b/01a084500a8573d08bd8c3dc4d2ee92b.jar:/home/paullexd/.var/app/studio.eufonia.EufoniaClient/data/studio.eufonia.EufoniaClient/libraries/studio/eufonia/dc/01a084507e717ad3bf03b422e91ddbdc.jar:/home/paullexd/.var/app/studio.eufonia.EufoniaClient/data/studio.eufonia.EufoniaClient/libraries/studio/eufonia/45/01a084519d867792b2bfd471f6fea745.jar:/home/paullexd/.var/app/studio.eufonia.EufoniaClient/data/studio.eufonia.EufoniaClient/libraries/studio/eufonia/91/01a086ace8c173e3b8fca6dce6d10691.jar:/home/paullexd/.var/app/studio.eufonia.EufoniaClient/data/studio.eufonia.EufoniaClient/libraries/studio/eufonia/03/01a0887a405a78e0ba14b0411c656b03.jar:/home/paullexd/.var/app/studio.eufonia.EufoniaClient/data/studio.eufonia.EufoniaClient/libraries/studio/eufonia/60/01a08d5454d77a8088c2ed81ba8aa160.jar:/home/paullexd/.var/app/studio.eufonia.EufoniaClient/data/studio.eufonia.EufoniaClient/libraries/studio/eufonia/17/01a09288a6587f61a667e9b5f0081217.jar:/home/paullexd/.var/app/studio.eufonia.EufoniaClient/data/studio.eufonia.EufoniaClient/libraries/studio/eufonia/64/01a09721e7c67ca2a4be54ed30202764.jar:/home/paullexd/.var/app/studio.eufonia.EufoniaClient/data/studio.eufonia.EufoniaClient/libraries/studio/eufonia/86/01a097224b4d76218956181d7d743486.jar:/home/paullexd/.var/app/studio.eufonia.EufoniaClient/data/studio.eufonia.EufoniaClient/libraries/studio/eufonia/d6/01a097c0385771919d11319b337336d6.jar:/home/paullexd/.var/app/studio.eufonia.EufoniaClient/data/studio.eufonia.EufoniaClient/libraries/studio/eufonia/23/01a09e398d427f7385e325f8f697de23.jar:/home/paullexd/.var/app/studio.eufonia.EufoniaClient/data/studio.eufonia.EufoniaClient/libraries/studio/eufonia/1b/01a0a6f7011374a3b2b56ad902a03b1b.jar:/home/paullexd/.var/app/studio.eufonia.EufoniaClient/data/studio.eufonia.EufoniaClient/libraries/studio/eufonia/9a/01a0a78004fd7011b3bec93f5e7be49a.jar:/home/paullexd/.var/app/studio.eufonia.EufoniaClient/data/studio.eufonia.EufoniaClient/libraries/studio/eufonia/3b/01a0a78452a279f3bc1968e93eaffb3b.jar:/home/paullexd/.var/app/studio.eufonia.EufoniaClient/data/studio.eufonia.EufoniaClient/libraries/studio/eufonia/1f/01a0a78df1bf7963bdd2af80b67dd61f.jar:/home/paullexd/.var/app/studio.eufonia.EufoniaClient/data/studio.eufonia.EufoniaClient/libraries/studio/eufonia/9d/01a0a89d8b007ad39cb3e0f0a16c0b9d.jar:/home/paullexd/.var/app/studio.eufonia.EufoniaClient/data/studio.eufonia.EufoniaClient/libraries/studio/eufonia/be/01a0abcaeaad7f93bea57ac457efa3be.jar:/home/paullexd/.var/app/studio.eufonia.EufoniaClient/data/studio.eufonia.EufoniaClient/libraries/studio/eufonia/4a/01a0abd1bafb7152b242923d710aa24a.jar:/home/paullexd/.var/app/studio.eufonia.EufoniaClient/data/studio.eufonia.EufoniaClient/libraries/studio/eufonia/97/01a0acb4f42e7481a7709d0114f16d97.jar:/home/paullexd/.var/app/studio.eufonia.EufoniaClient/data/studio.eufonia.EufoniaClient/libraries/studio/eufonia/52/01a0acbe91517e2389bd7eb28af99852.jar)
	at com.sun.jna.NativeLibrary.loadLibrary(NativeLibrary.java:325) ~[jna-5.14.0.jar:?]
	at com.sun.jna.NativeLibrary.getInstance(NativeLibrary.java:481) ~[jna-5.14.0.jar:?]
	at com.sun.jna.NativeLibrary.getInstance(NativeLibrary.java:423) ~[jna-5.14.0.jar:?]
	at com.mojang.text2speech.NarratorLinux$FliteLibrary.loadNative(NarratorLinux.java:67) ~[text2speech-1.17.9.jar:?]
	... 8 more
	Suppressed: java.lang.UnsatisfiedLinkError: libflite.so: no se puede abrir el fichero del objeto compartido: No existe el fichero o el directorio
		at com.sun.jna.Native.open(Native Method) ~[jna-5.14.0.jar:?]
		at com.sun.jna.NativeLibrary.loadLibrary(NativeLibrary.java:213) ~[jna-5.14.0.jar:?]
		at com.sun.jna.NativeLibrary.getInstance(NativeLibrary.java:481) ~[jna-5.14.0.jar:?]
		at com.sun.jna.NativeLibrary.getInstance(NativeLibrary.java:423) ~[jna-5.14.0.jar:?]
		at com.mojang.text2speech.NarratorLinux$FliteLibrary.loadNative(NarratorLinux.java:67) ~[text2speech-1.17.9.jar:?]
		at com.mojang.text2speech.NarratorLinux.<init>(NarratorLinux.java:18) ~[text2speech-1.17.9.jar:?]
		at com.mojang.text2speech.Narrator.getNarrator(Narrator.java:41) [text2speech-1.17.9.jar:?]
		at net.minecraft.class_333.<init>(class_333.java:19) [client-intermediary.jar:?]
		at net.minecraft.class_310.<init>(class_310.java:675) [client-intermediary.jar:?]
		at net.minecraft.client.main.Main.main(Main.java:239) [client-intermediary.jar:?]
		at net.fabricmc.loader.impl.game.minecraft.MinecraftGameProvider.launch(MinecraftGameProvider.java:517) [01a0a78df1bf7963bdd2af80b67dd61f.jar:?]
		at net.fabricmc.loader.impl.launch.knot.Knot.launch(Knot.java:72) [01a0a78df1bf7963bdd2af80b67dd61f.jar:?]
		at net.fabricmc.loader.impl.launch.knot.KnotClient.main(KnotClient.java:23) [01a0a78df1bf7963bdd2af80b67dd61f.jar:?]
	Suppressed: java.lang.UnsatisfiedLinkError: libflite.so: no se puede abrir el fichero del objeto compartido: No existe el fichero o el directorio
		at com.sun.jna.Native.open(Native Method) ~[jna-5.14.0.jar:?]
		at com.sun.jna.NativeLibrary.loadLibrary(NativeLibrary.java:226) ~[jna-5.14.0.jar:?]
		at com.sun.jna.NativeLibrary.getInstance(NativeLibrary.java:481) ~[jna-5.14.0.jar:?]
		at com.sun.jna.NativeLibrary.getInstance(NativeLibrary.java:423) ~[jna-5.14.0.jar:?]
		at com.mojang.text2speech.NarratorLinux$FliteLibrary.loadNative(NarratorLinux.java:67) ~[text2speech-1.17.9.jar:?]
		at com.mojang.text2speech.NarratorLinux.<init>(NarratorLinux.java:18) ~[text2speech-1.17.9.jar:?]
		at com.mojang.text2speech.Narrator.getNarrator(Narrator.java:41) [text2speech-1.17.9.jar:?]
		at net.minecraft.class_333.<init>(class_333.java:19) [client-intermediary.jar:?]
		at net.minecraft.class_310.<init>(class_310.java:675) [client-intermediary.jar:?]
		at net.minecraft.client.main.Main.main(Main.java:239) [client-intermediary.jar:?]
		at net.fabricmc.loader.impl.game.minecraft.MinecraftGameProvider.launch(MinecraftGameProvider.java:517) [01a0a78df1bf7963bdd2af80b67dd61f.jar:?]
		at net.fabricmc.loader.impl.launch.knot.Knot.launch(Knot.java:72) [01a0a78df1bf7963bdd2af80b67dd61f.jar:?]
		at net.fabricmc.loader.impl.launch.knot.KnotClient.main(KnotClient.java:23) [01a0a78df1bf7963bdd2af80b67dd61f.jar:?]
	Suppressed: java.io.IOException: Native library (linux-x86-64/libflite.so) not found in resource path (/home/paullexd/.var/app/studio.eufonia.EufoniaClient/data/studio.eufonia.EufoniaClient/libraries/net/minecraft/client/1.21.1.jar:/home/paullexd/.var/app/studio.eufonia.EufoniaClient/data/studio.eufonia.EufoniaClient/libraries/ca/weblite/java-objc-bridge/1.1/java-objc-bridge-1.1.jar:/home/paullexd/.var/app/studio.eufonia.EufoniaClient/data/studio.eufonia.EufoniaClient/libraries/com/github/oshi/oshi-core/6.4.10/oshi-core-6.4.10.jar:/home/paullexd/.var/app/studio.eufonia.EufoniaClient/data/studio.eufonia.EufoniaClient/libraries/com/google/code/gson/gson/2.10.1/gson-2.10.1.jar:/home/paullexd/.var/app/studio.eufonia.EufoniaClient/data/studio.eufonia.EufoniaClient/libraries/com/google/guava/failureaccess/1.0.1/failureaccess-1.0.1.jar:/home/paullexd/.var/app/studio.eufonia.EufoniaClient/data/studio.eufonia.EufoniaClient/libraries/com/google/guava/guava/32.1.2-jre/guava-32.1.2-jre.jar:/home/paullexd/.var/app/studio.eufonia.EufoniaClient/data/studio.eufonia.EufoniaClient/libraries/com/ibm/icu/icu4j/73.2/icu4j-73.2.jar:/home/paullexd/.var/app/studio.eufonia.EufoniaClient/data/studio.eufonia.EufoniaClient/libraries/com/mojang/authlib/6.0.54/authlib-6.0.54.jar:/home/paullexd/.var/app/studio.eufonia.EufoniaClient/data/studio.eufonia.EufoniaClient/libraries/com/mojang/blocklist/1.0.10/blocklist-1.0.10.jar:/home/paullexd/.var/app/studio.eufonia.EufoniaClient/data/studio.eufonia.EufoniaClient/libraries/com/mojang/brigadier/1.3.10/brigadier-1.3.10.jar:/home/paullexd/.var/app/studio.eufonia.EufoniaClient/data/studio.eufonia.EufoniaClient/libraries/com/mojang/datafixerupper/8.0.16/datafixerupper-8.0.16.jar:/home/paullexd/.var/app/studio.eufonia.EufoniaClient/data/studio.eufonia.EufoniaClient/libraries/com/mojang/logging/1.2.7/logging-1.2.7.jar:/home/paullexd/.var/app/studio.eufonia.EufoniaClient/data/studio.eufonia.EufoniaClient/libraries/com/mojang/patchy/2.2.10/patchy-2.2.10.jar:/home/paullexd/.var/app/studio.eufonia.EufoniaClient/data/studio.eufonia.EufoniaClient/libraries/com/mojang/text2speech/1.17.9/text2speech-1.17.9.jar:/home/paullexd/.var/app/studio.eufonia.EufoniaClient/data/studio.eufonia.EufoniaClient/libraries/commons-codec/commons-codec/1.16.0/commons-codec-1.16.0.jar:/home/paullexd/.var/app/studio.eufonia.EufoniaClient/data/studio.eufonia.EufoniaClient/libraries/commons-io/commons-io/2.15.1/commons-io-2.15.1.jar:/home/paullexd/.var/app/studio.eufonia.EufoniaClient/data/studio.eufonia.EufoniaClient/libraries/commons-logging/commons-logging/1.2/commons-logging-1.2.jar:/home/paullexd/.var/app/studio.eufonia.EufoniaClient/data/studio.eufonia.EufoniaClient/libraries/io/netty/netty-buffer/4.1.97.Final/netty-buffer-4.1.97.Final.jar:/home/paullexd/.var/app/studio.eufonia.EufoniaClient/data/studio.eufonia.EufoniaClient/libraries/io/netty/netty-codec/4.1.97.Final/netty-codec-4.1.97.Final.jar:/home/paullexd/.var/app/studio.eufonia.EufoniaClient/data/studio.eufonia.EufoniaClient/libraries/io/netty/netty-common/4.1.97.Final/netty-common-4.1.97.Final.jar:/home/paullexd/.var/app/studio.eufonia.EufoniaClient/data/studio.eufonia.EufoniaClient/libraries/io/netty/netty-handler/4.1.97.Final/netty-handler-4.1.97.Final.jar:/home/paullexd/.var/app/studio.eufonia.EufoniaClient/data/studio.eufonia.EufoniaClient/libraries/io/netty/netty-resolver/4.1.97.Final/netty-resolver-4.1.97.Final.jar:/home/paullexd/.var/app/studio.eufonia.EufoniaClient/data/studio.eufonia.EufoniaClient/libraries/io/netty/netty-transport-classes-epoll/4.1.97.Final/netty-transport-classes-epoll-4.1.97.Final.jar:/home/paullexd/.var/app/studio.eufonia.EufoniaClient/data/studio.eufonia.EufoniaClient/libraries/io/netty/netty-transport-native-epoll/4.1.97.Final/netty-transport-native-epoll-4.1.97.Final-linux-aarch_64.jar:/home/paullexd/.var/app/studio.eufonia.EufoniaClient/data/studio.eufonia.EufoniaClient/libraries/io/netty/netty-transport-native-epoll/4.1.97.Final/netty-transport-native-epoll-4.1.97.Final-linux-x86_64.jar:/home/paullexd/.var/app/studio.eufonia.EufoniaClient/data/studio.eufonia.EufoniaClient/libraries/io/netty/netty-transport-native-unix-common/4.1.97.Final/netty-transport-native-unix-common-4.1.97.Final.jar:/home/paullexd/.var/app/studio.eufonia.EufoniaClient/data/studio.eufonia.EufoniaClient/libraries/io/netty/netty-transport/4.1.97.Final/netty-transport-4.1.97.Final.jar:/home/paullexd/.var/app/studio.eufonia.EufoniaClient/data/studio.eufonia.EufoniaClient/libraries/it/unimi/dsi/fastutil/8.5.12/fastutil-8.5.12.jar:/home/paullexd/.var/app/studio.eufonia.EufoniaClient/data/studio.eufonia.EufoniaClient/libraries/net/java/dev/jna/jna-platform/5.14.0/jna-platform-5.14.0.jar:/home/paullexd/.var/app/studio.eufonia.EufoniaClient/data/studio.eufonia.EufoniaClient/libraries/net/java/dev/jna/jna/5.14.0/jna-5.14.0.jar:/home/paullexd/.var/app/studio.eufonia.EufoniaClient/data/studio.eufonia.EufoniaClient/libraries/net/sf/jopt-simple/jopt-simple/5.0.4/jopt-simple-5.0.4.jar:/home/paullexd/.var/app/studio.eufonia.EufoniaClient/data/studio.eufonia.EufoniaClient/libraries/org/apache/commons/commons-compress/1.26.0/commons-compress-1.26.0.jar:/home/paullexd/.var/app/studio.eufonia.EufoniaClient/data/studio.eufonia.EufoniaClient/libraries/org/apache/commons/commons-lang3/3.14.0/commons-lang3-3.14.0.jar:/home/paullexd/.var/app/studio.eufonia.EufoniaClient/data/studio.eufonia.EufoniaClient/libraries/org/apache/httpcomponents/httpclient/4.5.13/httpclient-4.5.13.jar:/home/paullexd/.var/app/studio.eufonia.EufoniaClient/data/studio.eufonia.EufoniaClient/libraries/org/apache/httpcomponents/httpcore/4.4.16/httpcore-4.4.16.jar:/home/paullexd/.var/app/studio.eufonia.EufoniaClient/data/studio.eufonia.EufoniaClient/libraries/org/apache/logging/log4j/log4j-api/2.22.1/log4j-api-2.22.1.jar:/home/paullexd/.var/app/studio.eufonia.EufoniaClient/data/studio.eufonia.EufoniaClient/libraries/org/apache/logging/log4j/log4j-core/2.22.1/log4j-core-2.22.1.jar:/home/paullexd/.var/app/studio.eufonia.EufoniaClient/data/studio.eufonia.EufoniaClient/libraries/org/apache/logging/log4j/log4j-slf4j2-impl/2.22.1/log4j-slf4j2-impl-2.22.1.jar:/home/paullexd/.var/app/studio.eufonia.EufoniaClient/data/studio.eufonia.EufoniaClient/libraries/org/jcraft/jorbis/0.0.17/jorbis-0.0.17.jar:/home/paullexd/.var/app/studio.eufonia.EufoniaClient/data/studio.eufonia.EufoniaClient/libraries/org/joml/joml/1.10.5/joml-1.10.5.jar:/home/paullexd/.var/app/studio.eufonia.EufoniaClient/data/studio.eufonia.EufoniaClient/libraries/org/lwjgl/lwjgl-freetype/3.3.3/lwjgl-freetype-3.3.3.jar:/home/paullexd/.var/app/studio.eufonia.EufoniaClient/data/studio.eufonia.EufoniaClient/libraries/org/lwjgl/lwjgl-freetype/3.3.3/lwjgl-freetype-3.3.3-natives-linux.jar:/home/paullexd/.var/app/studio.eufonia.EufoniaClient/data/studio.eufonia.EufoniaClient/libraries/org/lwjgl/lwjgl-freetype/3.3.3/lwjgl-freetype-3.3.3-natives-macos-arm64.jar:/home/paullexd/.var/app/studio.eufonia.EufoniaClient/data/studio.eufonia.EufoniaClient/libraries/org/lwjgl/lwjgl-freetype/3.3.3/lwjgl-freetype-3.3.3-natives-macos-patch.jar:/home/paullexd/.var/app/studio.eufonia.EufoniaClient/data/studio.eufonia.EufoniaClient/libraries/org/lwjgl/lwjgl-freetype/3.3.3/lwjgl-freetype-3.3.3-natives-windows.jar:/home/paullexd/.var/app/studio.eufonia.EufoniaClient/data/studio.eufonia.EufoniaClient/libraries/org/lwjgl/lwjgl-freetype/3.3.3/lwjgl-freetype-3.3.3-natives-windows-arm64.jar:/home/paullexd/.var/app/studio.eufonia.EufoniaClient/data/studio.eufonia.EufoniaClient/libraries/org/lwjgl/lwjgl-freetype/3.3.3/lwjgl-freetype-3.3.3-natives-windows-x86.jar:/home/paullexd/.var/app/studio.eufonia.EufoniaClient/data/studio.eufonia.EufoniaClient/libraries/org/lwjgl/lwjgl-glfw/3.3.3/lwjgl-glfw-3.3.3.jar:/home/paullexd/.var/app/studio.eufonia.EufoniaClient/data/studio.eufonia.EufoniaClient/libraries/org/lwjgl/lwjgl-glfw/3.3.3/lwjgl-glfw-3.3.3-natives-linux.jar:/home/paullexd/.var/app/studio.eufonia.EufoniaClient/data/studio.eufonia.EufoniaClient/libraries/org/lwjgl/lwjgl-glfw/3.3.3/lwjgl-glfw-3.3.3-natives-macos.jar:/home/paullexd/.var/app/studio.eufonia.EufoniaClient/data/studio.eufonia.EufoniaClient/libraries/org/lwjgl/lwjgl-glfw/3.3.3/lwjgl-glfw-3.3.3-natives-macos-arm64.jar:/home/paullexd/.var/app/studio.eufonia.EufoniaClient/data/studio.eufonia.EufoniaClient/libraries/org/lwjgl/lwjgl-glfw/3.3.3/lwjgl-glfw-3.3.3-natives-windows.jar:/home/paullexd/.var/app/studio.eufonia.EufoniaClient/data/studio.eufonia.EufoniaClient/libraries/org/lwjgl/lwjgl-glfw/3.3.3/lwjgl-glfw-3.3.3-natives-windows-arm64.jar:/home/paullexd/.var/app/studio.eufonia.EufoniaClient/data/studio.eufonia.EufoniaClient/libraries/org/lwjgl/lwjgl-glfw/3.3.3/lwjgl-glfw-3.3.3-natives-windows-x86.jar:/home/paullexd/.var/app/studio.eufonia.EufoniaClient/data/studio.eufonia.EufoniaClient/libraries/org/lwjgl/lwjgl-jemalloc/3.3.3/lwjgl-jemalloc-3.3.3.jar:/home/paullexd/.var/app/studio.eufonia.EufoniaClient/data/studio.eufonia.EufoniaClient/libraries/org/lwjgl/lwjgl-jemalloc/3.3.3/lwjgl-jemalloc-3.3.3-natives-linux.jar:/home/paullexd/.var/app/studio.eufonia.EufoniaClient/data/studio.eufonia.EufoniaClient/libraries/org/lwjgl/lwjgl-jemalloc/3.3.3/lwjgl-jemalloc-3.3.3-natives-macos.jar:/home/paullexd/.var/app/studio.eufonia.EufoniaClient/data/studio.eufonia.EufoniaClient/libraries/org/lwjgl/lwjgl-jemalloc/3.3.3/lwjgl-jemalloc-3.3.3-natives-macos-arm64.jar:/home/paullexd/.var/app/studio.eufonia.EufoniaClient/data/studio.eufonia.EufoniaClient/libraries/org/lwjgl/lwjgl-jemalloc/3.3.3/lwjgl-jemalloc-3.3.3-natives-windows.jar:/home/paullexd/.var/app/studio.eufonia.EufoniaClient/data/studio.eufonia.EufoniaClient/libraries/org/lwjgl/lwjgl-jemalloc/3.3.3/lwjgl-jemalloc-3.3.3-natives-windows-arm64.jar:/home/paullexd/.var/app/studio.eufonia.EufoniaClient/data/studio.eufonia.EufoniaClient/libraries/org/lwjgl/lwjgl-jemalloc/3.3.3/lwjgl-jemalloc-3.3.3-natives-windows-x86.jar:/home/paullexd/.var/app/studio.eufonia.EufoniaClient/data/studio.eufonia.EufoniaClient/libraries/org/lwjgl/lwjgl-openal/3.3.3/lwjgl-openal-3.3.3.jar:/home/paullexd/.var/app/studio.eufonia.EufoniaClient/data/studio.eufonia.EufoniaClient/libraries/org/lwjgl/lwjgl-openal/3.3.3/lwjgl-openal-3.3.3-natives-linux.jar:/home/paullexd/.var/app/studio.eufonia.EufoniaClient/data/studio.eufonia.EufoniaClient/libraries/org/lwjgl/lwjgl-openal/3.3.3/lwjgl-openal-3.3.3-natives-macos.jar:/home/paullexd/.var/app/studio.eufonia.EufoniaClient/data/studio.eufonia.EufoniaClient/libraries/org/lwjgl/lwjgl-openal/3.3.3/lwjgl-openal-3.3.3-natives-macos-arm64.jar:/home/paullexd/.var/app/studio.eufonia.EufoniaClient/data/studio.eufonia.EufoniaClient/libraries/org/lwjgl/lwjgl-openal/3.3.3/lwjgl-openal-3.3.3-natives-windows.jar:/home/paullexd/.var/app/studio.eufonia.EufoniaClient/data/studio.eufonia.EufoniaClient/libraries/org/lwjgl/lwjgl-openal/3.3.3/lwjgl-openal-3.3.3-natives-windows-arm64.jar:/home/paullexd/.var/app/studio.eufonia.EufoniaClient/data/studio.eufonia.EufoniaClient/libraries/org/lwjgl/lwjgl-openal/3.3.3/lwjgl-openal-3.3.3-natives-windows-x86.jar:/home/paullexd/.var/app/studio.eufonia.EufoniaClient/data/studio.eufonia.EufoniaClient/libraries/org/lwjgl/lwjgl-opengl/3.3.3/lwjgl-opengl-3.3.3.jar:/home/paullexd/.var/app/studio.eufonia.EufoniaClient/data/studio.eufonia.EufoniaClient/libraries/org/lwjgl/lwjgl-opengl/3.3.3/lwjgl-opengl-3.3.3-natives-linux.jar:/home/paullexd/.var/app/studio.eufonia.EufoniaClient/data/studio.eufonia.EufoniaClient/libraries/org/lwjgl/lwjgl-opengl/3.3.3/lwjgl-opengl-3.3.3-natives-macos.jar:/home/paullexd/.var/app/studio.eufonia.EufoniaClient/data/studio.eufonia.EufoniaClient/libraries/org/lwjgl/lwjgl-opengl/3.3.3/lwjgl-opengl-3.3.3-natives-macos-arm64.jar:/home/paullexd/.var/app/studio.eufonia.EufoniaClient/data/studio.eufonia.EufoniaClient/libraries/org/lwjgl/lwjgl-opengl/3.3.3/lwjgl-opengl-3.3.3-natives-windows.jar:/home/paullexd/.var/app/studio.eufonia.EufoniaClient/data/studio.eufonia.EufoniaClient/libraries/org/lwjgl/lwjgl-opengl/3.3.3/lwjgl-opengl-3.3.3-natives-windows-arm64.jar:/home/paullexd/.var/app/studio.eufonia.EufoniaClient/data/studio.eufonia.EufoniaClient/libraries/org/lwjgl/lwjgl-opengl/3.3.3/lwjgl-opengl-3.3.3-natives-windows-x86.jar:/home/paullexd/.var/app/studio.eufonia.EufoniaClient/data/studio.eufonia.EufoniaClient/libraries/org/lwjgl/lwjgl-stb/3.3.3/lwjgl-stb-3.3.3.jar:/home/paullexd/.var/app/studio.eufonia.EufoniaClient/data/studio.eufonia.EufoniaClient/libraries/org/lwjgl/lwjgl-stb/3.3.3/lwjgl-stb-3.3.3-natives-linux.jar:/home/paullexd/.var/app/studio.eufonia.EufoniaClient/data/studio.eufonia.EufoniaClient/libraries/org/lwjgl/lwjgl-stb/3.3.3/lwjgl-stb-3.3.3-natives-macos.jar:/home/paullexd/.var/app/studio.eufonia.EufoniaClient/data/studio.eufonia.EufoniaClient/libraries/org/lwjgl/lwjgl-stb/3.3.3/lwjgl-stb-3.3.3-natives-macos-arm64.jar:/home/paullexd/.var/app/studio.eufonia.EufoniaClient/data/studio.eufonia.EufoniaClient/libraries/org/lwjgl/lwjgl-stb/3.3.3/lwjgl-stb-3.3.3-natives-windows.jar:/home/paullexd/.var/app/studio.eufonia.EufoniaClient/data/studio.eufonia.EufoniaClient/libraries/org/lwjgl/lwjgl-stb/3.3.3/lwjgl-stb-3.3.3-natives-windows-arm64.jar:/home/paullexd/.var/app/studio.eufonia.EufoniaClient/data/studio.eufonia.EufoniaClient/libraries/org/lwjgl/lwjgl-stb/3.3.3/lwjgl-stb-3.3.3-natives-windows-x86.jar:/home/paullexd/.var/app/studio.eufonia.EufoniaClient/data/studio.eufonia.EufoniaClient/libraries/org/lwjgl/lwjgl-tinyfd/3.3.3/lwjgl-tinyfd-3.3.3.jar:/home/paullexd/.var/app/studio.eufonia.EufoniaClient/data/studio.eufonia.EufoniaClient/libraries/org/lwjgl/lwjgl-tinyfd/3.3.3/lwjgl-tinyfd-3.3.3-natives-linux.jar:/home/paullexd/.var/app/studio.eufonia.EufoniaClient/data/studio.eufonia.EufoniaClient/libraries/org/lwjgl/lwjgl-tinyfd/3.3.3/lwjgl-tinyfd-3.3.3-natives-macos.jar:/home/paullexd/.var/app/studio.eufonia.EufoniaClient/data/studio.eufonia.EufoniaClient/libraries/org/lwjgl/lwjgl-tinyfd/3.3.3/lwjgl-tinyfd-3.3.3-natives-macos-arm64.jar:/home/paullexd/.var/app/studio.eufonia.EufoniaClient/data/studio.eufonia.EufoniaClient/libraries/org/lwjgl/lwjgl-tinyfd/3.3.3/lwjgl-tinyfd-3.3.3-natives-windows.jar:/home/paullexd/.var/app/studio.eufonia.EufoniaClient/data/studio.eufonia.EufoniaClient/libraries/org/lwjgl/lwjgl-tinyfd/3.3.3/lwjgl-tinyfd-3.3.3-natives-windows-arm64.jar:/home/paullexd/.var/app/studio.eufonia.EufoniaClient/data/studio.eufonia.EufoniaClient/libraries/org/lwjgl/lwjgl-tinyfd/3.3.3/lwjgl-tinyfd-3.3.3-natives-windows-x86.jar:/home/paullexd/.var/app/studio.eufonia.EufoniaClient/data/studio.eufonia.EufoniaClient/libraries/org/lwjgl/lwjgl/3.3.3/lwjgl-3.3.3.jar:/home/paullexd/.var/app/studio.eufonia.EufoniaClient/data/studio.eufonia.EufoniaClient/libraries/org/lwjgl/lwjgl/3.3.3/lwjgl-3.3.3-natives-linux.jar:/home/paullexd/.var/app/studio.eufonia.EufoniaClient/data/studio.eufonia.EufoniaClient/libraries/org/lwjgl/lwjgl/3.3.3/lwjgl-3.3.3-natives-macos.jar:/home/paullexd/.var/app/studio.eufonia.EufoniaClient/data/studio.eufonia.EufoniaClient/libraries/org/lwjgl/lwjgl/3.3.3/lwjgl-3.3.3-natives-macos-arm64.jar:/home/paullexd/.var/app/studio.eufonia.EufoniaClient/data/studio.eufonia.EufoniaClient/libraries/org/lwjgl/lwjgl/3.3.3/lwjgl-3.3.3-natives-windows.jar:/home/paullexd/.var/app/studio.eufonia.EufoniaClient/data/studio.eufonia.EufoniaClient/libraries/org/lwjgl/lwjgl/3.3.3/lwjgl-3.3.3-natives-windows-arm64.jar:/home/paullexd/.var/app/studio.eufonia.EufoniaClient/data/studio.eufonia.EufoniaClient/libraries/org/lwjgl/lwjgl/3.3.3/lwjgl-3.3.3-natives-windows-x86.jar:/home/paullexd/.var/app/studio.eufonia.EufoniaClient/data/studio.eufonia.EufoniaClient/libraries/org/lz4/lz4-java/1.8.0/lz4-java-1.8.0.jar:/home/paullexd/.var/app/studio.eufonia.EufoniaClient/data/studio.eufonia.EufoniaClient/libraries/org/slf4j/slf4j-api/2.0.9/slf4j-api-2.0.9.jar:/home/paullexd/.var/app/studio.eufonia.EufoniaClient/data/studio.eufonia.EufoniaClient/libraries/org/ow2/asm/asm/9.10.1/asm-9.10.1.jar:/home/paullexd/.var/app/studio.eufonia.EufoniaClient/data/studio.eufonia.EufoniaClient/libraries/org/ow2/asm/asm-analysis/9.10.1/asm-analysis-9.10.1.jar:/home/paullexd/.var/app/studio.eufonia.EufoniaClient/data/studio.eufonia.EufoniaClient/libraries/org/ow2/asm/asm-commons/9.10.1/asm-commons-9.10.1.jar:/home/paullexd/.var/app/studio.eufonia.EufoniaClient/data/studio.eufonia.EufoniaClient/libraries/org/ow2/asm/asm-tree/9.10.1/asm-tree-9.10.1.jar:/home/paullexd/.var/app/studio.eufonia.EufoniaClient/data/studio.eufonia.EufoniaClient/libraries/org/ow2/asm/asm-util/9.10.1/asm-util-9.10.1.jar:/home/paullexd/.var/app/studio.eufonia.EufoniaClient/data/studio.eufonia.EufoniaClient/libraries/net/fabricmc/sponge-mixin/0.17.4+mixin.0.8.7/sponge-mixin-0.17.4+mixin.0.8.7.jar:/home/paullexd/.var/app/studio.eufonia.EufoniaClient/data/studio.eufonia.EufoniaClient/libraries/net/fabricmc/intermediary/1.21.1/intermediary-1.21.1.jar:/home/paullexd/.var/app/studio.eufonia.EufoniaClient/data/studio.eufonia.EufoniaClient/libraries/studio/eufonia/92/0197d35655977e53b7726dbf448b0992.jar:/home/paullexd/.var/app/studio.eufonia.EufoniaClient/data/studio.eufonia.EufoniaClient/libraries/studio/eufonia/85/0197d356a32776a18257fe6c57148785.jar:/home/paullexd/.var/app/studio.eufonia.EufoniaClient/data/studio.eufonia.EufoniaClient/libraries/studio/eufonia/f1/0197de5fb0e174b18551e21ca070aaf1.jar:/home/paullexd/.var/app/studio.eufonia.EufoniaClient/data/studio.eufonia.EufoniaClient/libraries/studio/eufonia/b8/0197e30f61ba79a38161a2f9b27a4ab8.jar:/home/paullexd/.var/app/studio.eufonia.EufoniaClient/data/studio.eufonia.EufoniaClient/libraries/studio/eufonia/c8/0197ff88255c7d90b448185abe1274c8.jar:/home/paullexd/.var/app/studio.eufonia.EufoniaClient/data/studio.eufonia.EufoniaClient/libraries/studio/eufonia/b7/0197ff8be7617c008b6e43a3cfcbccb7.jar:/home/paullexd/.var/app/studio.eufonia.EufoniaClient/data/studio.eufonia.EufoniaClient/libraries/studio/eufonia/f2/0197ff8d091c7e93b03666c0283beff2.jar:/home/paullexd/.var/app/studio.eufonia.EufoniaClient/data/studio.eufonia.EufoniaClient/libraries/studio/eufonia/2a/0197ff8d44887d00b5e0879bf9b8882a.jar:/home/paullexd/.var/app/studio.eufonia.EufoniaClient/data/studio.eufonia.EufoniaClient/libraries/studio/eufonia/f6/0197ff8d83917cf1a5ebfcde6ce7f2f6.jar:/home/paullexd/.var/app/studio.eufonia.EufoniaClient/data/studio.eufonia.EufoniaClient/libraries/studio/eufonia/d3/0197ff8dddc07ef0babf76bfebc70fd3.jar:/home/paullexd/.var/app/studio.eufonia.EufoniaClient/data/studio.eufonia.EufoniaClient/libraries/studio/eufonia/78/0197ff8e1bc57730b87c03e30d149e78.jar:/home/paullexd/.var/app/studio.eufonia.EufoniaClient/data/studio.eufonia.EufoniaClient/libraries/studio/eufonia/bc/0197ff8edb477b729266c04eff8800bc.jar:/home/paullexd/.var/app/studio.eufonia.EufoniaClient/data/studio.eufonia.EufoniaClient/libraries/studio/eufonia/17/0197ff8f25fc7971bd1d20d3b7df8917.jar:/home/paullexd/.var/app/studio.eufonia.EufoniaClient/data/studio.eufonia.EufoniaClient/libraries/studio/eufonia/7a/0197ff903dfd7e4397d7bab1bf551f7a.jar:/home/paullexd/.var/app/studio.eufonia.EufoniaClient/data/studio.eufonia.EufoniaClient/libraries/studio/eufonia/8c/0197ff9143a17981be8a96342166a78c.jar:/home/paullexd/.var/app/studio.eufonia.EufoniaClient/data/studio.eufonia.EufoniaClient/libraries/studio/eufonia/5b/0197ff9171f67330bc9473c301c0585b.jar:/home/paullexd/.var/app/studio.eufonia.EufoniaClient/data/studio.eufonia.EufoniaClient/libraries/studio/eufonia/8c/0197ff91dc3e7ea1b85c7c669baad38c.jar:/home/paullexd/.var/app/studio.eufonia.EufoniaClient/data/studio.eufonia.EufoniaClient/libraries/studio/eufonia/52/0197ff92182d73c3b337053171374952.jar:/home/paullexd/.var/app/studio.eufonia.EufoniaClient/data/studio.eufonia.EufoniaClient/libraries/studio/eufonia/f9/0197ff92a0c579b18b7e9fd02285def9.jar:/home/paullexd/.var/app/studio.eufonia.EufoniaClient/data/studio.eufonia.EufoniaClient/libraries/studio/eufonia/66/0197ff92f12e77c184f689c241607e66.jar:/home/paullexd/.var/app/studio.eufonia.EufoniaClient/data/studio.eufonia.EufoniaClient/libraries/studio/eufonia/ec/0197ff9330c47dc0878da23268da70ec.jar:/home/paullexd/.var/app/studio.eufonia.EufoniaClient/data/studio.eufonia.EufoniaClient/libraries/studio/eufonia/3d/0197ff9373e271a3942ca08324974a3d.jar:/home/paullexd/.var/app/studio.eufonia.EufoniaClient/data/studio.eufonia.EufoniaClient/libraries/studio/eufonia/2b/0197ff93cf87752290e2be18270c962b.jar:/home/paullexd/.var/app/studio.eufonia.EufoniaClient/data/studio.eufonia.EufoniaClient/libraries/studio/eufonia/0a/0197ffa06db471e3bb33178619ee110a.jar:/home/paullexd/.var/app/studio.eufonia.EufoniaClient/data/studio.eufonia.EufoniaClient/libraries/studio/eufonia/1d/0197ffa0ba557f92ac1a918f40ce061d.jar:/home/paullexd/.var/app/studio.eufonia.EufoniaClient/data/studio.eufonia.EufoniaClient/libraries/studio/eufonia/61/0197ffa0f5867f709b1e464231ebe261.jar:/home/paullexd/.var/app/studio.eufonia.EufoniaClient/data/studio.eufonia.EufoniaClient/libraries/studio/eufonia/e7/01980e8d53f47ab2a070c7112f9414e7.jar:/home/paullexd/.var/app/studio.eufonia.EufoniaClient/data/studio.eufonia.EufoniaClient/libraries/studio/eufonia/02/019816f44a0e7300943934feab7d1102.jar:/home/paullexd/.var/app/studio.eufonia.EufoniaClient/data/studio.eufonia.EufoniaClient/libraries/studio/eufonia/50/01981fa9db3b76f0aadef93e295bbe50.jar:/home/paullexd/.var/app/studio.eufonia.EufoniaClient/data/studio.eufonia.EufoniaClient/libraries/studio/eufonia/89/019848bb4b007a00ad038eff094ab189.jar:/home/paullexd/.var/app/studio.eufonia.EufoniaClient/data/studio.eufonia.EufoniaClient/libraries/studio/eufonia/64/019848c74ede7a829be33e9f7d8efe64.jar:/home/paullexd/.var/app/studio.eufonia.EufoniaClient/data/studio.eufonia.EufoniaClient/libraries/studio/eufonia/ad/0198499f775f71c19759d91cf4ac87ad.jar:/home/paullexd/.var/app/studio.eufonia.EufoniaClient/data/studio.eufonia.EufoniaClient/libraries/studio/eufonia/a0/019853a52b7e7780bd56843836a82da0.jar:/home/paullexd/.var/app/studio.eufonia.EufoniaClient/data/studio.eufonia.EufoniaClient/libraries/studio/eufonia/d7/0198a02b90a779918ad5a58bbb3a11d7.jar:/home/paullexd/.var/app/studio.eufonia.EufoniaClient/data/studio.eufonia.EufoniaClient/libraries/studio/eufonia/f7/0198a0788ef772a2b3e0bccb32ea90f7.jar:/home/paullexd/.var/app/studio.eufonia.EufoniaClient/data/studio.eufonia.EufoniaClient/libraries/studio/eufonia/cc/0198a99e6af47ad0b3672b329c47f3cc.jar:/home/paullexd/.var/app/studio.eufonia.EufoniaClient/data/studio.eufonia.EufoniaClient/libraries/studio/eufonia/15/0199b75733757b2082fd3199ae8a1d15.jar:/home/paullexd/.var/app/studio.eufonia.EufoniaClient/data/studio.eufonia.EufoniaClient/libraries/studio/eufonia/c5/019a6f0aaf3e74e09a9edf5c51bcc3c5.jar:/home/paullexd/.var/app/studio.eufonia.EufoniaClient/data/studio.eufonia.EufoniaClient/libraries/studio/eufonia/16/019b0b3941857663bc87a77821530416.jar:/home/paullexd/.var/app/studio.eufonia.EufoniaClient/data/studio.eufonia.EufoniaClient/libraries/studio/eufonia/28/019b9b1ce11879b28e21d222ac644928.jar:/home/paullexd/.var/app/studio.eufonia.EufoniaClient/data/studio.eufonia.EufoniaClient/libraries/studio/eufonia/e9/019c5505ca977373bccd710ffa45a4e9.jar:/home/paullexd/.var/app/studio.eufonia.EufoniaClient/data/studio.eufonia.EufoniaClient/libraries/studio/eufonia/7e/019c7f1276237301a4a0a6247284dd7e.jar:/home/paullexd/.var/app/studio.eufonia.EufoniaClient/data/studio.eufonia.EufoniaClient/libraries/studio/eufonia/f9/019d27721a06777185e55e55acb612f9.jar:/home/paullexd/.var/app/studio.eufonia.EufoniaClient/data/studio.eufonia.EufoniaClient/libraries/studio/eufonia/f4/019e24190fb47fd09db014504fd101f4.jar:/home/paullexd/.var/app/studio.eufonia.EufoniaClient/data/studio.eufonia.EufoniaClient/libraries/studio/eufonia/13/019e241ff5de7620a4e571251b06a413.jar:/home/paullexd/.var/app/studio.eufonia.EufoniaClient/data/studio.eufonia.EufoniaClient/libraries/studio/eufonia/0c/019e2421eb1e77b386225e3ad2d9490c.jar:/home/paullexd/.var/app/studio.eufonia.EufoniaClient/data/studio.eufonia.EufoniaClient/libraries/studio/eufonia/2e/019e2425480475029ce825f98702732e.jar:/home/paullexd/.var/app/studio.eufonia.EufoniaClient/data/studio.eufonia.EufoniaClient/libraries/studio/eufonia/84/019e242797037520a8151fde6930c984.jar:/home/paullexd/.var/app/studio.eufonia.EufoniaClient/data/studio.eufonia.EufoniaClient/libraries/studio/eufonia/ea/019e2429cd597e50b7c45dbb3c9019ea.jar:/home/paullexd/.var/app/studio.eufonia.EufoniaClient/data/studio.eufonia.EufoniaClient/libraries/studio/eufonia/22/019e41a87aff75739a7caf6a42276222.jar:/home/paullexd/.var/app/studio.eufonia.EufoniaClient/data/studio.eufonia.EufoniaClient/libraries/studio/eufonia/9d/019e6b0e92e67f82a3134c0b5576e89d.jar:/home/paullexd/.var/app/studio.eufonia.EufoniaClient/data/studio.eufonia.EufoniaClient/libraries/studio/eufonia/5f/019ea339bbc47771a72dbce4c0f8145f.jar:/home/paullexd/.var/app/studio.eufonia.EufoniaClient/data/studio.eufonia.EufoniaClient/libraries/studio/eufonia/d9/019f0b33a4b87ba2a42cd4e366f067d9.jar:/home/paullexd/.var/app/studio.eufonia.EufoniaClient/data/studio.eufonia.EufoniaClient/libraries/studio/eufonia/2f/019f2fd14f957743877d880c1aa0122f.jar:/home/paullexd/.var/app/studio.eufonia.EufoniaClient/data/studio.eufonia.EufoniaClient/libraries/studio/eufonia/c7/019f33105f5f733183e05a5bf3ad4ec7.jar:/home/paullexd/.var/app/studio.eufonia.EufoniaClient/data/studio.eufonia.EufoniaClient/libraries/studio/eufonia/be/019f4335294f7c729e637e09c88452be.jar:/home/paullexd/.var/app/studio.eufonia.EufoniaClient/data/studio.eufonia.EufoniaClient/libraries/studio/eufonia/c8/019f4336fa547793983eb29a6c27c6c8.jar:/home/paullexd/.var/app/studio.eufonia.EufoniaClient/data/studio.eufonia.EufoniaClient/libraries/studio/eufonia/a4/019f433cf78d7d528fa5bcdbc262bba4.jar:/home/paullexd/.var/app/studio.eufonia.EufoniaClient/data/studio.eufonia.EufoniaClient/libraries/studio/eufonia/ac/019f4340184077939fea2a4a19cc8eac.jar:/home/paullexd/.var/app/studio.eufonia.EufoniaClient/data/studio.eufonia.EufoniaClient/libraries/studio/eufonia/65/019f4e43eb9d7421ae6872f4dfe7df65.jar:/home/paullexd/.var/app/studio.eufonia.EufoniaClient/data/studio.eufonia.EufoniaClient/libraries/studio/eufonia/c6/019f4e442a6b7cf1b04c82817c79aec6.jar:/home/paullexd/.var/app/studio.eufonia.EufoniaClient/data/studio.eufonia.EufoniaClient/libraries/studio/eufonia/15/019f4e44dcb879a283753d97c2e05f15.jar:/home/paullexd/.var/app/studio.eufonia.EufoniaClient/data/studio.eufonia.EufoniaClient/libraries/studio/eufonia/5a/019f4e4582d77520adfaa92fbe26895a.jar:/home/paullexd/.var/app/studio.eufonia.EufoniaClient/data/studio.eufonia.EufoniaClient/libraries/studio/eufonia/9c/019f56475ddf75228cbdfc6d67caf89c.jar:/home/paullexd/.var/app/studio.eufonia.EufoniaClient/data/studio.eufonia.EufoniaClient/libraries/studio/eufonia/76/019f564858227cf1bb00eb42487ae676.jar:/home/paullexd/.var/app/studio.eufonia.EufoniaClient/data/studio.eufonia.EufoniaClient/libraries/studio/eufonia/96/019f5648ba677922b47b629e96f8af96.jar:/home/paullexd/.var/app/studio.eufonia.EufoniaClient/data/studio.eufonia.EufoniaClient/libraries/studio/eufonia/10/019f564925fa78a19f8207819f5cd710.jar:/home/paullexd/.var/app/studio.eufonia.EufoniaClient/data/studio.eufonia.EufoniaClient/libraries/studio/eufonia/65/019f56498d2a7bc39a58cf5bed2ea965.jar:/home/paullexd/.var/app/studio.eufonia.EufoniaClient/data/studio.eufonia.EufoniaClient/libraries/studio/eufonia/c7/019f564b173c75a0bf7c5304952bf1c7.jar:/home/paullexd/.var/app/studio.eufonia.EufoniaClient/data/studio.eufonia.EufoniaClient/libraries/studio/eufonia/ca/019f564bcb807bb1b37d85cc5008bcca.jar:/home/paullexd/.var/app/studio.eufonia.EufoniaClient/data/studio.eufonia.EufoniaClient/libraries/studio/eufonia/98/019f564c7cb476e2ba373551c7124f98.jar:/home/paullexd/.var/app/studio.eufonia.EufoniaClient/data/studio.eufonia.EufoniaClient/libraries/studio/eufonia/02/019f564d7541731092e06e9120cc5402.jar:/home/paullexd/.var/app/studio.eufonia.EufoniaClient/data/studio.eufonia.EufoniaClient/libraries/studio/eufonia/89/019f5af326b87123977e063aba458289.jar:/home/paullexd/.var/app/studio.eufonia.EufoniaClient/data/studio.eufonia.EufoniaClient/libraries/studio/eufonia/02/019f5c2e361373d1af95bb0d68b71c02.jar:/home/paullexd/.var/app/studio.eufonia.EufoniaClient/data/studio.eufonia.EufoniaClient/libraries/studio/eufonia/cf/019f609ed5a6797390caf36ceee4c4cf.jar:/home/paullexd/.var/app/studio.eufonia.EufoniaClient/data/studio.eufonia.EufoniaClient/libraries/studio/eufonia/7e/019f60a788e579e388065c54f8a2487e.jar:/home/paullexd/.var/app/studio.eufonia.EufoniaClient/data/studio.eufonia.EufoniaClient/libraries/studio/eufonia/9d/019f626a67e673b1b836d12d53048b9d.jar:/home/paullexd/.var/app/studio.eufonia.EufoniaClient/data/studio.eufonia.EufoniaClient/libraries/studio/eufonia/e7/019f626ba44e7380b8a0c66ec1830ae7.jar:/home/paullexd/.var/app/studio.eufonia.EufoniaClient/data/studio.eufonia.EufoniaClient/libraries/studio/eufonia/21/019f62cd6b687e00830d2f85ad560221.jar:/home/paullexd/.var/app/studio.eufonia.EufoniaClient/data/studio.eufonia.EufoniaClient/libraries/studio/eufonia/98/019f631ae5447ed088c6c4df51746698.jar:/home/paullexd/.var/app/studio.eufonia.EufoniaClient/data/studio.eufonia.EufoniaClient/libraries/studio/eufonia/d5/019f665c83be77a38b6fe4de978869d5.jar:/home/paullexd/.var/app/studio.eufonia.EufoniaClient/data/studio.eufonia.EufoniaClient/libraries/studio/eufonia/ac/019f673c134273c0bf1818aa5d3631ac.jar:/home/paullexd/.var/app/studio.eufonia.EufoniaClient/data/studio.eufonia.EufoniaClient/libraries/studio/eufonia/6f/019f673c96627b53965e70c60325d96f.jar:/home/paullexd/.var/app/studio.eufonia.EufoniaClient/data/studio.eufonia.EufoniaClient/libraries/studio/eufonia/fa/019f810113677490a81f538568842afa.jar:/home/paullexd/.var/app/studio.eufonia.EufoniaClient/data/studio.eufonia.EufoniaClient/libraries/studio/eufonia/99/019f816a52247c139b95c8e55c679699.jar:/home/paullexd/.var/app/studio.eufonia.EufoniaClient/data/studio.eufonia.EufoniaClient/libraries/studio/eufonia/29/019fa77008fc7b93b8aa7dd626d4af29.jar:/home/paullexd/.var/app/studio.eufonia.EufoniaClient/data/studio.eufonia.EufoniaClient/libraries/studio/eufonia/6f/019faf0a176a7e609a21f99b9f2cdd6f.jar:/home/paullexd/.var/app/studio.eufonia.EufoniaClient/data/studio.eufonia.EufoniaClient/libraries/studio/eufonia/73/019faf69377e7382a86b699ec45ba873.jar:/home/paullexd/.var/app/studio.eufonia.EufoniaClient/data/studio.eufonia.EufoniaClient/libraries/studio/eufonia/42/019fbb166ef57bb391af3eff4ee45d42.jar:/home/paullexd/.var/app/studio.eufonia.EufoniaClient/data/studio.eufonia.EufoniaClient/libraries/studio/eufonia/49/019fbb16d10772828c233dfc05839949.jar:/home/paullexd/.var/app/studio.eufonia.EufoniaClient/data/studio.eufonia.EufoniaClient/libraries/studio/eufonia/8a/01a01c138b5b72d393b108fbc18ad18a.jar:/home/paullexd/.var/app/studio.eufonia.EufoniaClient/data/studio.eufonia.EufoniaClient/libraries/studio/eufonia/25/01a0356659747340b4c8b3359d582f25.jar:/home/paullexd/.var/app/studio.eufonia.EufoniaClient/data/studio.eufonia.EufoniaClient/libraries/studio/eufonia/77/01a0364d39fd7052b5f7e751970e3677.jar:/home/paullexd/.var/app/studio.eufonia.EufoniaClient/data/studio.eufonia.EufoniaClient/libraries/studio/eufonia/5b/01a0458842e87342b330afb6c29c6f5b.jar:/home/paullexd/.var/app/studio.eufonia.EufoniaClient/data/studio.eufonia.EufoniaClient/libraries/studio/eufonia/dd/01a04a4deb867d52943d0c1dfe381edd.jar:/home/paullexd/.var/app/studio.eufonia.EufoniaClient/data/studio.eufonia.EufoniaClient/libraries/studio/eufonia/9e/01a04a52d80b7e53af98dcb12f855b9e.jar:/home/paullexd/.var/app/studio.eufonia.EufoniaClient/data/studio.eufonia.EufoniaClient/libraries/studio/eufonia/0f/01a04f41ec227632b229b9dee10d020f.jar:/home/paullexd/.var/app/studio.eufonia.EufoniaClient/data/studio.eufonia.EufoniaClient/libraries/studio/eufonia/86/01a04f466f4d7da29eefedf8d2c3bd86.jar:/home/paullexd/.var/app/studio.eufonia.EufoniaClient/data/studio.eufonia.EufoniaClient/libraries/studio/eufonia/d7/01a04f49b898757292c43ce2cf954ed7.jar:/home/paullexd/.var/app/studio.eufonia.EufoniaClient/data/studio.eufonia.EufoniaClient/libraries/studio/eufonia/2c/01a0512c799c7600ae2eb11163b4852c.jar:/home/paullexd/.var/app/studio.eufonia.EufoniaClient/data/studio.eufonia.EufoniaClient/libraries/studio/eufonia/0c/01a068085d327fb09658960b9f00df0c.jar:/home/paullexd/.var/app/studio.eufonia.EufoniaClient/data/studio.eufonia.EufoniaClient/libraries/studio/eufonia/89/01a068f55bf67721af4c3cfbddaba589.jar:/home/paullexd/.var/app/studio.eufonia.EufoniaClient/data/studio.eufonia.EufoniaClient/libraries/studio/eufonia/fd/01a07d57f8107f70b468d1771493c4fd.jar:/home/paullexd/.var/app/studio.eufonia.EufoniaClient/data/studio.eufonia.EufoniaClient/libraries/studio/eufonia/e2/01a07ec11e9472d196db7b84ed00d4e2.jar:/home/paullexd/.var/app/studio.eufonia.EufoniaClient/data/studio.eufonia.EufoniaClient/libraries/studio/eufonia/2b/01a084500a8573d08bd8c3dc4d2ee92b.jar:/home/paullexd/.var/app/studio.eufonia.EufoniaClient/data/studio.eufonia.EufoniaClient/libraries/studio/eufonia/dc/01a084507e717ad3bf03b422e91ddbdc.jar:/home/paullexd/.var/app/studio.eufonia.EufoniaClient/data/studio.eufonia.EufoniaClient/libraries/studio/eufonia/45/01a084519d867792b2bfd471f6fea745.jar:/home/paullexd/.var/app/studio.eufonia.EufoniaClient/data/studio.eufonia.EufoniaClient/libraries/studio/eufonia/91/01a086ace8c173e3b8fca6dce6d10691.jar:/home/paullexd/.var/app/studio.eufonia.EufoniaClient/data/studio.eufonia.EufoniaClient/libraries/studio/eufonia/03/01a0887a405a78e0ba14b0411c656b03.jar:/home/paullexd/.var/app/studio.eufonia.EufoniaClient/data/studio.eufonia.EufoniaClient/libraries/studio/eufonia/60/01a08d5454d77a8088c2ed81ba8aa160.jar:/home/paullexd/.var/app/studio.eufonia.EufoniaClient/data/studio.eufonia.EufoniaClient/libraries/studio/eufonia/17/01a09288a6587f61a667e9b5f0081217.jar:/home/paullexd/.var/app/studio.eufonia.EufoniaClient/data/studio.eufonia.EufoniaClient/libraries/studio/eufonia/64/01a09721e7c67ca2a4be54ed30202764.jar:/home/paullexd/.var/app/studio.eufonia.EufoniaClient/data/studio.eufonia.EufoniaClient/libraries/studio/eufonia/86/01a097224b4d76218956181d7d743486.jar:/home/paullexd/.var/app/studio.eufonia.EufoniaClient/data/studio.eufonia.EufoniaClient/libraries/studio/eufonia/d6/01a097c0385771919d11319b337336d6.jar:/home/paullexd/.var/app/studio.eufonia.EufoniaClient/data/studio.eufonia.EufoniaClient/libraries/studio/eufonia/23/01a09e398d427f7385e325f8f697de23.jar:/home/paullexd/.var/app/studio.eufonia.EufoniaClient/data/studio.eufonia.EufoniaClient/libraries/studio/eufonia/1b/01a0a6f7011374a3b2b56ad902a03b1b.jar:/home/paullexd/.var/app/studio.eufonia.EufoniaClient/data/studio.eufonia.EufoniaClient/libraries/studio/eufonia/9a/01a0a78004fd7011b3bec93f5e7be49a.jar:/home/paullexd/.var/app/studio.eufonia.EufoniaClient/data/studio.eufonia.EufoniaClient/libraries/studio/eufonia/3b/01a0a78452a279f3bc1968e93eaffb3b.jar:/home/paullexd/.var/app/studio.eufonia.EufoniaClient/data/studio.eufonia.EufoniaClient/libraries/studio/eufonia/1f/01a0a78df1bf7963bdd2af80b67dd61f.jar:/home/paullexd/.var/app/studio.eufonia.EufoniaClient/data/studio.eufonia.EufoniaClient/libraries/studio/eufonia/9d/01a0a89d8b007ad39cb3e0f0a16c0b9d.jar:/home/paullexd/.var/app/studio.eufonia.EufoniaClient/data/studio.eufonia.EufoniaClient/libraries/studio/eufonia/be/01a0abcaeaad7f93bea57ac457efa3be.jar:/home/paullexd/.var/app/studio.eufonia.EufoniaClient/data/studio.eufonia.EufoniaClient/libraries/studio/eufonia/4a/01a0abd1bafb7152b242923d710aa24a.jar:/home/paullexd/.var/app/studio.eufonia.EufoniaClient/data/studio.eufonia.EufoniaClient/libraries/studio/eufonia/97/01a0acb4f42e7481a7709d0114f16d97.jar:/home/paullexd/.var/app/studio.eufonia.EufoniaClient/data/studio.eufonia.EufoniaClient/libraries/studio/eufonia/52/01a0acbe91517e2389bd7eb28af99852.jar)
		at com.sun.jna.Native.extractFromResourcePath(Native.java:1141) ~[jna-5.14.0.jar:?]
		at com.sun.jna.NativeLibrary.loadLibrary(NativeLibrary.java:297) ~[jna-5.14.0.jar:?]
		at com.sun.jna.NativeLibrary.getInstance(NativeLibrary.java:481) ~[jna-5.14.0.jar:?]
		at com.sun.jna.NativeLibrary.getInstance(NativeLibrary.java:423) ~[jna-5.14.0.jar:?]
		at com.mojang.text2speech.NarratorLinux$FliteLibrary.loadNative(NarratorLinux.java:67) ~[text2speech-1.17.9.jar:?]
		at com.mojang.text2speech.NarratorLinux.<init>(NarratorLinux.java:18) ~[text2speech-1.17.9.jar:?]
		at com.mojang.text2speech.Narrator.getNarrator(Narrator.java:41) [text2speech-1.17.9.jar:?]
		at net.minecraft.class_333.<init>(class_333.java:19) [client-intermediary.jar:?]
		at net.minecraft.class_310.<init>(class_310.java:675) [client-intermediary.jar:?]
		at net.minecraft.client.main.Main.main(Main.java:239) [client-intermediary.jar:?]
		at net.fabricmc.loader.impl.game.minecraft.MinecraftGameProvider.launch(MinecraftGameProvider.java:517) [01a0a78df1bf7963bdd2af80b67dd61f.jar:?]
		at net.fabricmc.loader.impl.launch.knot.Knot.launch(Knot.java:72) [01a0a78df1bf7963bdd2af80b67dd61f.jar:?]
		at net.fabricmc.loader.impl.launch.knot.KnotClient.main(KnotClient.java:23) [01a0a78df1bf7963bdd2af80b67dd61f.jar:?]
[20:03:56] [Render thread/INFO]: Reloading ResourceManager: vanilla, fabric, adventure-platform-fabric, auctionator, balm, betterdoors, betteritemsapi, bettermounthud, bigbrain, blossom, bordercreator, brrp_v1, cardinal-components-base, cardinal-components-entity, cardinal-components-scoreboard, celestesafio, cloth-config, creativecore, cubes-without-borders, cuca, cuca-shared, d4gulaggames, d4potatogulag, d4shadersutils, dedsafio-entities, dedsafio4, dramaticdoors, dreamsutils, effectcreator, entity_model_features, entity_texture_features, equipmentmodifier, eufoniabetterblocks, eufoniacore, eufoniaentities, eufoniaitems, eufoniatrails, eufoniaweapons, fabric-api, fabric-api-base, fabric-api-lookup-api-v1, fabric-biome-api-v1, fabric-block-api-v1, fabric-block-view-api-v2, fabric-blockrenderlayer-v1, fabric-client-tags-api-v1, fabric-command-api-v1, fabric-command-api-v2, fabric-commands-v0, fabric-content-registries-v0, fabric-convention-tags-v1, fabric-convention-tags-v2, fabric-crash-report-info-v1, fabric-data-attachment-api-v1, fabric-data-generation-api-v1, fabric-dimensions-v1, fabric-entity-events-v1, fabric-events-interaction-v0, fabric-game-rule-api-v1, fabric-item-api-v1, fabric-item-group-api-v1, fabric-key-binding-api-v1, fabric-keybindings-v0, fabric-language-kotlin, fabric-lifecycle-events-v1, fabric-loot-api-v2, fabric-loot-api-v3, fabric-message-api-v1, fabric-model-loading-api-v1, fabric-networking-api-v1, fabric-object-builder-api-v1, fabric-particles-v1, fabric-recipe-api-v1, fabric-registry-sync-v0, fabric-renderer-api-v1, fabric-renderer-indigo, fabric-renderer-registries-v1, fabric-rendering-data-attachment-v1, fabric-rendering-fluids-v1, fabric-rendering-v0, fabric-rendering-v1, fabric-resource-conditions-api-v1, fabric-resource-loader-v0, fabric-screen-api-v1, fabric-screen-handler-api-v1, fabric-sound-api-v1, fabric-transfer-api-v1, fabric-transitive-access-wideners-v1, fabricloader, fancymenu, framer, fzzy_config, immersive-hotbar, immersiveui, itemhide, kanos_config, keypadapi, konkrete, lambdynlights, languagereload, lightsystem, lithium, mcwdoors, merchantry, mixintrace, modernfix, modmenu, morechathistory, mr_many_morebanners, mrph, mrph-shared, mythicemotes, mythichardcore, mythicmaps, mythicpane, mythicsky, nicknamer, nochatreports, numismatic, numismatic-guilds, numismatic-wow, octolib, pehkui, plasmovoice, postal, pride, reeses-sodium-options, satin, sc4shaders, shader_entities, shaderblock, shulkerboxtooltip, simpleresourceloader, sodium, sodium-extra, spaceship, spark, spruceui, suitutils, supersecretcreator, sync, sync-shared, template, tooltipcreator, totemapi, trashslot, trender, trickster, vanillabackport, veil, vengine, waterframes, waveycapes, xaerominimap, xaeroworldmap, xercapaint, xxlpackets, yet_another_config_lib_v3, srl_rp/SoundUtils.zip, srl_rp/eufonia.zip, srl_rp/rp
[20:03:56] [Render thread/INFO]: BRRP register - before vanilla
[20:03:56] [Render thread/INFO]: BRRP register - after vanilla
[20:03:56] [Render thread/INFO]: Reloading Morpher Resources
[20:03:56] [Worker-ResourceReload-11/WARN]: File protections:sounds/lock.ogg does not exist, cannot add it to event keypadapi:lock
[20:03:56] [Worker-ResourceReload-11/WARN]: File protections:sounds/unlock.ogg does not exist, cannot add it to event keypadapi:unlock
[20:03:56] [Worker-ResourceReload-11/WARN]: File entityeufonia:sounds/entity/spaceship_evil/attack0.ogg does not exist, cannot add it to event entityeufonia:entity.spaceship_evil.attack
[20:03:56] [Worker-ResourceReload-11/WARN]: File entityeufonia:sounds/entity/spaceship_evil/attack1.ogg does not exist, cannot add it to event entityeufonia:entity.spaceship_evil.attack1
[20:03:56] [Worker-ResourceReload-11/WARN]: File entityeufonia:sounds/entity/spaceship_evil/attack2.ogg does not exist, cannot add it to event entityeufonia:entity.spaceship_evil.attack2
[20:03:56] [Worker-ResourceReload-11/WARN]: File entityeufonia:sounds/entity/spaceship_evil/attack3.ogg does not exist, cannot add it to event entityeufonia:entity.spaceship_evil.attack3
[20:03:56] [Worker-ResourceReload-11/WARN]: File entityeufonia:sounds/entity/spaceship_evil/attack4.ogg does not exist, cannot add it to event entityeufonia:entity.spaceship_evil.attack4
[20:03:56] [Worker-ResourceReload-11/WARN]: File entityeufonia:sounds/entity/spaceship_evil/attack5.ogg does not exist, cannot add it to event entityeufonia:entity.spaceship_evil.attack5
[20:03:56] [Worker-ResourceReload-11/WARN]: File entityeufonia:sounds/entity/spaceship_evil/attack7.ogg does not exist, cannot add it to event entityeufonia:entity.spaceship_evil.attack7
[20:03:56] [Worker-ResourceReload-11/WARN]: File entityeufonia:sounds/entity/spaceship_evil/attack8.ogg does not exist, cannot add it to event entityeufonia:entity.spaceship_evil.attack8
[20:03:56] [Worker-ResourceReload-11/WARN]: File entityeufonia:sounds/entity/spaceship_evil/attack9.ogg does not exist, cannot add it to event entityeufonia:entity.spaceship_evil.attack9
[20:03:56] [Worker-ResourceReload-11/WARN]: File entityeufonia:sounds/entity/spaceship_evil/attack10.ogg does not exist, cannot add it to event entityeufonia:entity.spaceship_evil.attack10
[20:03:56] [Worker-ResourceReload-11/WARN]: File entityeufonia:sounds/entity/spaceship_evil/step.ogg does not exist, cannot add it to event entityeufonia:entity.spaceship_evil.walk
[20:03:56] [Worker-ResourceReload-11/WARN]: File toolkit:sounds/timer_tick.ogg does not exist, cannot add it to event eufoniacore:timer_tick
[20:03:56] [Worker-ResourceReload-11/WARN]: File suitutils:sounds/skyeffect/space_planet_liftoff.ogg does not exist, cannot add it to event suitutils:skyeffect.space_planet.liftoff
[20:03:56] [Worker-ResourceReload-11/WARN]: File suitutils:sounds/skyeffect/space_planet_cloud_impact.ogg does not exist, cannot add it to event suitutils:skyeffect.space_planet.cloud_impact
[20:03:56] [Worker-ResourceReload-16/INFO]: Found unifont_all_no_pua-15.1.05.hex, loading
[20:03:56] [Worker-ResourceReload-11/WARN]: File eufoniaweapons:sounds/rocket_launcher/rocket_launcher_impact.ogg does not exist, cannot add it to event eufoniaweapons:rocket_launcher_impact
[20:03:56] [Worker-ResourceReload-11/WARN]: File eufoniaweapons:sounds/whip/whip_1.ogg does not exist, cannot add it to event eufoniaweapons:whip_1
[20:03:56] [Worker-ResourceReload-11/WARN]: File merchantry:sounds/sfx/robot/walk/robot_1_walk_4.ogg does not exist, cannot add it to event merchantry:sfx.robot.walk
[20:03:56] [Worker-ResourceReload-11/WARN]: File project_name:sounds/sound.ogg does not exist, cannot add it to event eufonia:music.sound
[20:03:56] [Worker-ResourceReload-11/WARN]: File project_name:sounds/sound.ogg does not exist, cannot add it to event eufonia:ambient.sound
[20:03:56] [Render thread/ERROR]: Invalid path in mod resource-pack supersecretcreator: dedsafio:textures/mob_effect/toxic waste.png, ignoring
[20:03:56] [Render thread/ERROR]: Invalid path in mod resource-pack eufoniaentities: entityeufonia:textures/entity/carnivorous_plant .png, ignoring
[20:03:56] [Worker-ResourceReload-7/ERROR]: Invalid path in mod resource-pack supersecretcreator: dedsafio:textures/mob_effect/toxic waste.png, ignoring
[20:03:56] [Worker-ResourceReload-7/ERROR]: Invalid path in mod resource-pack supersecretcreator: supersecretshaders:textures/mob_effect/toxic waste.png, ignoring
[20:03:56] [Render thread/ERROR]: Invalid path in mod resource-pack supersecretcreator: supersecretshaders:textures/mob_effect/toxic waste.png, ignoring
[20:03:56] [Worker-ResourceReload-11/WARN]: File dedsafio4:sounds/interface_charge_loop.ogg does not exist, cannot add it to event dedsafio4:interface_charge_loop
[20:03:56] [Worker-ResourceReload-11/WARN]: File dedsafio4:sounds/interface_charge_complete.ogg does not exist, cannot add it to event dedsafio4:interface_charge_complete
[20:03:56] [Worker-ResourceReload-11/WARN]: File dedsafio4:sounds/interface_cancel.ogg does not exist, cannot add it to event dedsafio4:interface_cancel
[20:03:56] [Worker-ResourceReload-11/WARN]: File dedsafio4:sounds/interface_error.ogg does not exist, cannot add it to event dedsafio4:interface_error
[20:03:56] [Worker-ResourceReload-11/WARN]: File dedsafio4:sounds/interface_jump_initiate.ogg does not exist, cannot add it to event dedsafio4:interface_jump_initiate
[20:03:56] [Worker-ResourceReload-11/WARN]: File dedsafio4:sounds/interface_jump_charge.ogg does not exist, cannot add it to event dedsafio4:interface_jump_charge
[20:03:56] [Worker-ResourceReload-11/WARN]: File dedsafio4:sounds/interface_jump_engage.ogg does not exist, cannot add it to event dedsafio4:interface_jump_engage
[20:03:56] [Worker-ResourceReload-11/WARN]: File dedsafio4:sounds/interface_stabilizing.ogg does not exist, cannot add it to event dedsafio4:interface_stabilizing
[20:03:56] [Worker-ResourceReload-11/WARN]: File dedsafio4:sounds/interface_phase_change.ogg does not exist, cannot add it to event dedsafio4:interface_phase_change
[20:03:56] [Worker-ResourceReload-11/WARN]: File dedsafio4:sounds/interface_cooldown_ready.ogg does not exist, cannot add it to event dedsafio4:interface_cooldown_ready
[20:03:56] [Worker-ResourceReload-11/WARN]: File dedsafio4:sounds/interface_welcome.ogg does not exist, cannot add it to event dedsafio4:interface_welcome
[20:03:56] [Worker-ResourceReload-11/WARN]: Unsupported geometry json version: 1.21.0 for model entityeufonia:geo/abbysal_keeper.geo.json. Supported versions: 1.12.0. Remove any rotated face UVs and re-export the model to fix
[20:03:56] [Render thread/ERROR]: Invalid path in mod resource-pack suitutils: suitutils:textures/keyboard/pressed/MOUSE.png, ignoring
[20:03:56] [Render thread/ERROR]: Invalid path in mod resource-pack suitutils: suitutils:textures/keyboard/pressed/Clic_Izquierdo2.png, ignoring
[20:03:56] [Render thread/ERROR]: Invalid path in mod resource-pack suitutils: suitutils:textures/keyboard/pressed/Clic_Derecho2.png, ignoring
[20:03:56] [Render thread/ERROR]: Invalid path in mod resource-pack suitutils: suitutils:textures/keyboard/pressed/BI.png, ignoring
[20:03:56] [Render thread/ERROR]: Invalid path in mod resource-pack suitutils: suitutils:textures/keyboard/pressed/BD.png, ignoring
[20:03:56] [Worker-ResourceReload-10/INFO]: BRRP register - before vanilla
[20:03:56] [Worker-ResourceReload-10/INFO]: BRRP register - after vanilla
[20:03:56] [Worker-ResourceReload-4/INFO]: Found unifont_jp_patch-15.1.05.hex, loading
[20:03:56] [Worker-ResourceReload-11/WARN]: Unsupported geometry json version: 1.21.0 for model entityeufonia:geo/amuna_y_reviil.geo.json. Supported versions: 1.12.0. Remove any rotated face UVs and re-export the model to fix
[20:03:56] [Worker-ResourceReload-3/WARN]: Unsupported geometry json version: 1.21.0 for model entityeufonia:geo/amuna_y_reviil_layer.geo.json. Supported versions: 1.12.0. Remove any rotated face UVs and re-export the model to fix
[20:03:56] [Render thread/INFO]: [FANCYMENU] Initializing screen customization engine! Addons should NOT REGISTER TO REGISTRIES anymore now!
[20:03:56] [Worker-ResourceReload-11/WARN]: Unsupported geometry json version for model dreamsutils:geo/chainsaw.geo.json. Supported versions: 1.12.0
[20:03:56] [Worker-ResourceReload-3/WARN]: Unsupported geometry json version for model blockeufonia:geo/chest_bone_1.geo.json. Supported versions: 1.12.0
[20:03:56] [Worker-ResourceReload-11/WARN]: Unsupported geometry json version for model entityeufonia:geo/chest_bone_1.geo.json. Supported versions: 1.12.0
[20:03:56] [Worker-ResourceReload-11/WARN]: Unsupported geometry json version for model entityeufonia:geo/chest_bone_2.geo.json. Supported versions: 1.12.0
[20:03:56] [Worker-ResourceReload-3/WARN]: Unsupported geometry json version for model blockeufonia:geo/chest_bone_2.geo.json. Supported versions: 1.12.0
[20:03:56] [Worker-ResourceReload-3/WARN]: Unsupported geometry json version: 1.21.0 for model entityeufonia:geo/dino_brontosaurio.geo.json. Supported versions: 1.12.0. Remove any rotated face UVs and re-export the model to fix
[20:03:56] [Worker-ResourceReload-13/WARN]: Unsupported geometry json version: 1.21.0 for model entityeufonia:geo/flying_eye.geo.json. Supported versions: 1.12.0. Remove any rotated face UVs and re-export the model to fix
[20:03:56] [Worker-ResourceReload-11/WARN]: Unsupported geometry json version for model entityeufonia:geo/fruit_orange.geo.json. Supported versions: 1.12.0
[20:03:56] [Worker-ResourceReload-13/WARN]: Unsupported geometry json version: 1.21.0 for model entityeufonia:geo/golem_cedar.geo.json. Supported versions: 1.12.0. Remove any rotated face UVs and re-export the model to fix
[20:03:56] [Worker-ResourceReload-13/WARN]: Unsupported geometry json version: 1.21.0 for model entityeufonia:geo/humanoid_shark.geo.json. Supported versions: 1.12.0. Remove any rotated face UVs and re-export the model to fix
[20:03:56] [Worker-ResourceReload-3/WARN]: Unsupported geometry json version: 1.21.0 for model entityeufonia:geo/humanoid_shark2.geo.json. Supported versions: 1.12.0. Remove any rotated face UVs and re-export the model to fix
[20:03:56] [Worker-ResourceReload-11/WARN]: Unsupported geometry json version: 1.21.0 for model entityeufonia:geo/item_amulet.geo.json. Supported versions: 1.12.0. Remove any rotated face UVs and re-export the model to fix
[20:03:56] [Worker-ResourceReload-11/WARN]: Unsupported geometry json version: 1.21.0 for model entityeufonia:geo/parasite.geo.json. Supported versions: 1.12.0. Remove any rotated face UVs and re-export the model to fix
[20:03:56] [Worker-ResourceReload-1/WARN]: Unsupported geometry json version: 1.21.0 for model entityeufonia:geo/mutant_plant.geo.json. Supported versions: 1.12.0. Remove any rotated face UVs and re-export the model to fix
[20:03:57] [Worker-ResourceReload-3/WARN]: Unsupported geometry json version: 1.21.0 for model entityeufonia:geo/reviil_1.geo.json. Supported versions: 1.12.0. Remove any rotated face UVs and re-export the model to fix
[20:03:57] [Worker-ResourceReload-11/WARN]: Unsupported geometry json version: 1.21.0 for model entityeufonia:geo/reviil_1_armor.geo.json. Supported versions: 1.12.0. Remove any rotated face UVs and re-export the model to fix
[20:03:57] [Worker-ResourceReload-1/WARN]: Unsupported geometry json version: 1.21.0 for model entityeufonia:geo/reviil_golem.geo.json. Supported versions: 1.12.0. Remove any rotated face UVs and re-export the model to fix
[20:03:57] [Worker-ResourceReload-13/WARN]: Unsupported geometry json version: 1.21.0 for model entityeufonia:geo/spaceship_players_1.geo.json. Supported versions: 1.12.0. Remove any rotated face UVs and re-export the model to fix
[20:03:57] [Worker-ResourceReload-1/WARN]: Unsupported geometry json version: 1.21.0 for model entityeufonia:geo/spaceship_players_1_vertical.geo.json. Supported versions: 1.12.0. Remove any rotated face UVs and re-export the model to fix
[20:03:57] [Worker-ResourceReload-3/WARN]: Unsupported geometry json version: 1.21.0 for model entityeufonia:geo/spaceship_guardianes.geo.json. Supported versions: 1.12.0. Remove any rotated face UVs and re-export the model to fix
[20:03:57] [Worker-ResourceReload-1/WARN]: Unsupported geometry json version: 1.21.0 for model entityeufonia:geo/spaceship_players_2.geo.json. Supported versions: 1.12.0. Remove any rotated face UVs and re-export the model to fix
[20:03:57] [Worker-ResourceReload-13/WARN]: Unsupported geometry json version: 1.21.0 for model entityeufonia:geo/spaceship_players_2_vertical.geo.json. Supported versions: 1.12.0. Remove any rotated face UVs and re-export the model to fix
[20:03:57] [Worker-ResourceReload-3/WARN]: Unsupported geometry json version: 1.21.0 for model entityeufonia:geo/statue.geo.json. Supported versions: 1.12.0. Remove any rotated face UVs and re-export the model to fix
[20:03:57] [Render thread/INFO]: fancymenu.mixins.json:client.IMixinRealmsNotificationsScreen from mod fancymenu->@Accessor[FIELD_GETTER]::get_trialAvailable_FancyMenu()Z should be static as its target is
[20:03:57] [Render thread/INFO]: fancymenu.mixins.json:client.IMixinRealmsNotificationsScreen from mod fancymenu->@Accessor[FIELD_GETTER]::get_hasUnreadNews_FancyMenu()Z should be static as its target is
[20:03:57] [Render thread/INFO]: fancymenu.mixins.json:client.IMixinRealmsNotificationsScreen from mod fancymenu->@Accessor[FIELD_GETTER]::get_hasUnseenNotifications()Z should be static as its target is
[20:03:57] [Worker-ResourceReload-1/ERROR]: Unable to parse animation: entityeufonia.eon.idle3_cinematic
	-> Failed to parse expression '-0.9-math.si(query.anim_time*3000)*0.0.6'
		-> Unable to parse compiled symbols from expression: [Left[math.si], Right[[query.anim_time(0.0) * 3000.0]]]
[20:03:57] [Worker-ResourceReload-1/INFO]: [STDERR]: Geckolib.CompoundException: Unable to parse animation: entityeufonia.eon.idle3_cinematic
	-> Failed to parse expression '-0.9-math.si(query.anim_time*3000)*0.0.6'
		-> Unable to parse compiled symbols from expression: [Left[math.si], Right[[query.anim_time(0.0) * 3000.0]]]
[20:03:57] [Worker-ResourceReload-1/INFO]: [STDERR]: 	at software.bernie.geckolib.loading.math.MathParser.parseSymbols(MathParser.java:381)
[20:03:57] [Worker-ResourceReload-1/INFO]: [STDERR]: 	at software.bernie.geckolib.loading.math.MathParser.compileCalculation(MathParser.java:471)
[20:03:57] [Worker-ResourceReload-1/INFO]: [STDERR]: 	at software.bernie.geckolib.loading.math.MathParser.compileValue(MathParser.java:400)
[20:03:57] [Worker-ResourceReload-1/INFO]: [STDERR]: 	at software.bernie.geckolib.loading.math.MathParser.parseSymbols(MathParser.java:376)
[20:03:57] [Worker-ResourceReload-1/INFO]: [STDERR]: 	at software.bernie.geckolib.loading.math.MathParser.compileCalculation(MathParser.java:471)
[20:03:57] [Worker-ResourceReload-1/INFO]: [STDERR]: 	at software.bernie.geckolib.loading.math.MathParser.compileValue(MathParser.java:400)
[20:03:57] [Worker-ResourceReload-1/INFO]: [STDERR]: 	at software.bernie.geckolib.loading.math.MathParser.parseSymbols(MathParser.java:376)
[20:03:57] [Worker-ResourceReload-1/INFO]: [STDERR]: 	at software.bernie.geckolib.loading.math.MathParser.compileExpression(MathParser.java:209)
[20:03:57] [Worker-ResourceReload-1/INFO]: [STDERR]: 	at software.bernie.geckolib.loading.math.MathParser.compileMolang(MathParser.java:201)
[20:03:57] [Worker-ResourceReload-1/INFO]: [STDERR]: 	at software.bernie.geckolib.loading.math.MathParser.parseJson(MathParser.java:163)
[20:03:57] [Worker-ResourceReload-1/INFO]: [STDERR]: 	at software.bernie.geckolib.loading.json.typeadapter.BakedAnimationsAdapter.buildKeyframeStack(BakedAnimationsAdapter.java:185)
[20:03:57] [Worker-ResourceReload-1/INFO]: [STDERR]: 	at software.bernie.geckolib.loading.json.typeadapter.BakedAnimationsAdapter.bakeBoneAnimations(BakedAnimationsAdapter.java:77)
[20:03:57] [Worker-ResourceReload-1/INFO]: [STDERR]: 	at software.bernie.geckolib.loading.json.typeadapter.BakedAnimationsAdapter.bakeAnimation(BakedAnimationsAdapter.java:61)
[20:03:57] [Worker-ResourceReload-1/INFO]: [STDERR]: 	at software.bernie.geckolib.loading.json.typeadapter.BakedAnimationsAdapter.deserialize(BakedAnimationsAdapter.java:41)
[20:03:57] [Worker-ResourceReload-1/INFO]: [STDERR]: 	at software.bernie.geckolib.loading.json.typeadapter.BakedAnimationsAdapter.deserialize(BakedAnimationsAdapter.java:31)
[20:03:57] [Worker-ResourceReload-1/INFO]: [STDERR]: 	at com.google.gson.internal.bind.TreeTypeAdapter.read(TreeTypeAdapter.java:76)
[20:03:57] [Worker-ResourceReload-1/INFO]: [STDERR]: 	at com.google.gson.Gson.fromJson(Gson.java:1227)
[20:03:57] [Worker-ResourceReload-1/INFO]: [STDERR]: 	at com.google.gson.Gson.fromJson(Gson.java:1329)
[20:03:57] [Worker-ResourceReload-1/INFO]: [STDERR]: 	at com.google.gson.Gson.fromJson(Gson.java:1271)
[20:03:57] [Worker-ResourceReload-1/INFO]: [STDERR]: 	at software.bernie.geckolib.loading.FileLoader.loadAnimationsFile(FileLoader.java:36)
[20:03:57] [Worker-ResourceReload-1/INFO]: [STDERR]: 	at software.bernie.geckolib.cache.GeckoLibCache.lambda$loadAnimations$2(GeckoLibCache.java:79)
[20:03:57] [Worker-ResourceReload-1/INFO]: [STDERR]: 	at software.bernie.geckolib.cache.GeckoLibCache.lambda$loadResources$8(GeckoLibCache.java:121)
[20:03:57] [Worker-ResourceReload-1/INFO]: [STDERR]: 	at java.base/java.util.concurrent.CompletableFuture$AsyncSupply.run(CompletableFuture.java:1768)
[20:03:57] [Worker-ResourceReload-1/INFO]: [STDERR]: 	at java.base/java.util.concurrent.CompletableFuture$AsyncSupply.exec(CompletableFuture.java:1760)
[20:03:57] [Worker-ResourceReload-1/INFO]: [STDERR]: 	at java.base/java.util.concurrent.ForkJoinTask.doExec(ForkJoinTask.java:387)
[20:03:57] [Worker-ResourceReload-1/INFO]: [STDERR]: 	at java.base/java.util.concurrent.ForkJoinPool$WorkQueue.topLevelExec(ForkJoinPool.java:1310)
[20:03:57] [Worker-ResourceReload-1/INFO]: [STDERR]: 	at java.base/java.util.concurrent.ForkJoinPool.scan(ForkJoinPool.java:1841)
[20:03:57] [Worker-ResourceReload-1/INFO]: [STDERR]: 	at java.base/java.util.concurrent.ForkJoinPool.runWorker(ForkJoinPool.java:1806)
[20:03:57] [Worker-ResourceReload-1/INFO]: [STDERR]: 	at java.base/java.util.concurrent.ForkJoinWorkerThread.run(ForkJoinWorkerThread.java:188)
[20:03:57] [Worker-ResourceReload-1/ERROR]: Unable to parse animation: entityeufonia.eon.idle4_cinematic
	-> Failed to parse expression '-0.9-math.si(query.anim_time*3000)*0.0.6'
		-> Unable to parse compiled symbols from expression: [Left[math.si], Right[[query.anim_time(0.0) * 3000.0]]]
[20:03:57] [Worker-ResourceReload-1/INFO]: [STDERR]: Geckolib.CompoundException: Unable to parse animation: entityeufonia.eon.idle4_cinematic
	-> Failed to parse expression '-0.9-math.si(query.anim_time*3000)*0.0.6'
		-> Unable to parse compiled symbols from expression: [Left[math.si], Right[[query.anim_time(0.0) * 3000.0]]]
[20:03:57] [Worker-ResourceReload-1/INFO]: [STDERR]: 	at software.bernie.geckolib.loading.math.MathParser.parseSymbols(MathParser.java:381)
[20:03:57] [VeilShaderCompilerThread#0/ERROR]: Program 'mythicsky:skybox_hdri' uses deprecated import in fragment shader 'veil:deferred_utils': Use `#include veil:space_helper` instead
[20:03:57] [Worker-ResourceReload-1/INFO]: [STDERR]: 	at software.bernie.geckolib.loading.math.MathParser.compileCalculation(MathParser.java:471)
[20:03:57] [Worker-ResourceReload-1/INFO]: [STDERR]: 	at software.bernie.geckolib.loading.math.MathParser.compileValue(MathParser.java:400)
[20:03:57] [Worker-ResourceReload-1/INFO]: [STDERR]: 	at software.bernie.geckolib.loading.math.MathParser.parseSymbols(MathParser.java:376)
[20:03:57] [Worker-ResourceReload-1/INFO]: [STDERR]: 	at software.bernie.geckolib.loading.math.MathParser.compileCalculation(MathParser.java:471)
[20:03:57] [Worker-ResourceReload-1/INFO]: [STDERR]: 	at software.bernie.geckolib.loading.math.MathParser.compileValue(MathParser.java:400)
[20:03:57] [Worker-ResourceReload-1/INFO]: [STDERR]: 	at software.bernie.geckolib.loading.math.MathParser.parseSymbols(MathParser.java:376)
[20:03:57] [Worker-ResourceReload-1/INFO]: [STDERR]: 	at software.bernie.geckolib.loading.math.MathParser.compileExpression(MathParser.java:209)
[20:03:57] [Worker-ResourceReload-1/INFO]: [STDERR]: 	at software.bernie.geckolib.loading.math.MathParser.compileMolang(MathParser.java:201)
[20:03:57] [Worker-ResourceReload-1/INFO]: [STDERR]: 	at software.bernie.geckolib.loading.math.MathParser.parseJson(MathParser.java:163)
[20:03:57] [Worker-ResourceReload-1/INFO]: [STDERR]: 	at software.bernie.geckolib.loading.json.typeadapter.BakedAnimationsAdapter.buildKeyframeStack(BakedAnimationsAdapter.java:185)
[20:03:57] [Worker-ResourceReload-1/INFO]: [STDERR]: 	at software.bernie.geckolib.loading.json.typeadapter.BakedAnimationsAdapter.bakeBoneAnimations(BakedAnimationsAdapter.java:77)
[20:03:57] [Worker-ResourceReload-1/INFO]: [STDERR]: 	at software.bernie.geckolib.loading.json.typeadapter.BakedAnimationsAdapter.bakeAnimation(BakedAnimationsAdapter.java:61)
[20:03:57] [Worker-ResourceReload-1/INFO]: [STDERR]: 	at software.bernie.geckolib.loading.json.typeadapter.BakedAnimationsAdapter.deserialize(BakedAnimationsAdapter.java:41)
[20:03:57] [Worker-ResourceReload-1/INFO]: [STDERR]: 	at software.bernie.geckolib.loading.json.typeadapter.BakedAnimationsAdapter.deserialize(BakedAnimationsAdapter.java:31)
[20:03:57] [Worker-ResourceReload-1/INFO]: [STDERR]: 	at com.google.gson.internal.bind.TreeTypeAdapter.read(TreeTypeAdapter.java:76)
[20:03:57] [Worker-ResourceReload-1/INFO]: [STDERR]: 	at com.google.gson.Gson.fromJson(Gson.java:1227)
[20:03:57] [Worker-ResourceReload-1/INFO]: [STDERR]: 	at com.google.gson.Gson.fromJson(Gson.java:1329)
[20:03:57] [Worker-ResourceReload-1/INFO]: [STDERR]: 	at com.google.gson.Gson.fromJson(Gson.java:1271)
[20:03:57] [Worker-ResourceReload-1/INFO]: [STDERR]: 	at software.bernie.geckolib.loading.FileLoader.loadAnimationsFile(FileLoader.java:36)
[20:03:57] [Worker-ResourceReload-1/INFO]: [STDERR]: 	at software.bernie.geckolib.cache.GeckoLibCache.lambda$loadAnimations$2(GeckoLibCache.java:79)
[20:03:57] [Worker-ResourceReload-1/INFO]: [STDERR]: 	at software.bernie.geckolib.cache.GeckoLibCache.lambda$loadResources$8(GeckoLibCache.java:121)
[20:03:57] [Worker-ResourceReload-1/INFO]: [STDERR]: 	at java.base/java.util.concurrent.CompletableFuture$AsyncSupply.run(CompletableFuture.java:1768)
[20:03:57] [Worker-ResourceReload-1/INFO]: [STDERR]: 	at java.base/java.util.concurrent.CompletableFuture$AsyncSupply.exec(CompletableFuture.java:1760)
[20:03:57] [Worker-ResourceReload-1/INFO]: [STDERR]: 	at java.base/java.util.concurrent.ForkJoinTask.doExec(ForkJoinTask.java:387)
[20:03:57] [Worker-ResourceReload-1/INFO]: [STDERR]: 	at java.base/java.util.concurrent.ForkJoinPool$WorkQueue.topLevelExec(ForkJoinPool.java:1310)
[20:03:57] [Worker-ResourceReload-1/INFO]: [STDERR]: 	at java.base/java.util.concurrent.ForkJoinPool.scan(ForkJoinPool.java:1841)
[20:03:57] [Worker-ResourceReload-1/INFO]: [STDERR]: 	at java.base/java.util.concurrent.ForkJoinPool.runWorker(ForkJoinPool.java:1806)
[20:03:57] [Worker-ResourceReload-1/INFO]: [STDERR]: 	at java.base/java.util.concurrent.ForkJoinWorkerThread.run(ForkJoinWorkerThread.java:188)
[20:03:57] [Worker-ResourceReload-1/ERROR]: Unable to parse animation: entityeufonia.eon.down_cinematic
	-> Failed to parse expression '-0.9-math.si(query.anim_time*3000)*0.0.6'
		-> Unable to parse compiled symbols from expression: [Left[math.si], Right[[query.anim_time(0.0) * 3000.0]]]
[20:03:57] [Worker-ResourceReload-1/INFO]: [STDERR]: Geckolib.CompoundException: Unable to parse animation: entityeufonia.eon.down_cinematic
	-> Failed to parse expression '-0.9-math.si(query.anim_time*3000)*0.0.6'
		-> Unable to parse compiled symbols from expression: [Left[math.si], Right[[query.anim_time(0.0) * 3000.0]]]
[20:03:57] [Worker-ResourceReload-1/INFO]: [STDERR]: 	at software.bernie.geckolib.loading.math.MathParser.parseSymbols(MathParser.java:381)
[20:03:57] [Worker-ResourceReload-5/ERROR]: Unable to parse animation: emote.idle3_cinematic
	-> Failed to parse expression '-0.9-math.si(query.anim_time*3000)*0.0.6'
		-> Unable to parse compiled symbols from expression: [Left[math.si], Right[[query.anim_time(0.0) * 3000.0]]]
[20:03:57] [Worker-ResourceReload-1/INFO]: [STDERR]: 	at software.bernie.geckolib.loading.math.MathParser.compileCalculation(MathParser.java:471)
[20:03:57] [Worker-ResourceReload-1/INFO]: [STDERR]: 	at software.bernie.geckolib.loading.math.MathParser.compileValue(MathParser.java:400)
[20:03:57] [Worker-ResourceReload-1/INFO]: [STDERR]: 	at software.bernie.geckolib.loading.math.MathParser.parseSymbols(MathParser.java:376)
[20:03:57] [Worker-ResourceReload-1/INFO]: [STDERR]: 	at software.bernie.geckolib.loading.math.MathParser.compileCalculation(MathParser.java:471)
[20:03:57] [Worker-ResourceReload-1/INFO]: [STDERR]: 	at software.bernie.geckolib.loading.math.MathParser.compileValue(MathParser.java:400)
[20:03:57] [Worker-ResourceReload-1/INFO]: [STDERR]: 	at software.bernie.geckolib.loading.math.MathParser.parseSymbols(MathParser.java:376)
[20:03:57] [Worker-ResourceReload-1/INFO]: [STDERR]: 	at software.bernie.geckolib.loading.math.MathParser.compileExpression(MathParser.java:209)
[20:03:57] [Worker-ResourceReload-1/INFO]: [STDERR]: 	at software.bernie.geckolib.loading.math.MathParser.compileMolang(MathParser.java:201)
[20:03:57] [Worker-ResourceReload-1/INFO]: [STDERR]: 	at software.bernie.geckolib.loading.math.MathParser.parseJson(MathParser.java:163)
[20:03:57] [Worker-ResourceReload-1/INFO]: [STDERR]: 	at software.bernie.geckolib.loading.json.typeadapter.BakedAnimationsAdapter.buildKeyframeStack(BakedAnimationsAdapter.java:185)
[20:03:57] [Worker-ResourceReload-1/INFO]: [STDERR]: 	at software.bernie.geckolib.loading.json.typeadapter.BakedAnimationsAdapter.bakeBoneAnimations(BakedAnimationsAdapter.java:77)
[20:03:57] [Worker-ResourceReload-1/INFO]: [STDERR]: 	at software.bernie.geckolib.loading.json.typeadapter.BakedAnimationsAdapter.bakeAnimation(BakedAnimationsAdapter.java:61)
[20:03:57] [Worker-ResourceReload-1/INFO]: [STDERR]: 	at software.bernie.geckolib.loading.json.typeadapter.BakedAnimationsAdapter.deserialize(BakedAnimationsAdapter.java:41)
[20:03:57] [Worker-ResourceReload-1/INFO]: [STDERR]: 	at software.bernie.geckolib.loading.json.typeadapter.BakedAnimationsAdapter.deserialize(BakedAnimationsAdapter.java:31)
[20:03:57] [Worker-ResourceReload-1/INFO]: [STDERR]: 	at com.google.gson.internal.bind.TreeTypeAdapter.read(TreeTypeAdapter.java:76)
[20:03:57] [Worker-ResourceReload-1/INFO]: [STDERR]: 	at com.google.gson.Gson.fromJson(Gson.java:1227)
[20:03:57] [Worker-ResourceReload-1/INFO]: [STDERR]: 	at com.google.gson.Gson.fromJson(Gson.java:1329)
[20:03:57] [Worker-ResourceReload-1/INFO]: [STDERR]: 	at com.google.gson.Gson.fromJson(Gson.java:1271)
[20:03:57] [Worker-ResourceReload-1/INFO]: [STDERR]: 	at software.bernie.geckolib.loading.FileLoader.loadAnimationsFile(FileLoader.java:36)
[20:03:57] [Worker-ResourceReload-1/INFO]: [STDERR]: 	at software.bernie.geckolib.cache.GeckoLibCache.lambda$loadAnimations$2(GeckoLibCache.java:79)
[20:03:57] [VeilShaderCompilerThread#2/ERROR]: Program 'mythicsky:skybox_cube' uses deprecated import in fragment shader 'veil:deferred_utils': Use `#include veil:space_helper` instead
[20:03:57] [Worker-ResourceReload-1/INFO]: [STDERR]: 	at software.bernie.geckolib.cache.GeckoLibCache.lambda$loadResources$8(GeckoLibCache.java:121)
[20:03:57] [Worker-ResourceReload-1/INFO]: [STDERR]: 	at java.base/java.util.concurrent.CompletableFuture$AsyncSupply.run(CompletableFuture.java:1768)
[20:03:57] [Worker-ResourceReload-1/INFO]: [STDERR]: 	at java.base/java.util.concurrent.CompletableFuture$AsyncSupply.exec(CompletableFuture.java:1760)
[20:03:57] [Worker-ResourceReload-1/INFO]: [STDERR]: 	at java.base/java.util.concurrent.ForkJoinTask.doExec(ForkJoinTask.java:387)
[20:03:57] [Worker-ResourceReload-1/INFO]: [STDERR]: 	at java.base/java.util.concurrent.ForkJoinPool$WorkQueue.topLevelExec(ForkJoinPool.java:1310)
[20:03:57] [Worker-ResourceReload-1/INFO]: [STDERR]: 	at java.base/java.util.concurrent.ForkJoinPool.scan(ForkJoinPool.java:1841)
[20:03:57] [Worker-ResourceReload-1/INFO]: [STDERR]: 	at java.base/java.util.concurrent.ForkJoinPool.runWorker(ForkJoinPool.java:1806)
[20:03:57] [Worker-ResourceReload-1/INFO]: [STDERR]: 	at java.base/java.util.concurrent.ForkJoinWorkerThread.run(ForkJoinWorkerThread.java:188)
[20:03:57] [Worker-ResourceReload-5/INFO]: [STDERR]: Geckolib.CompoundException: Unable to parse animation: emote.idle3_cinematic
	-> Failed to parse expression '-0.9-math.si(query.anim_time*3000)*0.0.6'
		-> Unable to parse compiled symbols from expression: [Left[math.si], Right[[query.anim_time(0.0) * 3000.0]]]
[20:03:57] [Worker-ResourceReload-5/INFO]: [STDERR]: 	at software.bernie.geckolib.loading.math.MathParser.parseSymbols(MathParser.java:381)
[20:03:57] [Worker-ResourceReload-5/INFO]: [STDERR]: 	at software.bernie.geckolib.loading.math.MathParser.compileCalculation(MathParser.java:471)
[20:03:57] [Worker-ResourceReload-5/INFO]: [STDERR]: 	at software.bernie.geckolib.loading.math.MathParser.compileValue(MathParser.java:400)
[20:03:57] [Worker-ResourceReload-5/INFO]: [STDERR]: 	at software.bernie.geckolib.loading.math.MathParser.parseSymbols(MathParser.java:376)
[20:03:57] [Worker-ResourceReload-5/INFO]: [STDERR]: 	at software.bernie.geckolib.loading.math.MathParser.compileCalculation(MathParser.java:471)
[20:03:57] [Worker-ResourceReload-5/INFO]: [STDERR]: 	at software.bernie.geckolib.loading.math.MathParser.compileValue(MathParser.java:400)
[20:03:57] [Worker-ResourceReload-5/INFO]: [STDERR]: 	at software.bernie.geckolib.loading.math.MathParser.parseSymbols(MathParser.java:376)
[20:03:57] [Worker-ResourceReload-5/INFO]: [STDERR]: 	at software.bernie.geckolib.loading.math.MathParser.compileExpression(MathParser.java:209)
[20:03:57] [Worker-ResourceReload-5/INFO]: [STDERR]: 	at software.bernie.geckolib.loading.math.MathParser.compileMolang(MathParser.java:201)
[20:03:57] [Worker-ResourceReload-5/INFO]: [STDERR]: 	at software.bernie.geckolib.loading.math.MathParser.parseJson(MathParser.java:163)
[20:03:57] [Worker-ResourceReload-5/INFO]: [STDERR]: 	at software.bernie.geckolib.loading.json.typeadapter.BakedAnimationsAdapter.buildKeyframeStack(BakedAnimationsAdapter.java:185)
[20:03:57] [Worker-ResourceReload-5/INFO]: [STDERR]: 	at software.bernie.geckolib.loading.json.typeadapter.BakedAnimationsAdapter.bakeBoneAnimations(BakedAnimationsAdapter.java:77)
[20:03:57] [Worker-ResourceReload-5/INFO]: [STDERR]: 	at software.bernie.geckolib.loading.json.typeadapter.BakedAnimationsAdapter.bakeAnimation(BakedAnimationsAdapter.java:61)
[20:03:57] [Worker-ResourceReload-5/INFO]: [STDERR]: 	at software.bernie.geckolib.loading.json.typeadapter.BakedAnimationsAdapter.deserialize(BakedAnimationsAdapter.java:41)
[20:03:57] [Worker-ResourceReload-5/INFO]: [STDERR]: 	at software.bernie.geckolib.loading.json.typeadapter.BakedAnimationsAdapter.deserialize(BakedAnimationsAdapter.java:31)
[20:03:57] [Worker-ResourceReload-5/INFO]: [STDERR]: 	at com.google.gson.internal.bind.TreeTypeAdapter.read(TreeTypeAdapter.java:76)
[20:03:57] [Worker-ResourceReload-5/INFO]: [STDERR]: 	at com.google.gson.Gson.fromJson(Gson.java:1227)
[20:03:57] [Worker-ResourceReload-5/INFO]: [STDERR]: 	at com.google.gson.Gson.fromJson(Gson.java:1329)
[20:03:57] [Worker-ResourceReload-5/INFO]: [STDERR]: 	at com.google.gson.Gson.fromJson(Gson.java:1271)
[20:03:57] [Worker-ResourceReload-5/INFO]: [STDERR]: 	at dev.atakku.mrph.client.MorpherResources.lambda$reload$0(MorpherResources.java:101)
[20:03:57] [Worker-ResourceReload-5/INFO]: [STDERR]: 	at dev.atakku.mrph.client.MorpherResources.lambda$load$11(MorpherResources.java:192)
[20:03:57] [Worker-ResourceReload-5/INFO]: [STDERR]: 	at java.base/java.util.concurrent.CompletableFuture$AsyncSupply.run(CompletableFuture.java:1768)
[20:03:57] [Worker-ResourceReload-5/INFO]: [STDERR]: 	at java.base/java.util.concurrent.CompletableFuture$AsyncSupply.exec(CompletableFuture.java:1760)
[20:03:57] [Worker-ResourceReload-5/INFO]: [STDERR]: 	at java.base/java.util.concurrent.ForkJoinTask.doExec(ForkJoinTask.java:387)
[20:03:57] [Worker-ResourceReload-5/INFO]: [STDERR]: 	at java.base/java.util.concurrent.ForkJoinPool$WorkQueue.topLevelExec(ForkJoinPool.java:1310)
[20:03:57] [Worker-ResourceReload-5/INFO]: [STDERR]: 	at java.base/java.util.concurrent.ForkJoinPool.scan(ForkJoinPool.java:1841)
[20:03:57] [Worker-ResourceReload-5/INFO]: [STDERR]: 	at java.base/java.util.concurrent.ForkJoinPool.runWorker(ForkJoinPool.java:1806)
[20:03:57] [Worker-ResourceReload-5/INFO]: [STDERR]: 	at java.base/java.util.concurrent.ForkJoinWorkerThread.run(ForkJoinWorkerThread.java:188)
[20:03:57] [Worker-ResourceReload-5/ERROR]: Unable to parse animation: emote.idle4_cinematic
	-> Failed to parse expression '-0.9-math.si(query.anim_time*3000)*0.0.6'
		-> Unable to parse compiled symbols from expression: [Left[math.si], Right[[query.anim_time(0.0) * 3000.0]]]
[20:03:57] [Worker-ResourceReload-5/INFO]: [STDERR]: Geckolib.CompoundException: Unable to parse animation: emote.idle4_cinematic
	-> Failed to parse expression '-0.9-math.si(query.anim_time*3000)*0.0.6'
		-> Unable to parse compiled symbols from expression: [Left[math.si], Right[[query.anim_time(0.0) * 3000.0]]]
[20:03:57] [Worker-ResourceReload-5/INFO]: [STDERR]: 	at software.bernie.geckolib.loading.math.MathParser.parseSymbols(MathParser.java:381)
[20:03:57] [Worker-ResourceReload-5/INFO]: [STDERR]: 	at software.bernie.geckolib.loading.math.MathParser.compileCalculation(MathParser.java:471)
[20:03:57] [Worker-ResourceReload-5/INFO]: [STDERR]: 	at software.bernie.geckolib.loading.math.MathParser.compileValue(MathParser.java:400)
[20:03:57] [Worker-ResourceReload-5/INFO]: [STDERR]: 	at software.bernie.geckolib.loading.math.MathParser.parseSymbols(MathParser.java:376)
[20:03:57] [Worker-ResourceReload-5/INFO]: [STDERR]: 	at software.bernie.geckolib.loading.math.MathParser.compileCalculation(MathParser.java:471)
[20:03:57] [Worker-ResourceReload-5/INFO]: [STDERR]: 	at software.bernie.geckolib.loading.math.MathParser.compileValue(MathParser.java:400)
[20:03:57] [Worker-ResourceReload-5/INFO]: [STDERR]: 	at software.bernie.geckolib.loading.math.MathParser.parseSymbols(MathParser.java:376)
[20:03:57] [Worker-ResourceReload-5/INFO]: [STDERR]: 	at software.bernie.geckolib.loading.math.MathParser.compileExpression(MathParser.java:209)
[20:03:57] [Worker-ResourceReload-5/INFO]: [STDERR]: 	at software.bernie.geckolib.loading.math.MathParser.compileMolang(MathParser.java:201)
[20:03:57] [Worker-ResourceReload-5/INFO]: [STDERR]: 	at software.bernie.geckolib.loading.math.MathParser.parseJson(MathParser.java:163)
[20:03:57] [Worker-ResourceReload-5/INFO]: [STDERR]: 	at software.bernie.geckolib.loading.json.typeadapter.BakedAnimationsAdapter.buildKeyframeStack(BakedAnimationsAdapter.java:185)
[20:03:57] [Worker-ResourceReload-5/INFO]: [STDERR]: 	at software.bernie.geckolib.loading.json.typeadapter.BakedAnimationsAdapter.bakeBoneAnimations(BakedAnimationsAdapter.java:77)
[20:03:57] [Worker-ResourceReload-5/INFO]: [STDERR]: 	at software.bernie.geckolib.loading.json.typeadapter.BakedAnimationsAdapter.bakeAnimation(BakedAnimationsAdapter.java:61)
[20:03:57] [Worker-ResourceReload-5/INFO]: [STDERR]: 	at software.bernie.geckolib.loading.json.typeadapter.BakedAnimationsAdapter.deserialize(BakedAnimationsAdapter.java:41)
[20:03:57] [Worker-ResourceReload-5/INFO]: [STDERR]: 	at software.bernie.geckolib.loading.json.typeadapter.BakedAnimationsAdapter.deserialize(BakedAnimationsAdapter.java:31)
[20:03:57] [Worker-ResourceReload-5/INFO]: [STDERR]: 	at com.google.gson.internal.bind.TreeTypeAdapter.read(TreeTypeAdapter.java:76)
[20:03:57] [Worker-ResourceReload-5/INFO]: [STDERR]: 	at com.google.gson.Gson.fromJson(Gson.java:1227)
[20:03:57] [Worker-ResourceReload-5/INFO]: [STDERR]: 	at com.google.gson.Gson.fromJson(Gson.java:1329)
[20:03:57] [Worker-ResourceReload-5/INFO]: [STDERR]: 	at com.google.gson.Gson.fromJson(Gson.java:1271)
[20:03:57] [Worker-ResourceReload-5/INFO]: [STDERR]: 	at dev.atakku.mrph.client.MorpherResources.lambda$reload$0(MorpherResources.java:101)
[20:03:57] [Worker-ResourceReload-5/INFO]: [STDERR]: 	at dev.atakku.mrph.client.MorpherResources.lambda$load$11(MorpherResources.java:192)
[20:03:57] [Worker-ResourceReload-5/INFO]: [STDERR]: 	at java.base/java.util.concurrent.CompletableFuture$AsyncSupply.run(CompletableFuture.java:1768)
[20:03:57] [Worker-ResourceReload-5/INFO]: [STDERR]: 	at java.base/java.util.concurrent.CompletableFuture$AsyncSupply.exec(CompletableFuture.java:1760)
[20:03:57] [Worker-ResourceReload-5/INFO]: [STDERR]: 	at java.base/java.util.concurrent.ForkJoinTask.doExec(ForkJoinTask.java:387)
[20:03:57] [Worker-ResourceReload-5/INFO]: [STDERR]: 	at java.base/java.util.concurrent.ForkJoinPool$WorkQueue.topLevelExec(ForkJoinPool.java:1310)
[20:03:57] [Worker-ResourceReload-5/INFO]: [STDERR]: 	at java.base/java.util.concurrent.ForkJoinPool.scan(ForkJoinPool.java:1841)
[20:03:57] [Worker-ResourceReload-5/INFO]: [STDERR]: 	at java.base/java.util.concurrent.ForkJoinPool.runWorker(ForkJoinPool.java:1806)
[20:03:57] [Worker-ResourceReload-5/INFO]: [STDERR]: 	at java.base/java.util.concurrent.ForkJoinWorkerThread.run(ForkJoinWorkerThread.java:188)
[20:03:57] [Worker-ResourceReload-5/ERROR]: Unable to parse animation: emote.down_cinematic
	-> Failed to parse expression '-0.9-math.si(query.anim_time*3000)*0.0.6'
		-> Unable to parse compiled symbols from expression: [Left[math.si], Right[[query.anim_time(0.0) * 3000.0]]]
[20:03:57] [Worker-ResourceReload-5/INFO]: [STDERR]: Geckolib.CompoundException: Unable to parse animation: emote.down_cinematic
	-> Failed to parse expression '-0.9-math.si(query.anim_time*3000)*0.0.6'
		-> Unable to parse compiled symbols from expression: [Left[math.si], Right[[query.anim_time(0.0) * 3000.0]]]
[20:03:57] [Worker-ResourceReload-5/INFO]: [STDERR]: 	at software.bernie.geckolib.loading.math.MathParser.parseSymbols(MathParser.java:381)
[20:03:57] [Worker-ResourceReload-5/INFO]: [STDERR]: 	at software.bernie.geckolib.loading.math.MathParser.compileCalculation(MathParser.java:471)
[20:03:57] [Worker-ResourceReload-5/INFO]: [STDERR]: 	at software.bernie.geckolib.loading.math.MathParser.compileValue(MathParser.java:400)
[20:03:57] [Worker-ResourceReload-5/INFO]: [STDERR]: 	at software.bernie.geckolib.loading.math.MathParser.parseSymbols(MathParser.java:376)
[20:03:57] [Worker-ResourceReload-5/INFO]: [STDERR]: 	at software.bernie.geckolib.loading.math.MathParser.compileCalculation(MathParser.java:471)
[20:03:57] [Worker-ResourceReload-5/INFO]: [STDERR]: 	at software.bernie.geckolib.loading.math.MathParser.compileValue(MathParser.java:400)
[20:03:57] [Worker-ResourceReload-5/INFO]: [STDERR]: 	at software.bernie.geckolib.loading.math.MathParser.parseSymbols(MathParser.java:376)
[20:03:57] [Worker-ResourceReload-5/INFO]: [STDERR]: 	at software.bernie.geckolib.loading.math.MathParser.compileExpression(MathParser.java:209)
[20:03:57] [Worker-ResourceReload-5/INFO]: [STDERR]: 	at software.bernie.geckolib.loading.math.MathParser.compileMolang(MathParser.java:201)
[20:03:57] [Worker-ResourceReload-5/INFO]: [STDERR]: 	at software.bernie.geckolib.loading.math.MathParser.parseJson(MathParser.java:163)
[20:03:57] [Worker-ResourceReload-5/INFO]: [STDERR]: 	at software.bernie.geckolib.loading.json.typeadapter.BakedAnimationsAdapter.buildKeyframeStack(BakedAnimationsAdapter.java:185)
[20:03:57] [Worker-ResourceReload-5/INFO]: [STDERR]: 	at software.bernie.geckolib.loading.json.typeadapter.BakedAnimationsAdapter.bakeBoneAnimations(BakedAnimationsAdapter.java:77)
[20:03:57] [Worker-ResourceReload-5/INFO]: [STDERR]: 	at software.bernie.geckolib.loading.json.typeadapter.BakedAnimationsAdapter.bakeAnimation(BakedAnimationsAdapter.java:61)
[20:03:57] [Worker-ResourceReload-5/INFO]: [STDERR]: 	at software.bernie.geckolib.loading.json.typeadapter.BakedAnimationsAdapter.deserialize(BakedAnimationsAdapter.java:41)
[20:03:57] [Worker-ResourceReload-5/INFO]: [STDERR]: 	at software.bernie.geckolib.loading.json.typeadapter.BakedAnimationsAdapter.deserialize(BakedAnimationsAdapter.java:31)
[20:03:57] [Worker-ResourceReload-5/INFO]: [STDERR]: 	at com.google.gson.internal.bind.TreeTypeAdapter.read(TreeTypeAdapter.java:76)
[20:03:57] [Worker-ResourceReload-5/INFO]: [STDERR]: 	at com.google.gson.Gson.fromJson(Gson.java:1227)
[20:03:57] [Worker-ResourceReload-5/INFO]: [STDERR]: 	at com.google.gson.Gson.fromJson(Gson.java:1329)
[20:03:57] [Worker-ResourceReload-5/INFO]: [STDERR]: 	at com.google.gson.Gson.fromJson(Gson.java:1271)
[20:03:57] [Worker-ResourceReload-5/INFO]: [STDERR]: 	at dev.atakku.mrph.client.MorpherResources.lambda$reload$0(MorpherResources.java:101)
[20:03:57] [Worker-ResourceReload-5/INFO]: [STDERR]: 	at dev.atakku.mrph.client.MorpherResources.lambda$load$11(MorpherResources.java:192)
[20:03:57] [Worker-ResourceReload-5/INFO]: [STDERR]: 	at java.base/java.util.concurrent.CompletableFuture$AsyncSupply.run(CompletableFuture.java:1768)
[20:03:57] [Worker-ResourceReload-5/INFO]: [STDERR]: 	at java.base/java.util.concurrent.CompletableFuture$AsyncSupply.exec(CompletableFuture.java:1760)
[20:03:57] [Worker-ResourceReload-5/INFO]: [STDERR]: 	at java.base/java.util.concurrent.ForkJoinTask.doExec(ForkJoinTask.java:387)
[20:03:57] [Worker-ResourceReload-5/INFO]: [STDERR]: 	at java.base/java.util.concurrent.ForkJoinPool$WorkQueue.topLevelExec(ForkJoinPool.java:1310)
[20:03:57] [Worker-ResourceReload-5/INFO]: [STDERR]: 	at java.base/java.util.concurrent.ForkJoinPool.scan(ForkJoinPool.java:1841)
[20:03:57] [Worker-ResourceReload-5/INFO]: [STDERR]: 	at java.base/java.util.concurrent.ForkJoinPool.runWorker(ForkJoinPool.java:1806)
[20:03:57] [Worker-ResourceReload-5/INFO]: [STDERR]: 	at java.base/java.util.concurrent.ForkJoinWorkerThread.run(ForkJoinWorkerThread.java:188)
[20:03:57] [Render thread/INFO]: Creating new TamagotchiEasterEgg with screen size: 0x0
[20:03:57] [Render thread/INFO]: Initialized 2 GUI buttons
[20:03:57] [Render thread/INFO]: Delaying buddy state loading until screen size is properly set
[20:03:57] [Render thread/INFO]: [FANCYMENU] Starting late client initialization phase..
[20:03:57] [Render thread/INFO]: [FANCYMENU] Custom window icon successfully updated!
[20:03:57] [Render thread/INFO]: [KONKRETE] Client-side modules initialized and ready to use!
[20:03:57] [DefaultDispatcher-worker-3/INFO]: Configuration loaded for class NumismaticConfig
[20:03:57] [DefaultDispatcher-worker-1/INFO]: Configuration loaded for class ActionBoardManager
[20:03:57] [DefaultDispatcher-worker-9/INFO]: Configuration loaded for class Config
[20:03:57] [DefaultDispatcher-worker-2/INFO]: Configuration loaded for class AuctionManager
[20:03:57] [DefaultDispatcher-worker-8/INFO]: Configuration loaded for class ProtectionManager
[20:03:57] [DefaultDispatcher-worker-6/INFO]: Configuration loaded for class ConsumableConfig
[20:03:57] [DefaultDispatcher-worker-5/INFO]: Configuration loaded for class TradeManager
[20:03:57] [DefaultDispatcher-worker-7/INFO]: Configuration loaded for class ItemDisableManager
[20:03:57] [DefaultDispatcher-worker-10/INFO]: Configuration loaded for class ItemHiddenManager
[20:03:57] [DefaultDispatcher-worker-15/INFO]: Configuration loaded for class ServerNicknameManager
[20:03:57] [DefaultDispatcher-worker-4/INFO]: Configuration loaded for class DurabilityManager
[20:03:57] [DefaultDispatcher-worker-4/INFO]: Configuration loaded for class GuildConfig
[20:03:57] [DefaultDispatcher-worker-15/INFO]: Configuration loaded for class GuildBankManager
[20:03:57] [DefaultDispatcher-worker-6/INFO]: Configuration loaded for class TeleporterFeature
[20:03:57] [DefaultDispatcher-worker-3/INFO]: Configuration loaded for class TricksterConfig
[20:03:57] [DefaultDispatcher-worker-7/INFO]: Configuration loaded for class AntiRoleplayersClient
[20:03:57] [DefaultDispatcher-worker-2/INFO]: Configuration loaded for class ClientTradeManager
[20:03:57] [DefaultDispatcher-worker-10/INFO]: Configuration loaded for class GuildChatManager
[20:03:57] [Render thread/INFO]: OpenAL initialized on device Audio Interno Estéreo analógico
[20:03:57] [Render thread/INFO]: -- Checking keybind "key.attack" in category "key.categories.gameplay" --
[20:03:57] [Render thread/INFO]: -- Checking keybind "key.use" in category "key.categories.gameplay" --
[20:03:57] [Render thread/INFO]: -- Checking keybind "key.forward" in category "key.categories.movement" --
[20:03:57] [Render thread/INFO]: -- Checking keybind "key.left" in category "key.categories.movement" --
[20:03:57] [Render thread/INFO]: -- Checking keybind "key.back" in category "key.categories.movement" --
[20:03:57] [Render thread/INFO]: -- Checking keybind "key.right" in category "key.categories.movement" --
[20:03:57] [Render thread/INFO]: -- Checking keybind "key.jump" in category "key.categories.movement" --
[20:03:57] [Render thread/INFO]: -- Checking keybind "key.sneak" in category "key.categories.movement" --
[20:03:57] [Render thread/INFO]: -- Checking keybind "key.sprint" in category "key.categories.movement" --
[20:03:57] [Render thread/INFO]: -- Checking keybind "key.drop" in category "key.categories.inventory" --
[20:03:57] [Render thread/INFO]: -- Checking keybind "key.inventory" in category "key.categories.inventory" --
[20:03:57] [Render thread/INFO]: -- Checking keybind "key.chat" in category "key.categories.multiplayer" --
[20:03:57] [Render thread/INFO]: -- Checking keybind "key.playerlist" in category "key.categories.multiplayer" --
[20:03:57] [Render thread/INFO]: -- Checking keybind "key.pickItem" in category "key.categories.gameplay" --
[20:03:57] [Render thread/INFO]: -- Checking keybind "key.command" in category "key.categories.multiplayer" --
[20:03:57] [Render thread/INFO]: -- Checking keybind "key.socialInteractions" in category "key.categories.multiplayer" --
[20:03:57] [Render thread/INFO]: -- Checking keybind "key.screenshot" in category "key.categories.misc" --
[20:03:57] [Render thread/INFO]: -- Checking keybind "key.togglePerspective" in category "key.categories.misc" --
[20:03:57] [Render thread/INFO]: -- Checking keybind "key.smoothCamera" in category "key.categories.misc" --
[20:03:57] [Render thread/INFO]: -- Checking keybind "key.fullscreen" in category "key.categories.misc" --
[20:03:57] [Render thread/INFO]: -- Checking keybind "key.spectatorOutlines" in category "key.categories.misc" --
[20:03:57] [Render thread/INFO]: -- Checking keybind "key.swapOffhand" in category "key.categories.inventory" --
[20:03:57] [Render thread/INFO]: -- Checking keybind "key.saveToolbarActivator" in category "key.categories.creative" --
[20:03:57] [Render thread/INFO]: -- Checking keybind "key.loadToolbarActivator" in category "key.categories.creative" --
[20:03:57] [Render thread/INFO]: -- Checking keybind "key.advancements" in category "key.categories.misc" --
[20:03:57] [Render thread/INFO]: -- Checking keybind "key.hotbar.1" in category "key.categories.inventory" --
[20:03:57] [Render thread/INFO]: -- Checking keybind "key.hotbar.2" in category "key.categories.inventory" --
[20:03:57] [Render thread/INFO]: -- Checking keybind "key.hotbar.3" in category "key.categories.inventory" --
[20:03:57] [Render thread/INFO]: -- Checking keybind "key.hotbar.4" in category "key.categories.inventory" --
[20:03:57] [Render thread/INFO]: -- Checking keybind "key.hotbar.5" in category "key.categories.inventory" --
[20:03:57] [Render thread/INFO]: -- Checking keybind "key.hotbar.6" in category "key.categories.inventory" --
[20:03:57] [Render thread/INFO]: -- Checking keybind "key.hotbar.7" in category "key.categories.inventory" --
[20:03:57] [Render thread/INFO]: -- Checking keybind "key.hotbar.8" in category "key.categories.inventory" --
[20:03:57] [Render thread/INFO]: -- Checking keybind "key.hotbar.9" in category "key.categories.inventory" --
[20:03:57] [Render thread/INFO]: -- Checking keybind "Open Last Board" in category "ActionBoard" --
[20:03:57] [Render thread/INFO]: -- Checking keybind "Bocina" in category "BigBrain" --
[20:03:57] [Render thread/INFO]: -- Checking keybind "key.eufoniaweapons.reload" in category "key.categories.gameplay" --
[20:03:57] [Render thread/INFO]: -- Checking keybind "key.eufoniaweapons.alternate_ammo" in category "key.categories.gameplay" --
[20:03:57] [Render thread/INFO]: -- Checking keybind "key.modmenu.open_menu" in category "key.categories.misc" --
[20:03:57] [Render thread/INFO]: -- Checking keybind "key.mythicemotes.wheel" in category "key.categories.mythicemotes" --
[20:03:57] [Render thread/INFO]: -- Checking keybind "key.mythicemotes.editor" in category "key.categories.mythicemotes" --
[20:03:57] [Render thread/INFO]: -- Checking keybind "mythic.pane.open" in category "key.categories.misc" --
[20:03:57] [Render thread/INFO]: -- Checking keybind "Comerciar" in category "Numismatic" --
[20:03:57] [Render thread/INFO]: -- Checking keybind "Hermandad" in category "Numismatic" --
[20:03:57] [Render thread/INFO]: -- Checking keybind "key.plasmovoice.settings" in category "Eufonia Voice Chat" --
[20:03:57] [Render thread/INFO]: -- Checking keybind "key.spaceship.pitch_up" in category "key.categories.gameplay" --
[20:03:57] [Render thread/INFO]: -- Checking keybind "key.spaceship.pitch_down" in category "key.categories.gameplay" --
[20:03:57] [Render thread/INFO]: -- Checking keybind "key.spaceship.yaw_left" in category "key.categories.gameplay" --
[20:03:57] [Render thread/INFO]: -- Checking keybind "key.spaceship.yaw_right" in category "key.categories.gameplay" --
[20:03:57] [Render thread/INFO]: -- Checking keybind "key.spaceship.roll_left" in category "key.categories.gameplay" --
[20:03:57] [Render thread/INFO]: -- Checking keybind "key.spaceship.roll_right" in category "key.categories.gameplay" --
[20:03:57] [Render thread/INFO]: -- Checking keybind "key.spaceship.forward" in category "key.categories.gameplay" --
[20:03:57] [Render thread/INFO]: -- Checking keybind "key.spaceship.backward" in category "key.categories.gameplay" --
[20:03:57] [Render thread/INFO]: -- Checking keybind "key.spaceship.right" in category "key.categories.gameplay" --
[20:03:57] [Render thread/INFO]: -- Checking keybind "key.spaceship.left" in category "key.categories.gameplay" --
[20:03:57] [Render thread/INFO]: -- Checking keybind "key.spaceship.sprint" in category "key.categories.gameplay" --
[20:03:57] [Render thread/INFO]: -- Checking keybind "key.spaceship.toggle_armor_flight" in category "key.categories.gameplay" --
[20:03:57] [Render thread/INFO]: -- Checking keybind "key.suitutils.notice_toggle" in category "key.categories.suitutils.notice" --
[20:03:57] [Render thread/INFO]: -- Checking keybind "key.trashslot.toggle" in category "key.categories.trashslot" --
[20:03:57] [Render thread/INFO]: -- Checking keybind "key.trashslot.toggle_lock" in category "key.categories.trashslot" --
[20:03:57] [Render thread/INFO]: -- Checking keybind "key.trashslot.delete" in category "key.categories.trashslot" --
[20:03:57] [Render thread/INFO]: -- Checking keybind "key.veil.editor" in category "key.categories.veil" --
[20:03:57] [Render thread/INFO]: -- Checking keybind "gui.xaero_open_map" in category "World Map" --
[20:03:57] [Render thread/ERROR]: Founded directories but custom loading gif is missing
[20:03:57] [Render thread/ERROR]: Founded directories but custom loading gif is missing
[20:03:57] [Render thread/INFO]: Loading Xaero's World Map - Stage 2/2
[20:03:57] [Render thread/INFO]: New world map region cache hash code: -1117027459
[20:03:57] [Render thread/INFO]: Registered player tracker system: map_synced
[20:03:57] [Render thread/INFO]: Xaero's WorldMap Mod: Xaero's minimap found!
[20:03:57] [DefaultDispatcher-worker-10/INFO]: Configuration loaded for class ClientTooltipManager
[20:03:57] [Render thread/INFO]: Registered player tracker system: minimap_synced
[20:03:57] [Render thread/INFO]: No Optifine!
[20:03:57] [Render thread/INFO]: Xaero's World Map: No Vivecraft!
[20:03:57] [Worker-ResourceReload-13/WARN]: Invalid frame index on sprite blockeufonia:block/base_73 frame 1: 1
[20:03:57] [Worker-ResourceReload-13/WARN]: Invalid frame index on sprite blockeufonia:block/base_73 frame 2: 2
[20:03:57] [Worker-ResourceReload-13/WARN]: Invalid frame index on sprite blockeufonia:block/base_73 frame 3: 3
[20:03:58] [Render thread/INFO]: [FANCYMENU] Custom window icon successfully updated!
[20:03:58] [Render thread/INFO]: Loading Xaero's Minimap - Stage 2/2
[20:03:58] [Worker-ResourceReload-12/WARN]: Texture itemeufonia:item/mobs/mob_alien_jellyfish with size 600x600 limits mip level from 4 to 3
[20:03:58] [Worker-ResourceReload-12/WARN]: Texture itemeufonia:item/mobs/old/mob_spaceship_evil_4_b with size 855x707 limits mip level from 3 to 0
[20:03:58] [Worker-ResourceReload-12/WARN]: minecraft:textures/atlas/blocks.png: dropping miplevel from 4 to 0, because of minimum power of two: 1
[20:03:58] [VeilShaderCompilerThread#0/ERROR]: Program 'mythicsky:skybox_color' uses deprecated import in fragment shader 'veil:deferred_utils': Use `#include veil:space_helper` instead
[20:03:58] [Render thread/INFO]: Registered player tracker system: minimap_synced
[20:03:58] [Render thread/INFO]: Xaero's Minimap: World Map found!
[20:03:58] [Render thread/INFO]: No Optifine!
[20:03:58] [Render thread/INFO]: Xaero's Minimap: No Vivecraft!
[20:03:58] [Render thread/INFO]: [EMF]: EMF did not find the Iris API, disabling shadow pass detection
[20:03:59] [Worker-ResourceReload-7/WARN]: Unable to load model: 'minecraft:./cit_item' referenced from: blockeufonia:block/shrimp_box_0: java.io.FileNotFoundException: minecraft:models/./cit_item.json
[20:03:59] [Worker-ResourceReload-7/WARN]: Exception loading blockstate definition: 'trickster:blockstates/temporary_block.json' missing model for variant: 'trickster:temporary_block#'
[20:03:59] [Worker-ResourceReload-7/WARN]: Exception loading blockstate definition: 'bigbrain:blockstates/player_tag_barrier_block.json' missing model for variant: 'bigbrain:player_tag_barrier_block#waterlogged=true'
[20:03:59] [Worker-ResourceReload-7/WARN]: Exception loading blockstate definition: 'bigbrain:blockstates/player_tag_barrier_block.json' missing model for variant: 'bigbrain:player_tag_barrier_block#waterlogged=false'
[20:03:59] [Worker-ResourceReload-7/WARN]: Exception loading blockstate definition: 'lightsystem:blockstates/veil_light.json' missing model for variant: 'lightsystem:veil_light#waterlogged=true'
[20:03:59] [Worker-ResourceReload-7/WARN]: Exception loading blockstate definition: 'lightsystem:blockstates/veil_light.json' missing model for variant: 'lightsystem:veil_light#waterlogged=false'
[20:03:59] [Worker-ResourceReload-7/WARN]: Exception loading blockstate definition: 'spaceship:blockstates/barrier_space.json' missing model for variant: 'spaceship:barrier_space#'
[20:03:59] [Worker-ResourceReload-7/WARN]: Unable to load model: 'itemeufonia:item/yellow_armor_boots' referenced from: itemeufonia:item/yellow_armor_boots: java.io.FileNotFoundException: itemeufonia:models/item/yellow_armor_boots.json
[20:03:59] [Worker-ResourceReload-7/WARN]: Unable to load model: 'itemeufonia:item/suit_armor_leggings' referenced from: itemeufonia:item/suit_armor_leggings: java.io.FileNotFoundException: itemeufonia:models/item/suit_armor_leggings.json
[20:03:59] [Worker-ResourceReload-7/WARN]: Unable to load model: 'itemeufonia:item/bone_sword_giant' referenced from: itemeufonia:item/bone_sword_giant: java.io.FileNotFoundException: itemeufonia:models/item/bone_sword_giant.json
[20:03:59] [Worker-ResourceReload-7/WARN]: Unable to load model: 'itemeufonia:item/bone_bow' referenced from: itemeufonia:item/bone_bow: java.io.FileNotFoundException: itemeufonia:models/item/bone_bow.json
[20:03:59] [Worker-ResourceReload-7/WARN]: Unable to load model: 'itemeufonia:item/yellow_armor_leggings' referenced from: itemeufonia:item/yellow_armor_leggings: java.io.FileNotFoundException: itemeufonia:models/item/yellow_armor_leggings.json
[20:03:59] [Worker-ResourceReload-7/WARN]: Unable to load model: 'itemeufonia:item/plant_armor_boots' referenced from: itemeufonia:item/plant_armor_boots: java.io.FileNotFoundException: itemeufonia:models/item/plant_armor_boots.json
[20:03:59] [Worker-ResourceReload-7/WARN]: Unable to load model: 'itemeufonia:item/gleba_axe' referenced from: itemeufonia:item/gleba_axe: java.io.FileNotFoundException: itemeufonia:models/item/gleba_axe.json
[20:03:59] [Worker-ResourceReload-7/WARN]: Unable to load model: 'itemeufonia:item/gleba_sword' referenced from: itemeufonia:item/gleba_sword: java.io.FileNotFoundException: itemeufonia:models/item/gleba_sword.json
[20:03:59] [Worker-ResourceReload-7/WARN]: Unable to load model: 'itemeufonia:item/plant_bow' referenced from: itemeufonia:item/plant_bow: java.io.FileNotFoundException: itemeufonia:models/item/plant_bow.json
[20:03:59] [Worker-ResourceReload-7/WARN]: Unable to load model: 'eufoniaweapons:item/silver_hat' referenced from: eufoniaweapons:item/silver_hat: java.io.FileNotFoundException: eufoniaweapons:models/item/silver_hat.json
[20:03:59] [Worker-ResourceReload-7/WARN]: Unable to load model: 'itemeufonia:item/bone_bow_giant' referenced from: itemeufonia:item/bone_bow_giant: java.io.FileNotFoundException: itemeufonia:models/item/bone_bow_giant.json
[20:03:59] [Worker-ResourceReload-7/WARN]: Unable to load model: 'itemeufonia:item/suit_armor' referenced from: itemeufonia:item/suit_armor: java.io.FileNotFoundException: itemeufonia:models/item/suit_armor.json
[20:03:59] [Worker-ResourceReload-7/WARN]: Unable to load model: 'itemeufonia:item/gleba_bow' referenced from: itemeufonia:item/gleba_bow: java.io.FileNotFoundException: itemeufonia:models/item/gleba_bow.json
[20:03:59] [Worker-ResourceReload-7/WARN]: Unable to load model: 'itemeufonia:item/bone_spear_giant' referenced from: itemeufonia:item/bone_spear_giant: java.io.FileNotFoundException: itemeufonia:models/item/bone_spear_giant.json
[20:03:59] [Worker-ResourceReload-7/WARN]: Unable to load model: 'itemeufonia:item/yellow_armor_chestplate' referenced from: itemeufonia:item/yellow_armor_chestplate: java.io.FileNotFoundException: itemeufonia:models/item/yellow_armor_chestplate.json
[20:03:59] [Worker-ResourceReload-7/WARN]: Unable to load model: 'itemeufonia:item/hammer_netherite' referenced from: itemeufonia:item/hammer_netherite: java.io.FileNotFoundException: itemeufonia:models/item/hammer_netherite.json
[20:03:59] [Worker-ResourceReload-7/WARN]: Unable to load model: 'itemeufonia:item/plant_armor_chestplate' referenced from: itemeufonia:item/plant_armor_chestplate: java.io.FileNotFoundException: itemeufonia:models/item/plant_armor_chestplate.json
[20:03:59] [Worker-ResourceReload-7/WARN]: Unable to load model: 'itemeufonia:item/plant_armor' referenced from: itemeufonia:item/plant_armor: java.io.FileNotFoundException: itemeufonia:models/item/plant_armor.json
[20:03:59] [Worker-ResourceReload-7/WARN]: Unable to load model: 'itemeufonia:item/yellow_armor' referenced from: itemeufonia:item/yellow_armor: java.io.FileNotFoundException: itemeufonia:models/item/yellow_armor.json
[20:03:59] [Worker-ResourceReload-7/WARN]: Unable to load model: 'itemeufonia:item/plant_armor_leggings' referenced from: itemeufonia:item/plant_armor_leggings: java.io.FileNotFoundException: itemeufonia:models/item/plant_armor_leggings.json
[20:03:59] [Worker-ResourceReload-7/WARN]: Unable to load model: 'itemeufonia:item/suit_armor_boots' referenced from: itemeufonia:item/suit_armor_boots: java.io.FileNotFoundException: itemeufonia:models/item/suit_armor_boots.json
[20:03:59] [Worker-ResourceReload-7/WARN]: Unable to load model: 'itemeufonia:item/bone_sword' referenced from: itemeufonia:item/bone_sword: java.io.FileNotFoundException: itemeufonia:models/item/bone_sword.json
[20:03:59] [Worker-ResourceReload-7/WARN]: Unable to load model: 'itemeufonia:item/reinicio_1' referenced from: itemeufonia:item/reinicio_1: java.io.FileNotFoundException: itemeufonia:models/item/reinicio_1.json
[20:03:59] [Worker-ResourceReload-7/WARN]: Unable to load model: 'itemeufonia:item/organic_armor' referenced from: itemeufonia:item/organic_armor: java.io.FileNotFoundException: itemeufonia:models/item/organic_armor.json
[20:03:59] [Worker-ResourceReload-7/WARN]: Unable to load model: 'itemeufonia:item/cedar_armor_boots' referenced from: itemeufonia:item/cedar_armor_boots: java.io.FileNotFoundException: itemeufonia:models/item/cedar_armor_boots.json
[20:03:59] [Worker-ResourceReload-7/WARN]: Unable to load model: 'itemeufonia:item/cedar_armor_leggings' referenced from: itemeufonia:item/cedar_armor_leggings: java.io.FileNotFoundException: itemeufonia:models/item/cedar_armor_leggings.json
[20:03:59] [Worker-ResourceReload-7/WARN]: Unable to load model: 'itemeufonia:item/demon_armor_helmet' referenced from: itemeufonia:item/demon_armor_helmet: java.io.FileNotFoundException: itemeufonia:models/item/demon_armor_helmet.json
[20:03:59] [Worker-ResourceReload-7/WARN]: Unable to load model: 'itemeufonia:item/demon_armor' referenced from: itemeufonia:item/demon_armor: java.io.FileNotFoundException: itemeufonia:models/item/demon_armor.json
[20:03:59] [Worker-ResourceReload-7/WARN]: Unable to load model: 'itemeufonia:item/dinosaur_tooth_sword' referenced from: itemeufonia:item/dinosaur_tooth_sword: java.io.FileNotFoundException: itemeufonia:models/item/dinosaur_tooth_sword.json
[20:03:59] [Worker-ResourceReload-7/WARN]: Unable to load model: 'itemeufonia:item/plant_boss_sword' referenced from: itemeufonia:item/plant_boss_sword: java.io.FileNotFoundException: itemeufonia:models/item/plant_boss_sword.json
[20:03:59] [Worker-ResourceReload-7/WARN]: Unable to load model: 'itemeufonia:item/phora_sword' referenced from: itemeufonia:item/phora_sword: java.io.FileNotFoundException: itemeufonia:models/item/phora_sword.json
[20:03:59] [Worker-ResourceReload-7/WARN]: Unable to load model: 'itemeufonia:item/cedar_armor' referenced from: itemeufonia:item/cedar_armor: java.io.FileNotFoundException: itemeufonia:models/item/cedar_armor.json
[20:03:59] [Worker-ResourceReload-7/WARN]: Unable to load model: 'itemeufonia:item/demon_armor_leggings' referenced from: itemeufonia:item/demon_armor_leggings: java.io.FileNotFoundException: itemeufonia:models/item/demon_armor_leggings.json
[20:03:59] [Worker-ResourceReload-7/WARN]: Unable to load model: 'itemeufonia:item/plant_armor_helmet' referenced from: itemeufonia:item/plant_armor_helmet: java.io.FileNotFoundException: itemeufonia:models/item/plant_armor_helmet.json
[20:03:59] [Worker-ResourceReload-7/WARN]: Unable to load model: 'spaceship:item/barrier_space' referenced from: spaceship:item/barrier_space: java.io.FileNotFoundException: spaceship:models/item/barrier_space.json
[20:03:59] [Worker-ResourceReload-7/WARN]: Unable to load model: 'itemeufonia:item/limbo_armor' referenced from: itemeufonia:item/limbo_armor: java.io.FileNotFoundException: itemeufonia:models/item/limbo_armor.json
[20:03:59] [Worker-ResourceReload-7/WARN]: Unable to load model: 'itemeufonia:item/cedar_armor_chestplate' referenced from: itemeufonia:item/cedar_armor_chestplate: java.io.FileNotFoundException: itemeufonia:models/item/cedar_armor_chestplate.json
[20:03:59] [Worker-ResourceReload-7/WARN]: Unable to load model: 'itemeufonia:item/suit_armor_helmet' referenced from: itemeufonia:item/suit_armor_helmet: java.io.FileNotFoundException: itemeufonia:models/item/suit_armor_helmet.json
[20:03:59] [Worker-ResourceReload-7/WARN]: Unable to load model: 'itemeufonia:item/demon_armor_boots' referenced from: itemeufonia:item/demon_armor_boots: java.io.FileNotFoundException: itemeufonia:models/item/demon_armor_boots.json
[20:03:59] [Worker-ResourceReload-7/WARN]: Unable to load model: 'itemeufonia:item/scythe' referenced from: itemeufonia:item/scythe: java.io.FileNotFoundException: itemeufonia:models/item/scythe.json
[20:03:59] [Worker-ResourceReload-7/WARN]: Unable to load model: 'itemeufonia:item/cedar_armor_helmet' referenced from: itemeufonia:item/cedar_armor_helmet: java.io.FileNotFoundException: itemeufonia:models/item/cedar_armor_helmet.json
[20:03:59] [Worker-ResourceReload-7/WARN]: Unable to load model: 'itemeufonia:item/limbo_sword' referenced from: itemeufonia:item/limbo_sword: java.io.FileNotFoundException: itemeufonia:models/item/limbo_sword.json
[20:04:02] [Worker-ResourceReload-7/WARN]: Missing textures in model itemeufonia:zombie#inventory:
    minecraft:textures/atlas/blocks.png:itemeufonia:item/mobs/zombie
[20:04:03] [Render thread/INFO]: Loaded 10 shader modifications
[20:04:05] [Render thread/INFO]: Loaded 350 shaders from: pinwheel/shaders/program
[20:04:05] [Render thread/WARN]: Missing sound for event: minecraft:item.goat_horn.play
[20:04:05] [Render thread/WARN]: Missing sound for event: minecraft:entity.goat.screaming.horn_break
[20:04:05] [Render thread/WARN]: Missing sound for event: minecraft:block.potent_sulfur.geyser_continuous_eruption_start
[20:04:05] [Render thread/WARN]: Missing sound for event: eufoniaweapons:glowing
[20:04:05] [Render thread/WARN]: Missing sound for event: spaceship:suit_welcome
[20:04:05] [Render thread/INFO]: OpenAL initialized on device Audio Interno Estéreo analógico
[20:04:05] [Render thread/INFO]: Sound engine started
[20:04:05] [Render thread/INFO]: [FANCYMENU] Reloading AudioResourceHandler after Minecraft SoundEngine reload..
[20:04:05] [Render thread/INFO]: Created: 16384x16384x0 minecraft:textures/atlas/blocks.png-atlas
[20:04:05] [Render thread/INFO]: Created: 256x256x4 minecraft:textures/atlas/signs.png-atlas
[20:04:05] [Render thread/INFO]: Created: 1024x512x4 minecraft:textures/atlas/banner_patterns.png-atlas
[20:04:05] [Render thread/INFO]: Created: 1024x512x4 minecraft:textures/atlas/shield_patterns.png-atlas
[20:04:05] [Render thread/INFO]: Created: 2048x1024x4 minecraft:textures/atlas/armor_trims.png-atlas
[20:04:05] [Render thread/INFO]: Created: 256x256x4 minecraft:textures/atlas/chest.png-atlas
[20:04:05] [Render thread/INFO]: Created: 128x64x4 minecraft:textures/atlas/decorated_pot.png-atlas
[20:04:05] [Render thread/INFO]: Created: 512x256x4 minecraft:textures/atlas/shulker_boxes.png-atlas
[20:04:05] [Render thread/INFO]: Created: 512x256x4 minecraft:textures/atlas/beds.png-atlas
[20:04:05] [Render thread/INFO]: Created: 512x256x0 minecraft:textures/atlas/particles.png-atlas
[20:04:05] [Render thread/INFO]: Created: 512x256x0 minecraft:textures/atlas/paintings.png-atlas
[20:04:05] [Render thread/INFO]: Created: 2048x2048x0 minecraft:textures/atlas/mob_effects.png-atlas
[20:04:05] [Render thread/INFO]: Created: 64x64x0 minecraft:textures/atlas/map_decorations.png-atlas
[20:04:05] [Render thread/INFO]: Created: 1024x512x0 minecraft:textures/atlas/gui.png-atlas
[20:04:05] [Render thread/WARN]: Shader bordercreator_rainbow could not find sampler named Sampler0 in the specified shader program.
[20:04:05] [Render thread/WARN]: Shader bordercreator_rainbow could not find sampler named Sampler1 in the specified shader program.
[20:04:05] [Render thread/WARN]: Shader bordercreator_rainbow could not find uniform named EndPortalLayers in the specified shader program.
[20:04:05] [Render thread/WARN]: Shader rendertype_entity_translucent_emissive could not find sampler named Sampler2 in the specified shader program.
[20:04:05] [Render thread/WARN]: Shader suitutils:reviil_atmosphere could not find uniform named NebulaSpeed in the specified shader program.
[20:04:06] [Render thread/WARN]: Shader suitutils:phora_atmosphere could not find uniform named NebulaSpeed in the specified shader program.
[20:04:06] [Render thread/WARN]: Shader suitutils:invocation_core could not find uniform named ColorModulator in the specified shader program.
[20:04:06] [Render thread/WARN]: Shader color_convolve could not find uniform named InSize in the specified shader program.
[20:04:06] [Render thread/WARN]: Shader color_blindness_simulation could not find uniform named InSize in the specified shader program.
[20:04:06] [Render thread/WARN]: Shader color_blindness_simulation could not find uniform named ScreenSize in the specified shader program.
[20:04:06] [Render thread/WARN]: Shader minecraft:blobs could not find uniform named OutSize in the specified shader program.
[20:04:06] [Render thread/WARN]: Shader outline_combine could not find uniform named InSize in the specified shader program.
[20:04:06] [Render thread/WARN]: Shader spider could not find uniform named InSize in the specified shader program.
[20:04:06] [Render thread/WARN]: Shader spider could not find uniform named Time in the specified shader program.
[20:04:06] [Render thread/WARN]: Shader color_convolve could not find uniform named InSize in the specified shader program.
[20:04:06] [Render thread/WARN]: Shader ntsc_decode could not find sampler named BaseSampler in the specified shader program.
[20:04:06] [Render thread/WARN]: Shader bumpy could not find uniform named OutSize in the specified shader program.
[20:04:06] [Render thread/WARN]: Shader color_convolve could not find uniform named InSize in the specified shader program.
[20:04:06] [Render thread/ERROR]: Could not create screen shader minecraft:shaders/post/thermal_fx.json
net.minecraft.class_2973: Invalid shaders/post/thermal_fx.json (supersecretcreator) passes[0]: File not found
	at net.minecraft.class_2973.method_12856(class_2973.java:48) ~[client-intermediary.jar:?]
	at net.minecraft.class_279.method_1256(class_279.java:89) ~[client-intermediary.jar:?]
	at net.minecraft.class_279.<init>(class_279.java:57) ~[client-intermediary.jar:?]
	at org.ladysnake.satin.impl.ResettableManagedShaderEffect.parseShader(ResettableManagedShaderEffect.java:93) ~[019faf69377e7382a86b699ec45ba873.jar:?]
	at org.ladysnake.satin.impl.ResettableManagedShaderEffect.parseShader(ResettableManagedShaderEffect.java:57) ~[019faf69377e7382a86b699ec45ba873.jar:?]
	at org.ladysnake.satin.impl.ResettableManagedShaderBase.initialize(ResettableManagedShaderBase.java:75) ~[019faf69377e7382a86b699ec45ba873.jar:?]
	at org.ladysnake.satin.impl.ResettableManagedShaderBase.initializeOrLog(ResettableManagedShaderBase.java:63) ~[019faf69377e7382a86b699ec45ba873.jar:?]
	at org.ladysnake.satin.impl.ReloadableShaderEffectManager.reload(ReloadableShaderEffectManager.java:114) ~[019faf69377e7382a86b699ec45ba873.jar:?]
	at net.minecraft.class_757.handler$egj000$satin$loadSatinPrograms(class_757.java:12125) ~[client-intermediary.jar:?]
	at net.minecraft.class_757.method_34538(class_757.java:547) ~[client-intermediary.jar:?]
	at net.minecraft.class_757$1.method_45777(class_757.java:419) ~[client-intermediary.jar:?]
	at net.minecraft.class_757$1.method_18788(class_757.java:396) ~[client-intermediary.jar:?]
	at net.minecraft.class_4080.method_18790(class_4080.java:13) ~[client-intermediary.jar:?]
	at java.base/java.util.concurrent.CompletableFuture$UniAccept.tryFire(CompletableFuture.java:718) ~[?:?]
	at java.base/java.util.concurrent.CompletableFuture$Completion.run(CompletableFuture.java:482) ~[?:?]
	at net.minecraft.class_4014.method_18365(class_4014.java:69) ~[client-intermediary.jar:?]
	at net.minecraft.class_1255.method_18859(class_1255.java:162) [client-intermediary.jar:?]
	at net.minecraft.class_4093.method_18859(class_4093.java:23) [client-intermediary.jar:?]
	at net.minecraft.class_1255.method_16075(class_1255.java:136) [client-intermediary.jar:?]
	at net.minecraft.class_1255.method_5383(class_1255.java:121) [client-intermediary.jar:?]
	at net.minecraft.class_310.method_1523(class_310.java:1240) [client-intermediary.jar:?]
	at net.minecraft.class_310.method_1514(class_310.java:882) [client-intermediary.jar:?]
	at net.minecraft.client.main.Main.main(Main.java:256) [client-intermediary.jar:?]
	at net.fabricmc.loader.impl.game.minecraft.MinecraftGameProvider.launch(MinecraftGameProvider.java:517) [01a0a78df1bf7963bdd2af80b67dd61f.jar:?]
	at net.fabricmc.loader.impl.launch.knot.Knot.launch(Knot.java:72) [01a0a78df1bf7963bdd2af80b67dd61f.jar:?]
	at net.fabricmc.loader.impl.launch.knot.KnotClient.main(KnotClient.java:23) [01a0a78df1bf7963bdd2af80b67dd61f.jar:?]
Caused by: java.io.FileNotFoundException: shader-vault:shaders/program/thermal.json
	at net.minecraft.class_5912.method_43043(class_5912.java:23) ~[client-intermediary.jar:?]
	at java.base/java.util.Optional.orElseThrow(Optional.java:403) ~[?:?]
	at net.minecraft.class_5912.getResourceOrThrow(class_5912.java:23) ~[client-intermediary.jar:?]
	at net.minecraft.class_280.<init>(class_280.java:77) ~[client-intermediary.jar:?]
	at net.minecraft.class_283.<init>(class_283.java:32) ~[client-intermediary.jar:?]
	at net.minecraft.class_279.method_1262(class_279.java:284) ~[client-intermediary.jar:?]
	at net.minecraft.class_279.method_1257(class_279.java:138) ~[client-intermediary.jar:?]
	at net.minecraft.class_279.method_1256(class_279.java:87) ~[client-intermediary.jar:?]
	... 24 more
[20:04:06] [Render thread/WARN]: Shader minecraft:toon could not find uniform named InSize in the specified shader program.
[20:04:06] [Render thread/WARN]: Shader minecraft:radiation could not find uniform named InSize in the specified shader program.
[20:04:06] [Render thread/WARN]: Shader minecraft:radiation could not find uniform named ScreenSize in the specified shader program.
[20:04:06] [Render thread/WARN]: Shader color_convolve could not find uniform named InSize in the specified shader program.
[20:04:06] [Render thread/WARN]: Shader color_convolve could not find uniform named InSize in the specified shader program.
[20:04:06] [Render thread/WARN]: Shader invert could not find uniform named InSize in the specified shader program.
[20:04:06] [Render thread/WARN]: Shader minecraft:channel_combine could not find uniform named InSize in the specified shader program.
[20:04:06] [Render thread/WARN]: Shader minecraft:dramatic could not find uniform named InSize in the specified shader program.
[20:04:06] [Render thread/WARN]: Shader spider could not find uniform named InSize in the specified shader program.
[20:04:06] [Render thread/WARN]: Shader spider could not find uniform named Time in the specified shader program.
[20:04:06] [Render thread/WARN]: Shader minecraft:bumpy could not find uniform named OutSize in the specified shader program.
[20:04:06] [Render thread/WARN]: Shader color_convolve could not find uniform named InSize in the specified shader program.
[20:04:06] [Render thread/WARN]: Shader outline_watercolor could not find uniform named LumaRamp in the specified shader program.
[20:04:06] [Render thread/WARN]: Shader outline_combine could not find uniform named InSize in the specified shader program.
[20:04:06] [Render thread/WARN]: Shader wobble could not find uniform named InSize in the specified shader program.
[20:04:06] [Render thread/WARN]: Shader outline_combine could not find uniform named InSize in the specified shader program.
[20:04:06] [Render thread/WARN]: Shader minecraft:hyperspace could not find uniform named InSize in the specified shader program.
[20:04:06] [Render thread/WARN]: Shader minecraft:color_filter could not find uniform named InSize in the specified shader program.
[20:04:06] [Render thread/WARN]: Shader minecraft:color_convolve could not find uniform named InSize in the specified shader program.
[20:04:06] [Render thread/WARN]: Shader minecraft:danger could not find uniform named InSize in the specified shader program.
[20:04:06] [Render thread/WARN]: Shader minecraft:rolling_shutter could not find uniform named InSize in the specified shader program.
[20:04:06] [Render thread/WARN]: Shader minecraft:color_brightness_threshold could not find uniform named InSize in the specified shader program.
[20:04:06] [Render thread/WARN]: Shader minecraft:add could not find uniform named InSize in the specified shader program.
[20:04:06] [Render thread/WARN]: Shader minecraft:rotate could not find uniform named InSize in the specified shader program.
[20:04:06] [Render thread/WARN]: Shader minecraft:rotate could not find uniform named ScreenSize in the specified shader program.
[20:04:06] [Render thread/WARN]: Shader minecraft:normalise could not find uniform named InSize in the specified shader program.
[20:04:06] [Render thread/WARN]: Shader minecraft:ntsc_decode could not find sampler named BaseSampler in the specified shader program.
[20:04:06] [Render thread/WARN]: Shader minecraft:color_convolve could not find uniform named InSize in the specified shader program.
[20:04:06] [Render thread/WARN]: Shader minecraft:phosphor could not find uniform named InSize in the specified shader program.
[20:04:06] [Render thread/WARN]: Shader minecraft:color_convolve could not find uniform named InSize in the specified shader program.
[20:04:06] [Render thread/WARN]: Shader minecraft:contrast could not find uniform named InSize in the specified shader program.
[20:04:06] [Render thread/WARN]: Shader minecraft:phosphor could not find uniform named InSize in the specified shader program.
[20:04:06] [Render thread/WARN]: Shader minecraft:hue_rotate could not find uniform named InSize in the specified shader program.
[20:04:06] [Render thread/WARN]: Shader minecraft:difference could not find uniform named InSize in the specified shader program.
[20:04:06] [Render thread/WARN]: Shader spider could not find uniform named InSize in the specified shader program.
[20:04:06] [Render thread/WARN]: Shader spider could not find uniform named Time in the specified shader program.
[20:04:06] [Render thread/WARN]: Shader color_convolve could not find uniform named InSize in the specified shader program.
[20:04:06] [Render thread/WARN]: Shader color_convolve could not find uniform named InSize in the specified shader program.
[20:04:06] [Render thread/WARN]: Shader minecraft:vomit could not find uniform named InSize in the specified shader program.
[20:04:06] [Render thread/WARN]: Shader minecraft:vomit could not find uniform named Frequency in the specified shader program.
[20:04:06] [Render thread/WARN]: Shader minecraft:vomit could not find uniform named WobbleAmount in the specified shader program.
[20:04:06] [Render thread/WARN]: Shader minecraft:half_invert could not find uniform named InSize in the specified shader program.
[20:04:06] [Render thread/WARN]: Shader spider could not find uniform named InSize in the specified shader program.
[20:04:06] [Render thread/WARN]: Shader spider could not find uniform named Time in the specified shader program.
[20:04:06] [Render thread/WARN]: Shader color_convolve could not find uniform named InSize in the specified shader program.
[20:04:06] [Render thread/WARN]: Shader minecraft:toon could not find uniform named InSize in the specified shader program.
[20:04:06] [Render thread/WARN]: Shader minecraft:out_of_bounds could not find uniform named InSize in the specified shader program.
[20:04:06] [Render thread/WARN]: Shader spider could not find uniform named InSize in the specified shader program.
[20:04:06] [Render thread/WARN]: Shader spider could not find uniform named Time in the specified shader program.
[20:04:06] [Render thread/WARN]: Shader color_convolve could not find uniform named InSize in the specified shader program.
[20:04:06] [Render thread/WARN]: Shader color_convolve could not find uniform named InSize in the specified shader program.
[20:04:06] [Render thread/WARN]: Shader color_convolve could not find uniform named InSize in the specified shader program.
[20:04:06] [Render thread/WARN]: Shader minecraft:headache could not find uniform named InSize in the specified shader program.
[20:04:06] [Render thread/WARN]: Shader minecraft:headache could not find uniform named Frequency in the specified shader program.
[20:04:06] [Render thread/WARN]: Shader minecraft:headache could not find uniform named WobbleAmount in the specified shader program.
[20:04:06] [Render thread/WARN]: Shader color_convolve could not find uniform named InSize in the specified shader program.
[20:04:06] [Render thread/WARN]: Shader minecraft:outline_watercolor could not find uniform named LumaRamp in the specified shader program.
[20:04:06] [Render thread/WARN]: Shader minecraft:outline_combine could not find uniform named InSize in the specified shader program.
[20:04:06] [Render thread/WARN]: Shader minecraft:color_lookup could not find uniform named InSize in the specified shader program.
[20:04:06] [Render thread/ERROR]: Could not create screen shader minecraft:shaders/post/frigid.json
net.minecraft.class_2973: Invalid shaders/post/frigid.json (supersecretcreator) passes[0]->auxtargets[0]: Non [a-z0-9/._-] character in path of location: minecraft:textures/effect/minecraft:frigid.png
	at net.minecraft.class_2973.method_12856(class_2973.java:48) ~[client-intermediary.jar:?]
	at net.minecraft.class_279.method_1257(class_279.java:191) ~[client-intermediary.jar:?]
	at net.minecraft.class_279.method_1256(class_279.java:87) ~[client-intermediary.jar:?]
	at net.minecraft.class_279.<init>(class_279.java:57) ~[client-intermediary.jar:?]
	at org.ladysnake.satin.impl.ResettableManagedShaderEffect.parseShader(ResettableManagedShaderEffect.java:93) ~[019faf69377e7382a86b699ec45ba873.jar:?]
	at org.ladysnake.satin.impl.ResettableManagedShaderEffect.parseShader(ResettableManagedShaderEffect.java:57) ~[019faf69377e7382a86b699ec45ba873.jar:?]
	at org.ladysnake.satin.impl.ResettableManagedShaderBase.initialize(ResettableManagedShaderBase.java:75) ~[019faf69377e7382a86b699ec45ba873.jar:?]
	at org.ladysnake.satin.impl.ResettableManagedShaderBase.initializeOrLog(ResettableManagedShaderBase.java:63) ~[019faf69377e7382a86b699ec45ba873.jar:?]
	at org.ladysnake.satin.impl.ReloadableShaderEffectManager.reload(ReloadableShaderEffectManager.java:114) ~[019faf69377e7382a86b699ec45ba873.jar:?]
	at net.minecraft.class_757.handler$egj000$satin$loadSatinPrograms(class_757.java:12125) ~[client-intermediary.jar:?]
	at net.minecraft.class_757.method_34538(class_757.java:547) ~[client-intermediary.jar:?]
	at net.minecraft.class_757$1.method_45777(class_757.java:419) ~[client-intermediary.jar:?]
	at net.minecraft.class_757$1.method_18788(class_757.java:396) ~[client-intermediary.jar:?]
	at net.minecraft.class_4080.method_18790(class_4080.java:13) ~[client-intermediary.jar:?]
	at java.base/java.util.concurrent.CompletableFuture$UniAccept.tryFire(CompletableFuture.java:718) ~[?:?]
	at java.base/java.util.concurrent.CompletableFuture$Completion.run(CompletableFuture.java:482) ~[?:?]
	at net.minecraft.class_4014.method_18365(class_4014.java:69) ~[client-intermediary.jar:?]
	at net.minecraft.class_1255.method_18859(class_1255.java:162) [client-intermediary.jar:?]
	at net.minecraft.class_4093.method_18859(class_4093.java:23) [client-intermediary.jar:?]
	at net.minecraft.class_1255.method_16075(class_1255.java:136) [client-intermediary.jar:?]
	at net.minecraft.class_1255.method_5383(class_1255.java:121) [client-intermediary.jar:?]
	at net.minecraft.class_310.method_1523(class_310.java:1240) [client-intermediary.jar:?]
	at net.minecraft.class_310.method_1514(class_310.java:882) [client-intermediary.jar:?]
	at net.minecraft.client.main.Main.main(Main.java:256) [client-intermediary.jar:?]
	at net.fabricmc.loader.impl.game.minecraft.MinecraftGameProvider.launch(MinecraftGameProvider.java:517) [01a0a78df1bf7963bdd2af80b67dd61f.jar:?]
	at net.fabricmc.loader.impl.launch.knot.Knot.launch(Knot.java:72) [01a0a78df1bf7963bdd2af80b67dd61f.jar:?]
	at net.fabricmc.loader.impl.launch.knot.KnotClient.main(KnotClient.java:23) [01a0a78df1bf7963bdd2af80b67dd61f.jar:?]
Caused by: net.minecraft.class_151: Non [a-z0-9/._-] character in path of location: minecraft:textures/effect/minecraft:frigid.png
	at net.minecraft.class_2960.method_45137(class_2960.java:285) ~[client-intermediary.jar:?]
	at net.minecraft.class_2960.method_60656(class_2960.java:60) ~[client-intermediary.jar:?]
	at net.minecraft.class_279.method_1257(class_279.java:165) ~[client-intermediary.jar:?]
	... 25 more
[20:04:06] [Render thread/WARN]: Shader color_convolve could not find uniform named InSize in the specified shader program.
[20:04:06] [Render thread/WARN]: Shader minecraft:brightness could not find uniform named InSize in the specified shader program.
[20:04:06] [Render thread/WARN]: Shader minecraft:brightness could not find uniform named Gray in the specified shader program.
[20:04:06] [Render thread/WARN]: Shader color_convolve could not find uniform named InSize in the specified shader program.
[20:04:06] [Render thread/WARN]: Shader minecraft:color_convolve could not find uniform named InSize in the specified shader program.
[20:04:06] [Render thread/WARN]: Shader spider could not find uniform named InSize in the specified shader program.
[20:04:06] [Render thread/WARN]: Shader spider could not find uniform named Time in the specified shader program.
[20:04:06] [Render thread/WARN]: Shader spider could not find uniform named InSize in the specified shader program.
[20:04:06] [Render thread/WARN]: Shader spider could not find uniform named Time in the specified shader program.
[20:04:06] [Render thread/WARN]: Shader spider could not find uniform named InSize in the specified shader program.
[20:04:06] [Render thread/WARN]: Shader spider could not find uniform named Time in the specified shader program.
[20:04:06] [Render thread/WARN]: Shader spider could not find uniform named InSize in the specified shader program.
[20:04:06] [Render thread/WARN]: Shader spider could not find uniform named Time in the specified shader program.
[20:04:06] [Render thread/WARN]: Shader spider could not find uniform named InSize in the specified shader program.
[20:04:06] [Render thread/WARN]: Shader spider could not find uniform named Time in the specified shader program.
[20:04:06] [Render thread/WARN]: Shader minecraft:fisheye could not find uniform named InSize in the specified shader program.
[20:04:06] [Render thread/WARN]: Shader ntsc_decode could not find sampler named BaseSampler in the specified shader program.
[20:04:06] [Render thread/WARN]: Shader bumpy could not find uniform named OutSize in the specified shader program.
[20:04:06] [Render thread/WARN]: Shader color_convolve could not find uniform named InSize in the specified shader program.
[20:04:06] [Render thread/WARN]: Shader color_convolve could not find uniform named InSize in the specified shader program.
[20:04:06] [Render thread/WARN]: Shader outline_watercolor could not find uniform named LumaRamp in the specified shader program.
[20:04:06] [Render thread/WARN]: Shader outline_combine could not find uniform named InSize in the specified shader program.
[20:04:06] [Render thread/WARN]: Shader color_convolve could not find uniform named InSize in the specified shader program.
[20:04:06] [Render thread/WARN]: Shader minecraft:brightness could not find uniform named InSize in the specified shader program.
[20:04:06] [Render thread/WARN]: Shader minecraft:brightness could not find uniform named Gray in the specified shader program.
[20:04:06] [Render thread/WARN]: Shader color_convolve could not find uniform named InSize in the specified shader program.
[20:04:06] [Render thread/WARN]: Shader color_convolve could not find uniform named InSize in the specified shader program.
[20:04:06] [Render thread/WARN]: Shader minecraft:color_convolve could not find uniform named InSize in the specified shader program.
[20:04:06] [Render thread/WARN]: Shader minecraft:dramatic could not find uniform named InSize in the specified shader program.
[20:04:06] [Render thread/WARN]: Shader minecraft:horror could not find uniform named InSize in the specified shader program.
[20:04:06] [Render thread/WARN]: Shader color_convolve could not find uniform named InSize in the specified shader program.
[20:04:06] [Render thread/WARN]: Shader spider could not find uniform named InSize in the specified shader program.
[20:04:06] [Render thread/WARN]: Shader spider could not find uniform named Time in the specified shader program.
[20:04:06] [Render thread/WARN]: Shader color_convolve could not find uniform named InSize in the specified shader program.
[20:04:06] [Render thread/WARN]: Shader minecraft:antialias could not find uniform named OutSize in the specified shader program.
[20:04:06] [Render thread/WARN]: Shader color_convolve could not find uniform named InSize in the specified shader program.
[20:04:06] [Render thread/WARN]: Shader minecraft:color_brightness_threshold could not find uniform named InSize in the specified shader program.
[20:04:06] [Render thread/WARN]: Shader minecraft:add could not find uniform named InSize in the specified shader program.
[20:04:06] [Render thread/WARN]: Shader minecraft:add could not find uniform named InSize in the specified shader program.
[20:04:06] [Render thread/WARN]: Shader minecraft:add could not find uniform named InSize in the specified shader program.
[20:04:06] [Render thread/WARN]: Shader color_convolve could not find uniform named InSize in the specified shader program.
[20:04:06] [Render thread/WARN]: Shader minecraft:wobble could not find uniform named InSize in the specified shader program.
[20:04:06] [Render thread/WARN]: Shader minecraft:kaleidoscope could not find uniform named InSize in the specified shader program.
[20:04:06] [Render thread/INFO]: Loaded 2 ImGui fonts
[20:04:06] [Render thread/INFO]: Loaded 7 framebuffers
[20:04:06] [Render thread/INFO]: Loaded 130 post pipelines
[20:04:06] [Render thread/INFO]: Loaded 130 render types
[20:04:06] [Render thread/INFO]: Enabled bloom pipeline
[20:04:06] [Render thread/INFO]: [FANCYMENU] Reloading resources..
[20:04:06] [Render thread/INFO]: [FANCYMENU] Pre-loading resources..
[20:04:06] [Render thread/INFO]: Loaded 2 custom leaf colors: [minecraft:azalea_leaves, minecraft:flowering_azalea_leaves]
[20:04:06] [Render thread/INFO]: Baking/Swapping Morpher Resources
[20:04:06] [Render thread/INFO]: Swapped 27 animations
[20:04:06] [Render thread/INFO]: Swapped 133 models
[20:04:06] [Render thread/INFO]: Unloaded 0 textures
[20:04:06] [Render thread/INFO]: Loaded 144 textures
[20:04:06] [Render thread/INFO]: Loaded 133 overlays
[20:04:06] [Render thread/WARN]: Unknown animation controller 'emote_hunter', skipping
[20:04:06] [Render thread/WARN]: Unknown animation controller 'emote_weapon', skipping
[20:04:06] [Render thread/WARN]: Unknown animation controller 'divine_emote', skipping
[20:04:06] [Render thread/WARN]: Unknown animation controller 'emote_hunter', skipping
[20:04:06] [Render thread/WARN]: Unknown animation controller 'emote_weapon', skipping
[20:04:06] [Render thread/WARN]: Unknown animation controller 'emote_hunter', skipping
[20:04:06] [Render thread/WARN]: Unknown animation controller 'emote_weapon', skipping
[20:04:06] [Render thread/WARN]: Unknown animation controller 'divine_emote', skipping
[20:04:06] [Render thread/WARN]: Unknown animation controller 'emote_hunter', skipping
[20:04:06] [Render thread/WARN]: Unknown animation controller 'emote_weapon', skipping
[20:04:06] [Render thread/WARN]: Unknown animation controller 'divine_emote', skipping
[20:04:06] [Render thread/WARN]: Unknown animation controller 'divine_emote', skipping
[20:04:06] [Render thread/WARN]: Unknown animation controller 'emote_hunter', skipping
[20:04:06] [Render thread/WARN]: Unknown animation controller 'emote_weapon', skipping
[20:04:06] [Render thread/WARN]: Unknown animation controller 'divine_emote', skipping
[20:04:06] [Render thread/WARN]: Unknown animation controller 'divine_emote', skipping
[20:04:06] [Render thread/WARN]: Unknown animation controller 'divine_emote', skipping
[20:04:06] [Render thread/WARN]: Unknown animation controller 'divine_emote', skipping
[20:04:06] [Render thread/WARN]: Unknown animation controller 'emote_hunter', skipping
[20:04:06] [Render thread/WARN]: Unknown animation controller 'emote_weapon', skipping
[20:04:06] [Render thread/WARN]: Unknown animation controller 'divine_emote', skipping
[20:04:06] [Render thread/WARN]: Unknown animation controller 'divine_emote', skipping
[20:04:06] [Render thread/WARN]: Unknown animation controller 'divine_emote', skipping
[20:04:06] [Render thread/WARN]: Unknown animation controller 'emote_hunter', skipping
[20:04:06] [Render thread/WARN]: Unknown animation controller 'emote_weapon', skipping
[20:04:06] [Render thread/INFO]: Loaded 61 morphs
[20:04:06] [Render thread/INFO]: Built veil:jetbrains_mono
[20:04:06] [Render thread/INFO]: Built veil:remixicon
[20:04:06] [Render thread/INFO]: Loaded 0 quasar particles
[20:04:06] [Render thread/INFO]: Compiled 74 vanilla shaders in 156.9 ms
[20:04:06] [Render thread/INFO]: Successfully reloaded the minimap shaders!
[20:04:06] [Render thread/INFO]: Successfully reloaded the world map shaders!
[20:04:06] [Render thread/INFO]: PRELOAD ANIMATIONS
[20:04:06] [Render thread/INFO]: [FANCYMENU] Minecraft resource reload: FINISHED
[20:04:06] [Render thread/INFO]: [ETF]: reloading ETF data.
[20:04:06] [Framer cache #1/INFO]: Framer: finished in 1 ms
[20:04:06] [Framer cache #1/INFO]: Framer: 16 animations registered
[20:04:06] [Render thread/INFO]: [ETF]: emissive suffixes loaded: [_e]
[20:04:06] [Render thread/INFO]: [ETF]: emissive suffixes loaded: [_e]
[20:04:06] [Render thread/INFO]: [FANCYMENU] ScreenCustomizationLayer registered: title_screen
[20:04:10] [Render thread/WARN]: Game took 28.301 seconds to start
[20:04:33] [Render thread/INFO]: [FANCYMENU] ScreenCustomizationLayer registered: generic_dirt_message_screen
[20:04:33] [Render thread/INFO]: [FANCYMENU] ScreenCustomizationLayer registered: progress_screen
[20:04:33] [Render thread/INFO]: [ETF]: emissive suffixes loaded: [_e]
[20:04:33] [Render thread/INFO]: [FANCYMENU] ScreenCustomizationLayer registered: connect_screen
[20:04:33] [Render thread/INFO]: Connecting to 79.127.238.251, 8097
[20:04:37] [Render thread/INFO]: BRRP register - before vanilla
[20:04:37] [Render thread/INFO]: BRRP register - after vanilla
[20:04:37] [Render thread/INFO]: New Xaero hud session initialized!
[20:04:37] [Render thread/INFO]: New world map session initialized!
[20:04:37] [Render thread/INFO]: [FANCYMENU] ScreenCustomizationLayer registered: receiving_level_screen
[20:04:37] [Render thread/INFO]: Started 10 worker threads
[20:04:38] [Render thread/INFO]: Fully refreshing animations of `PaulleXd`
[20:04:38] [IO-Worker-1/ERROR]: Failed to delete quickplay log file /home/paullexd/.var/app/studio.eufonia.EufoniaClient/data/studio.eufonia.EufoniaClient/instances/019c97d2d6d07310ae7e6d4002276d51
java.nio.file.DirectoryNotEmptyException: /home/paullexd/.var/app/studio.eufonia.EufoniaClient/data/studio.eufonia.EufoniaClient/instances/019c97d2d6d07310ae7e6d4002276d51
	at java.base/sun.nio.fs.UnixFileSystemProvider.implDelete(UnixFileSystemProvider.java:289) ~[?:?]
	at java.base/sun.nio.fs.AbstractFileSystemProvider.deleteIfExists(AbstractFileSystemProvider.java:109) ~[?:?]
	at java.base/java.nio.file.Files.deleteIfExists(Files.java:1191) ~[?:?]
	at net.minecraft.class_8497.method_51268(class_8497.java:66) ~[client-intermediary.jar:?]
	at java.base/java.util.concurrent.ThreadPoolExecutor.runWorker(ThreadPoolExecutor.java:1144) ~[?:?]
	at java.base/java.util.concurrent.ThreadPoolExecutor$Worker.run(ThreadPoolExecutor.java:642) ~[?:?]
	at java.base/java.lang.Thread.run(Thread.java:1583) [?:?]
[20:04:38] [IO-Worker-1/ERROR]: Failed to write to quickplay log file /home/paullexd/.var/app/studio.eufonia.EufoniaClient/data/studio.eufonia.EufoniaClient/instances/019c97d2d6d07310ae7e6d4002276d51
java.nio.file.FileSystemException: /home/paullexd/.var/app/studio.eufonia.EufoniaClient/data/studio.eufonia.EufoniaClient/instances/019c97d2d6d07310ae7e6d4002276d51: Es un directorio
	at java.base/sun.nio.fs.UnixException.translateToIOException(UnixException.java:100) ~[?:?]
	at java.base/sun.nio.fs.UnixException.rethrowAsIOException(UnixException.java:106) ~[?:?]
	at java.base/sun.nio.fs.UnixException.rethrowAsIOException(UnixException.java:111) ~[?:?]
	at java.base/sun.nio.fs.UnixFileSystemProvider.newByteChannel(UnixFileSystemProvider.java:261) ~[?:?]
	at java.base/java.nio.file.spi.FileSystemProvider.newOutputStream(FileSystemProvider.java:482) ~[?:?]
	at java.base/java.nio.file.Files.newOutputStream(Files.java:227) ~[?:?]
	at java.base/java.nio.file.Files.write(Files.java:3492) ~[?:?]
	at java.base/java.nio.file.Files.writeString(Files.java:3714) ~[?:?]
	at java.base/java.nio.file.Files.writeString(Files.java:3654) ~[?:?]
	at net.minecraft.class_8497.method_51264(class_8497.java:78) ~[client-intermediary.jar:?]
	at java.base/java.util.Optional.ifPresent(Optional.java:178) ~[?:?]
	at net.minecraft.class_8497.method_51268(class_8497.java:75) ~[client-intermediary.jar:?]
	at java.base/java.util.concurrent.ThreadPoolExecutor.runWorker(ThreadPoolExecutor.java:1144) ~[?:?]
	at java.base/java.util.concurrent.ThreadPoolExecutor$Worker.run(ThreadPoolExecutor.java:642) ~[?:?]
	at java.base/java.lang.Thread.run(Thread.java:1583) [?:?]
[20:04:38] [Render thread/WARN]: Shader suitutils:invocation_core could not find uniform named ColorModulator in the specified shader program.
[20:04:38] [Render thread/WARN]: Shader suitutils:reviil_atmosphere could not find uniform named SkyRadius in the specified shader program.
[20:04:38] [Render thread/WARN]: Shader suitutils:reviil_atmosphere could not find uniform named NebulaSpeed in the specified shader program.
[20:04:38] [Render thread/WARN]: Shader bordercreator_rainbow could not find uniform named EndPortalLayers in the specified shader program.
[20:04:38] [Render thread/WARN]: Shader suitutils:phora_atmosphere could not find uniform named SkyRadius in the specified shader program.
[20:04:38] [Render thread/WARN]: Shader suitutils:phora_atmosphere could not find uniform named NebulaSpeed in the specified shader program.
[20:04:38] [VeilShaderCompilerThread#2/ERROR]: Program 'mythicsky:skybox_hdri' uses deprecated import in fragment shader 'veil:deferred_utils': Use `#include veil:space_helper` instead
[20:04:38] [VeilShaderCompilerThread#4/ERROR]: Program 'mythicsky:skybox_cube' uses deprecated import in fragment shader 'veil:deferred_utils': Use `#include veil:space_helper` instead
[20:04:38] [VeilShaderCompilerThread#2/ERROR]: Program 'mythicsky:skybox_color' uses deprecated import in fragment shader 'veil:deferred_utils': Use `#include veil:space_helper` instead
[20:04:38] [Render thread/INFO]: Loaded 281 advancements
[20:04:38] [Render thread/INFO]: [ShulkerBoxTooltip Plugins] Loading 1 plugin: shulkerboxtooltip
[20:04:38] [Render thread/INFO]: [ShulkerBoxTooltip Plugins] Registered 20 color keys for mod shulkerboxtooltip
[20:04:38] [Render thread/INFO]: [ShulkerBoxTooltip Plugins] Registered 31 providers for mod shulkerboxtooltip
[20:04:38] [Render thread/INFO]: [Blossom Sync] Aplicando payload de sincronización S2C para ConsumableConfig: {"consumableEffects":{"itemeufonia:ambar_apple":[{"effect_id":"minecraft:regeneration","duration":5,"amplifier":1},{"effect_id":"minecraft:absorption","duration":120,"amplifier":0}],"itemeufonia:hearth_absorption":[{"effect_id":"minecraft:absorption","duration":180,"amplifier":4}],"itemeufonia:pildora_reptiliano":[{"effect_id":"dedsafio4:antibiotico","duration":180,"amplifier":0}],"itemeufonia:primal_fruit_3":[{"effect_id":"minecraft:health_boost","duration":60,"amplifier":0}]}}
[20:04:38] [Render thread/INFO]: [Blossom Sync] Sincronización S2C para ConsumableConfig: 1 campos procesados con éxito.
[20:04:38] [Render thread/INFO]: [Blossom Sync] Aplicando payload de sincronización S2C para DurabilityManager: {"maxDurabilityOverrides":{"minecraft:diamond_pickaxe":1561,"minecraft:wooden_pickaxe":59,"minecraft:trident":250,"minecraft:flint_and_steel":64,"minecraft:netherite_axe":2031,"minecraft:wooden_sword":59,"minecraft:stone_hoe":131,"minecraft:diamond_sword":1561,"minecraft:diamond_hoe":1561,"trickster:spear":250,"minecraft:netherite_sword":2031,"minecraft:stone_pickaxe":131,"minecraft:diamond_leggings":495,"minecraft:golden_shovel":32,"minecraft:iron_sword":250,"minecraft:turtle_helmet":275,"minecraft:netherite_pickaxe":2031,"minecraft:crossbow":326,"minecraft:wooden_axe":59,"minecraft:carrot_on_a_stick":25,"minecraft:golden_sword":32,"minecraft:iron_chestplate":240,"minecraft:netherite_helmet":407,"minecraft:shield":336,"minecraft:iron_pickaxe":250,"itemeufonia:yellow_armor_helmet":165,"minecraft:wooden_shovel":59,"minecraft:golden_pickaxe":32,"dreamsutils:flashlight_big":3000,"minecraft:iron_shovel":250,"minecraft:netherite_hoe":2031,"minecraft:netherite_boots":481,"minecraft:stone_shovel":131,"dreamsutils:flashlight":300,"minecraft:golden_leggings":105,"minecraft:netherite_chestplate":592,"minecraft:fishing_rod":64,"minecraft:brush":64,"minecraft:golden_axe":32,"minecraft:chainmail_chestplate":240,"minecraft:iron_leggings":225,"minecraft:wooden_hoe":59,"minecraft:chainmail_leggings":225,"minecraft:diamond_shovel":1561,"minecraft:warped_fungus_on_a_stick":100,"minecraft:netherite_leggings":555,"minecraft:iron_boots":195,"minecraft:diamond_boots":429,"minecraft:shears":238,"minecraft:stone_sword":131,"minecraft:diamond_chestplate":528,"minecraft:golden_chestplate":112,"minecraft:golden_boots":91,"minecraft:chainmail_boots":195,"minecraft:diamond_axe":1561,"minecraft:iron_axe":250,"minecraft:iron_helmet":165,"minecraft:leather_chestplate":80,"minecraft:chainmail_helmet":165,"minecraft:leather_boots":65,"minecraft:diamond_helmet":363,"minecraft:iron_hoe":250,"minecraft:mace":500,"minecraft:bow":384,"minecraft:golden_helmet":77,"minecraft:elytra":432,"minecraft:leather_leggings":75,"minecraft:golden_hoe":32,"minecraft:netherite_shovel":2031,"minecraft:stone_axe":131,"minecraft:leather_helmet":55}}
[20:04:38] [Render thread/INFO]: [Blossom Sync] Sincronización S2C para DurabilityManager: 1 campos procesados con éxito.
[20:04:38] [Render thread/INFO]: Sent hash list to server: 4, [ticket_bus_1, oragne_dedita, dilitio, manuscrito]
[20:04:38] [Render thread/INFO]: [BossbarManager] Invalidating bossbar cache. 0 expected configs.
[20:04:38] [DefaultDispatcher-worker-10/INFO]: Configuration saved for class AntiRoleplayersClient
[20:04:38] [DefaultDispatcher-worker-2/INFO]: Configuration saved for class AntiRoleplayersClient
[20:04:38] [Render thread/INFO]: Compiled 74 vanilla shaders in 281.3 ms
[20:04:38] [Render thread/INFO]: Sent hash list to server: 900, [itemeufonia:hearth_normal, blockeufonia:table_wood_3c, blockeufonia:table_wood_3b, itemeufonia:key_red, blockeufonia:sticker_1, itemeufonia:dedita_light_blue, itemeufonia:totem_armor, itemeufonia:mob_tick_brain_big, itemeufonia:mob_wither_skeleton, itemeufonia:waypoint_generic, entityeufonia:dino_trex2_spawn_egg, blockeufonia:sticker_4, blockeufonia:tribal_flag_1, blockeufonia:sticker_5, minecraft:endstone, blockeufonia:sticker_3, blockeufonia:tribal_flag_4, blockeufonia:table_wood_3a, itemeufonia:regular_spoon, itemeufonia:mob_statue_b, blockeufonia:tribal_flag_5, blockeufonia:tribal_flag_2, blockeufonia:sticker_6, blockeufonia:tribal_flag_3, blockeufonia:sticker_7, itemeufonia:mob_dino_spinosaurus_b, itemeufonia:avocado_bone, entityeufonia:door_exit2_spawn_egg, entityeufonia:hoglin_jockey_spawn_egg, itemeufonia:mob_robot_small_b, itemeufonia:mob_creeper_azure_bluet_b, itemeufonia:mob_tick_controller, blockeufonia:metal_structure_2, blockeufonia:metal_structure_1, itemeufonia:chip_phora, minecraft:ravager_spawn_egg, itemeufonia:mob_ravager, itemeufonia:mob_ghost_tank_lilac_b, itemeufonia:mob_ghost_black, itemeufonia:skeleton_b, itemeufonia:pildora_negra, entityeufonia:spaceship_evil_4_spawn_egg, itemeufonia:mob_eye_1_b, itemeufonia:fang, itemeufonia:key_light_blue, entityeufonia:slots_machine_spawn_egg, entityeufonia:creeper_pink_tulip_spawn_egg, itemeufonia:bomb_black_warden_b, itemeufonia:spaceship_players_2_motor, itemeufonia:warden, itemeufonia:bone_sword_sword, blockeufonia:ph_totem_3, blockeufonia:ph_totem_2, blockeufonia:ph_totem_1, itemeufonia:mob_elder_guardian, itemeufonia:mob_creeper_allium, entityeufonia:creeper_cornflower_spawn_egg, entityeufonia:creeper_whiter_rose_spawn_egg, blockeufonia:primal_flower_4, blockeufonia:primal_flower_2, blockeufonia:primal_flower_3, blockeufonia:primal_flower_1, minecraft:piglin_brute_spawn_egg, itemeufonia:mob_stray, itemeufonia:zombie, entityeufonia:creeper_sunflower_spawn_egg, entityeufonia:creeper_spawn_egg, numismatic:guild_manuscript, blockeufonia:bathroom_toilet_1, blockeufonia:black_table_3, blockeufonia:black_table_1, blockeufonia:black_table_2, itemeufonia:shell, blockeufonia:garland_bones_2, blockeufonia:garland_bones_1, minecraft:emerald_block, itemeufonia:inventory_reducer, itemeufonia:icon_dedita, entityeufonia:creeper_wildflowers_spawn_egg, itemeufonia:simple_fork, entityeufonia:dino_tortoise_spawn_egg, itemeufonia:hair, itemeufonia:mob_guardian, itemeufonia:mob_creeper_red_bush, minecraft:shulker_spawn_egg, entityeufonia:ghost_black_spawn_egg, itemeufonia:key_green, minecraft:hoglin_spawn_egg, entityeufonia:robot_1_spawn_egg, blockeufonia:vip_curtain_1a, itemeufonia:mob_roulette_b, blockeufonia:microphone_4, itemeufonia:mob_creeper_oxeye_daisy_b, itemeufonia:mob_organic_alarm2, blockeufonia:vip_curtain_1b, itemeufonia:totem_eon, blockeufonia:papers_1, blockeufonia:dimension_plant_2, entityeufonia:spaceship_evil_0_spawn_egg, entityeufonia:ghost_yellow_spawn_egg, blockeufonia:dimension_plant_1, blockeufonia:dimension_plant_4, blockeufonia:dimension_plant_3, blockeufonia:base_52, blockeufonia:base_50, itemeufonia:insect, itemeufonia:mob_creeper_lily_of_the_valley, entityeufonia:organic_cannon_spawn_egg, blockeufonia:d_1, blockeufonia:phone_red, blockeufonia:d_2, entityeufonia:ghost_tank_red_spawn_egg, blockeufonia:papers_1e, itemeufonia:mob_grim_reaper_small, blockeufonia:d_8, entityeufonia:dino_spinosaurus_spawn_egg, blockeufonia:d_9, minecraft:zombie_spawn_egg, blockeufonia:d_3, blockeufonia:papers_1a, itemeufonia:blaze_b, blockeufonia:d_4, blockeufonia:papers_1b, itemeufonia:mob_spaceship_guardianes, blockeufonia:d_5, itemeufonia:mob_humanoid_shark2_b, blockeufonia:papers_1c, blockeufonia:d_6, itemeufonia:mob_grim_reaper_small_b, itemeufonia:mob_creeper_b, itemeufonia:mob_humanoid_shark, blockeufonia:ceiling_fan, blockeufonia:ice_cream_0, minecraft:emerald, blockeufonia:bathroom_sink_1, itemeufonia:mob_spider, itemeufonia:totem_enderman, itemeufonia:mob_egg_worm_b, itemeufonia:mob_creeper_2, itemeufonia:mob_creeper_pink_petals_b, itemeufonia:mob_dino_pterosaurio_b, itemeufonia:pildora_azul, itemeufonia:mob_dino_trex, blockeufonia:of_table_2, blockeufonia:ph_campfire_2, blockeufonia:ph_campfire_1, itemeufonia:ghast, itemeufonia:roulette_yellow, entityeufonia:parasite_spawn_egg, entityeufonia:bomb_black_spawn_egg, itemeufonia:mob_reptilian_warrior, itemeufonia:mob_evoker, itemeufonia:bomb_yellow_warden_b, minecraft:purpur_block, itemeufonia:mob_vehicle_bus_b, blockeufonia:nao_monitor_f_2, blockeufonia:nao_monitor_f_1, entityeufonia:market_spawn_egg, itemeufonia:mob_piglin_brute, dreamsutils:flashlight, itemeufonia:mob_breeze, entityeufonia:spaceship_evil_8_spawn_egg, minecraft:enderman_spawn_egg, itemeufonia:pildora_magenta, itemeufonia:mob_spaceship_players_2_b, itemeufonia:totem_organico, itemeufonia:mob_parasite, blockeufonia:japanese_bottle_1, blockeufonia:west_blinds_0, blockeufonia:toaster_3, entityeufonia:slots_spin_spawn_egg, itemeufonia:mobspiny_opossum_b, minecraft:creaking_spawn_egg, blockeufonia:tv_big_1, numismatic:bronze_coin, itemeufonia:icon_reviil, itemeufonia:plantilla_mejora_interdimensional, itemeufonia:mob_spaceship_evil_7_b, entityeufonia:organic_creeper_spawn_egg, blockeufonia:boxing_bell_floor, itemeufonia:mob_tick_brain_small_b, itemeufonia:mob_grim_reaper_b, itemeufonia:mob_reptilian_warrior_b, itemeufonia:spaceship_players_2_left_wing, itemeufonia:totem_anvil, itemeufonia:mob_reviil_1_b, itemeufonia:roulette_green, blockeufonia:arcade_green, itemeufonia:mob_bomb_yellow, itemeufonia:mob_statue, itemeufonia:mob_dino_trex_saddle_b, itemeufonia:mob_reviil_1, blockeufonia:tv_camera, numismatic:gold_coin, itemeufonia:mob_robot_1, blockeufonia:soda_1, merchantry:robot_green, blockeufonia:fruit_orange, itemeufonia:mob_tick_brain_big_b, itemeufonia:plantilla_mejora_limbo, entityeufonia:organic_alarm_projectile_spawn_egg, blockeufonia:bathroom_soap_1, entityeufonia:dino_raptor_spawn_egg, itemeufonia:resurection_fork, itemeufonia:pildora_reptiliano, itemeufonia:mob_cave_spider, blockeufonia:nao_scifi_f_lamp_2, itemeufonia:spaceship_players_2, itemeufonia:spaceship_players_1, itemeufonia:mob_creeper_orange_tulip, entityeufonia:organic_alarm_spawn_egg, itemeufonia:mob_creeper_oxeye_daisy, itemeufonia:mob_roof_eye_b, entityeufonia:reptilian_1_spawn_egg, itemeufonia:spaceship_players_1_left_wing, itemeufonia:mob_roof_eye, itemeufonia:mob_mutant_plant, itemeufonia:empty, blockeufonia:stadium_screen, itemeufonia:mob_dino_trex2_b, entityeufonia:ghost_prisoner_lilac_spawn_egg, blockeufonia:arcade_blue, blockeufonia:plant_0a, itemeufonia:mob_organic_nautilus_2_b, itemeufonia:mob_dino_pterosaur, itemeufonia:dedita_color, minecraft:creeper_spawn_egg, blockeufonia:robot_1_green, itemeufonia:mob_spaceship_evil_9_b, itemeufonia:totem_fire, merchantry:robot_pink, itemeufonia:mob_creeper_pink_tulip, itemeufonia:mob_organic_creeper_b, entityeufonia:spaceship_evil_10_spawn_egg, itemeufonia:mob_spaceship_evil_10_b, eufoniaweapons:generic_18, itemeufonia:mob_organic_creeper, itemeufonia:mob_organic_alarm_projectile_b, blockeufonia:plant_pot_2, itemeufonia:mob_ghost_tank_magenta_b, itemeufonia:mob_bogged, entityeufonia:creeper_oxeye_daisy_spawn_egg, itemeufonia:mob_door_exit2_b, itemeufonia:mob_spaceship_evil_10, itemeufonia:mob_bomb_black, itemeufonia:mob_spaceship_evil_4_b, blockeufonia:robot_1_red, entityeufonia:piano_spawn_egg, itemeufonia:mob_dodo_chaman_b, itemeufonia:sunblock, itemeufonia:torbernite, entityeufonia:dodo_chaman_spawn_egg, itemeufonia:mob_shulker, itemeufonia:organic_armor_helmet, minecraft:wither_skeleton_spawn_egg, entityeufonia:dino_destroyer_spawn_egg, dreamsutils:shulker_bag, itemeufonia:mob_witch, blockeufonia:hamburguesa_table_4, itemeufonia:mob_ghost_black_b, itemeufonia:mob_creeper_lily_of_the_valley_b, itemeufonia:totem_reviil, itemeufonia:mob_parasite_b, itemeufonia:mob_dino_narwhal_saddle_b, blockeufonia:taco_0, blockeufonia:galmega_plant_1, entityeufonia:dino_raptor_3_spawn_egg, blockeufonia:galmega_plant_2, itemeufonia:spaceship_players_1_motor, itemeufonia:mob_organic_nautilus_2, itemeufonia:mob_organic_nautilus_1, itemeufonia:pildora_rosa, itemeufonia:mob_bomb_red, itemeufonia:horn, blockeufonia:furn_blender_2a, itemeufonia:mob_zombie_plant, itemeufonia:mob_creeper_spore_blossom, itemeufonia:escupitajo, entityeufonia:carnivorous_plant_spawn_egg, itemeufonia:soul, blockeufonia:gleba_ore, entityeufonia:reptilian_warrior_spawn_egg, blockeufonia:nao_dilitio_1, entityeufonia:dino_narwhal_saddle_spawn_egg, itemeufonia:spaceship_players_1_right_wing, itemeufonia:mob_door_exit, itemeufonia:warden_b, itemeufonia:mob_creeper, itemeufonia:mob_creeper_lilac_b, minecraft:chorus_fruit, minecraft:stray_spawn_egg, itemeufonia:mob_creeper_pink_tulip_b, entityeufonia:ghost_prisoner_red_spawn_egg, minecraft:bogged_spawn_egg, blockeufonia:bone_sword, itemeufonia:mob_spaceship_evil_6_b, itemeufonia:mob_dino_trex_b, entityeufonia:eye_1_spawn_egg, itemeufonia:dedita_purple, itemeufonia:mob_creeper_whiter_rose_b, itemeufonia:roulette_full, entityeufonia:statue_spawn_egg, entityeufonia:creeper_pink_petals_spawn_egg, itemeufonia:mob_hoglin_jockey, itemeufonia:mob_grim_reaper, itemeufonia:mob_organic_alarm, blockeufonia:galmega_plant_1a, itemeufonia:key_blue, itemeufonia:icon_search, itemeufonia:mob_worm_b, itemeufonia:icon_lore, itemeufonia:mob_door_exit2, itemeufonia:mob_skeleton_jockey, merchantry:robot_orange, itemeufonia:mob_creeper_sunflower, entityeufonia:roulette_spawn_egg, itemeufonia:mob_rocky_mollusks_b, entityeufonia:sea_mine_spawn_egg, blockeufonia:nao_f_tv, itemeufonia:mob_chicken_jockey, itemeufonia:giant_fruit, itemeufonia:dedita_pink, itemeufonia:hammer_netherite_sword, itemeufonia:mob_big_campfire, itemeufonia:mob_creeper_blue_orchid_b, itemeufonia:mob_ghost_prisoner_lilac_b, itemeufonia:mob_market, itemeufonia:mob_ghost_tank_magenta, itemeufonia:mob_ghost_white, itemeufonia:mob_spaceship_guardianes_b, entityeufonia:creeper_spore_blossom_spawn_egg, itemeufonia:mob_slime, itemeufonia:soulless, entityeufonia:mobspiny_opossum_spawn_egg, itemeufonia:totem_regeneration, minecraft:deepslate_emerald_ore, itemeufonia:mob_roulette, itemeufonia:mob_spaceship_evil_0_b, itemeufonia:mob_creeper_wildflowers_b, itemeufonia:organic_armor_chestplate, itemeufonia:mob_creeper_white_tulip, blockeufonia:sign_exit, itemeufonia:mob_dino_aquatic_lizard, blockeufonia:poop_1, entityeufonia:dino_trex_spawn_egg, itemeufonia:plantilla_mejora_planta, itemeufonia:spoon, itemeufonia:mob_zombie_mutant, entityeufonia:alien_jellyfish_spawn_egg, blockeufonia:base_19, itemeufonia:mob_venus_flytrap, blockeufonia:base_18, blockeufonia:base_16, itemeufonia:mob_organic_alarm_b, blockeufonia:base_14, blockeufonia:base_13, blockeufonia:base_12, itemeufonia:spaceship_players_2_body, blockeufonia:chair_wood_4b, itemeufonia:mob_creaking, itemeufonia:mob_door_exit_b, itemeufonia:empty_pill, blockeufonia:takeoff_platform, itemeufonia:mob_ghost_b, itemeufonia:mob_reptilian_spear, d4gulaggames:megaphone, itemeufonia:roulette_purple, itemeufonia:mob_flash, entityeufonia:dino_trex_saddle_spawn_egg, itemeufonia:mob_ghost_tank_lilac, itemeufonia:enderman, blockeufonia:atm, blockeufonia:primal_grass_1, itemeufonia:mob_wither, blockeufonia:furn_books_4d, blockeufonia:furn_books_4c, entityeufonia:plant3_spawn_egg, itemeufonia:mob_dino_tortoise, blockeufonia:furn_books_4b, blockeufonia:furn_books_4a, entityeufonia:amuna_vorg_spawn_egg, entityeufonia:dino_brontosaurio_spawn_egg, blockeufonia:trophy_stand, minecraft:silverfish_spawn_egg, itemeufonia:bomb_red_warden, itemeufonia:spider_b, itemeufonia:hotbar_reducer, entityeufonia:chicken_jockey_spawn_egg, blockeufonia:chair_tv_1, itemeufonia:mob_dino_destroyer, blockeufonia:chair_tv_2, itemeufonia:mob_spaceship_reviil_b, blockeufonia:robot_1_purple, blockeufonia:infra_stacked_nuts_2, itemeufonia:mob_creeper_cactus_flower_b, itemeufonia:home, blockeufonia:microphone_water_1, itemeufonia:mob_spaceship_evil_2_b, itemeufonia:mob_spaceship_evil_0, itemeufonia:mob_turret_plant, itemeufonia:mob_spaceship_evil_5, itemeufonia:waypoint_vault, itemeufonia:mob_spaceship_evil_6, itemeufonia:mob_husk, itemeufonia:mob_spaceship_evil_7, blockeufonia:infra_stacked_nuts_1, itemeufonia:mob_spaceship_evil_8, itemeufonia:mob_spaceship_evil_1, itemeufonia:mob_spaceship_evil_2, itemeufonia:mob_spaceship_evil_3, itemeufonia:mob_spaceship_evil_4, blockeufonia:ph_excrement, itemeufonia:fork, blockeufonia:main_light_left, entityeufonia:ghost_tank_lilac_spawn_egg, entityeufonia:spaceship_players_2_spawn_egg, itemeufonia:mob_spaceship_evil_9, itemeufonia:mob_reptilian_archer_b, entityeufonia:creeper_lilac_spawn_egg, itemeufonia:dilitio_nugget_pack, itemeufonia:mob_ghost_prisoner_red, itemeufonia:mob_little_mucus_b, itemeufonia:pildora_morada, entityeufonia:turret_plant_spawn_egg, entityeufonia:creeper_lily_of_the_valley_spawn_egg, itemeufonia:ghast_b, itemeufonia:mob_reptilian_1, itemeufonia:mob_spawner_b, itemeufonia:mob_creeper_white_tulip_b, itemeufonia:mob_creeper_eyeblossom_b, itemeufonia:bomb_yellow_warden, itemeufonia:mob_flying_eye_b, entityeufonia:robot_small_spawn_egg, itemeufonia:mob_creeper_eyeblossom, itemeufonia:mob_ghost_lamppost_b, itemeufonia:metal_detector, entityeufonia:zombie_mutant_spawn_egg, entityeufonia:spaceship_players_1_spawn_egg, blockeufonia:lab_block_3, itemeufonia:copper_wrench, itemeufonia:mob_creeper_red_tulip_b, entityeufonia:turret_space_spawn_egg, itemeufonia:key_pink, itemeufonia:template, itemeufonia:mob_piano_b, entityeufonia:spaceship_evil_2_spawn_egg, itemeufonia:mob_rocky_mollusks, itemeufonia:mob_humanoid_brain, itemeufonia:mob_zombie, blockeufonia:microwave_3, entityeufonia:shadow_spawn_egg, blockeufonia:nao_stadium_1, itemeufonia:mob_dino_narwhal_saddle, minecraft:zombified_piglin_spawn_egg, itemeufonia:key_cyan, entityeufonia:creeper_peony_spawn_egg, minecraft:vindicator_spawn_egg, minecraft:husk_spawn_egg, itemeufonia:mob_creeper_red_tulip, itemeufonia:mob_organic_cannon_b, itemeufonia:mob_ghost_prisoner_magenta, blockeufonia:stakes_2, blockeufonia:stakes_3, blockeufonia:stakes_1, itemeufonia:mob_reptilian_spear_b, itemeufonia:mob_warden, entityeufonia:dino_narwhal_spawn_egg, itemeufonia:bomb_red_warden_b, minecraft:wither_spawn_egg, itemeufonia:totem_eufonia, itemeufonia:key_purple, itemeufonia:primal_seeds_2, itemeufonia:primal_seeds_1, itemeufonia:primal_seeds_4, itemeufonia:primal_seeds_3, merchantry:robot_yellow, itemeufonia:dimensional_armor_2_boots, itemeufonia:cave_spider_b, itemeufonia:flecha_derecha, itemeufonia:spaceship_players_2_cabin, itemeufonia:enderman_b, itemeufonia:primal_fruit_2, itemeufonia:primal_fruit_1, itemeufonia:resurection_spoon, minecraft:drowned_spawn_egg, blockeufonia:robot_1_yellow, entityeufonia:bomb_red_warden_spawn_egg, entityeufonia:creeper_rose_bush_spawn_egg, itemeufonia:mob_magma_cube, itemeufonia:pildora_marron, itemeufonia:mob_dino_spinosaurus, itemeufonia:primal_fruit_4, itemeufonia:mob_silverfish, itemeufonia:primal_fruit_3, itemeufonia:totem_phora, blockeufonia:robot_1_light_blue, itemeufonia:mob_piano, itemeufonia:limbo_armor_helmet, itemeufonia:mob_creeper_poppy, entityeufonia:spider_jockey_spawn_egg, itemeufonia:gleba_leather, entityeufonia:spaceship_evil_6_spawn_egg, entityeufonia:dino_raptor_2_spawn_egg, itemeufonia:roulette_blue, blockeufonia:arcade_red, itemeufonia:mob_creeper_dandelion_b, itemeufonia:mob_ghost_prisoner_magenta_b, minecraft:guardian_spawn_egg, itemeufonia:mob_spaceship_players_1_b, itemeufonia:dimensional_armor_2_helmet, itemeufonia:mob_slots_machine, blockeufonia:hamburguesa_bottle_1, blockeufonia:hamburguesa_bottle_2, entityeufonia:humanoid_brain_spawn_egg, blockeufonia:ancient_ore_2, itemeufonia:mob_creeper_charged_b, blockeufonia:ancient_ore_1, entityeufonia:roof_eye_spawn_egg, itemeufonia:mob_tick_controller_b, itemeufonia:bone_bow_bow, entityeufonia:reptilian_spear_spawn_egg, itemeufonia:mob_dino_trex2, itemeufonia:mob_dino_aquatic_lizard_b, itemeufonia:waypoint_mission, itemeufonia:mob_shadow, entityeufonia:ghost_prisoner_magenta_spawn_egg, itemeufonia:electric_drop, blockeufonia:main_light_right, itemeufonia:mob_creeper_azure_bluet, itemeufonia:amber_ore_insect, minecraft:zombie_villager_spawn_egg, itemeufonia:mob_slots_spin, itemeufonia:mob_ghost_prisoner_lilac, entityeufonia:tick_controller_spawn_egg, itemeufonia:ambar_apple, itemeufonia:mob_illusioner, entityeufonia:creeper_red_bush_spawn_egg, blockeufonia:hw_skeleton_3, blockeufonia:hw_skeleton_2, blockeufonia:laptop_1, itemeufonia:mobspiny_opossum, blockeufonia:hw_skeleton_1, entityeufonia:grim_reaper_spawn_egg, entityeufonia:organic_alarm2_spawn_egg, itemeufonia:tv_camera, entityeufonia:bomb_yellow_warden_spawn_egg, blockeufonia:chinese_table_3, itemeufonia:mob_dino_narwhal_b, entityeufonia:ghost_lamppost_spawn_egg, itemeufonia:mob_dino_raptor_2, itemeufonia:mob_spiny_opossum_b, itemeufonia:mob_dino_raptor_3, blockeufonia:gleba_grass, itemeufonia:bus_ticket_2, itemeufonia:icon_items, itemeufonia:gota_sangre_reptiliana, itemeufonia:bus_ticket_3, itemeufonia:bus_ticket_4, itemeufonia:bus_ticket_5, itemeufonia:bus_ticket_1, entityeufonia:boat_limbo_spawn_egg, blockeufonia:giant_water_lily, itemeufonia:icon_mobs, itemeufonia:mob_ghost_white_b, itemeufonia:mob_ghast, itemeufonia:mob_creeper_sunflower_b, itemeufonia:cave_spider, itemeufonia:pildora_verde, itemeufonia:mob_organic_nautilus_1_b, itemeufonia:raw_ambar, entityeufonia:organic_nautilus_2_spawn_egg, itemeufonia:quiu, blockeufonia:ph_fish, entityeufonia:creeper_allium_spawn_egg, itemeufonia:dimensional_armor, itemeufonia:mob_egg_worm, itemeufonia:mob_endermite, itemeufonia:mob_humanoid_shark2, itemeufonia:mob_reptilian_archer, itemeufonia:mob_slots_machine_b, entityeufonia:rocky_mollusks_spawn_egg, itemeufonia:mob_spaceship_evil_8_b, itemeufonia:guitar, entityeufonia:worm_spawn_egg, itemeufonia:mob_dino_raptor, itemeufonia:mob_skeleton, entityeufonia:organic_nautilus_1_spawn_egg, blockeufonia:speaker_1, itemeufonia:mob_turret_space, itemeufonia:mob_flying_eye, blockeufonia:d_62, itemeufonia:mob_hoglin, blockeufonia:d_63, blockeufonia:primal_leaves_2, blockeufonia:primal_leaves_1, betterdoors:master_key, blockeufonia:tv_camera_1, minecraft:slime_spawn_egg, itemeufonia:euphone, itemeufonia:dedita_orange, entityeufonia:venus_flytrap_spawn_egg, itemeufonia:mob_creeper_peony_b, entityeufonia:creeper_poppy_spawn_egg, itemeufonia:creeper, itemeufonia:mob_dino_brontosaurio_b, itemeufonia:totem_windcharge, itemeufonia:mob_dino_raptor_b, blockeufonia:d_50, blockeufonia:d_55, itemeufonia:mob_zombie_mutant_b, itemeufonia:pegamento_primito, itemeufonia:mob_dino_narwhal, blockeufonia:sofa_wood_2a, blockeufonia:sofa_wood_2b, blockeufonia:d_58, blockeufonia:sofa_wood_2c, blockeufonia:d_39, blockeufonia:d_38, blockeufonia:large_torch_1, entityeufonia:creeper_orange_tulip_spawn_egg, itemeufonia:mob_drowned, blockeufonia:ph_log_torch, itemeufonia:mob_organic_alarm_projectile, itemeufonia:mob_zombie_villager, blockeufonia:d_40, blockeufonia:d_42, blockeufonia:d_41, itemeufonia:icon_missions, blockeufonia:d_43, itemeufonia:mob_ghost_lamppost, itemeufonia:mob_abbysal_keeper, blockeufonia:d_27, itemeufonia:mob_vehicle_bus, entityeufonia:skeleton_jockey_spawn_egg, minecraft:phantom_spawn_egg, itemeufonia:totem_feather, blockeufonia:cabinet_files_1, itemeufonia:icon_warning, itemeufonia:resurection_spork, blockeufonia:house_lamp_2, blockeufonia:mushroom_shriveled, blockeufonia:d_30, blockeufonia:d_33, itemeufonia:pildora_naranja, itemeufonia:mob_vex, blockeufonia:house_lamp_1, itemeufonia:mob_creeper_peony, entityeufonia:egg_worm_spawn_egg, itemeufonia:golem_shield, itemeufonia:amulet, blockeufonia:d_36, itemeufonia:mob_eye_1, blockeufonia:d_17, blockeufonia:d_16, blockeufonia:d_19, blockeufonia:d_18, itemeufonia:mob_creeper_poppy_b, blockeufonia:speaker, itemeufonia:totem_nutria, itemeufonia:totem_jurasico, blockeufonia:juaniquilalcon_light_2, blockeufonia:juaniquilalcon_light_1, blockeufonia:bathroom_mirror_1, itemeufonia:mob_flash_b, entityeufonia:vehicle_bus_spawn_egg, itemeufonia:key_yellow, itemeufonia:fat, itemeufonia:limbo_armor_boots, blockeufonia:d_20, blockeufonia:d_22, blockeufonia:d_21, blockeufonia:d_24, blockeufonia:d_23, blockeufonia:d_26, itemeufonia:mob_alien_jellyfish_b, itemeufonia:icon_nutria, numismatic:silver_coin, entityeufonia:creeper_azure_bluet_spawn_egg, itemeufonia:mob_reptilian_1_b, itemeufonia:mob_spawner, itemeufonia:mob_creeper_rose_bush_b, entityeufonia:spaceship_evil_9_spawn_egg, blockeufonia:d_11, blockeufonia:d_12, blockeufonia:d_15, minecraft:warden_spawn_egg, itemeufonia:golem_hammer, itemeufonia:totem_speed, blockeufonia:panel_dj, blockeufonia:cabinet_files_1a, itemeufonia:mob_creeper_cornflower, itemeufonia:mob_zombie_piglin, itemeufonia:mob_creeper_cornflower_b, minecraft:vex_spawn_egg, entityeufonia:humanoid_shark_spawn_egg, blockeufonia:peaker_2, itemeufonia:mob_sea_mine, itemeufonia:icon_tablet, itemeufonia:mob_dino_destroyer_b, itemeufonia:blaze, itemeufonia:mob_sea_mine_b, itemeufonia:mob_phantom, itemeufonia:mob_blaze, entityeufonia:creeper_cactus_flower_spawn_egg, itemeufonia:icon_hermandad, entityeufonia:spaceship_evil_1_spawn_egg, itemeufonia:mob_carnivorous_plant, blockeufonia:streen_bin_2, blockeufonia:arcade_yellow, blockeufonia:lab_light_1, itemeufonia:mob_alien_jellyfish, itemeufonia:spaceship_players_1_cabin, blockeufonia:lab_light_2, itemeufonia:mob_creeper_pink_petals, blockeufonia:robot_1_pink, minecraft:cave_spider_spawn_egg, itemeufonia:totem_strength, itemeufonia:mob_flower_bud, blockeufonia:fruit_pears, itemeufonia:mob_market_b, itemeufonia:flecha_izquierda, itemeufonia:mob_creeper_red_bush_b, blockeufonia:duckling_1, itemeufonia:icon_unknown, itemeufonia:mob_spaceship_evil_3_b, itemeufonia:mob_shadow_b, itemeufonia:pildora_amarilla, itemeufonia:limbo_armor_leggings, entityeufonia:creeper_white_tulip_spawn_egg, itemeufonia:mob_organic_alarm2_b, itemeufonia:mob_dino_pterosaurio, minecraft:emerald_ore, blockeufonia:primal_oak, entityeufonia:dino_pterosaurio_spawn_egg, merchantry:robot_red, itemeufonia:electric_pill, minecraft:blaze_spawn_egg, merchantry:robot_purple, minecraft:echo_shard, entityeufonia:reviil_1_spawn_egg, blockeufonia:table_wood_2, entityeufonia:bomb_black_warden_spawn_egg, itemeufonia:hearth_limbo, blockeufonia:table_wood_4, blockeufonia:hw_skeleton_2a, blockeufonia:ph_plant_1, blockeufonia:ph_plant_2, blockeufonia:ph_plant_3, itemeufonia:battery, itemeufonia:mob_spider_jockey, itemeufonia:bomb_black_warden, minecraft:spider_eye, blockeufonia:ph_plant_7, entityeufonia:spaceship_evil_5_spawn_egg, blockeufonia:ph_meat, minecraft:ghast_spawn_egg, itemeufonia:mob_dino_brontosaurio, entityeufonia:spaceship_evil_7_spawn_egg, itemeufonia:unlock_pill, itemeufonia:dinosaur_tooth, itemeufonia:mob_ghost_prisoner_red_b, itemeufonia:mob_creeper_rose_bush, entityeufonia:grim_reaper_small_spawn_egg, itemeufonia:organic_armor_leggings, itemeufonia:mob_ghost, itemeufonia:hearth_absorption, itemeufonia:mob_spaceship_players_1, itemeufonia:mob_dodo_chaman, itemeufonia:mob_spaceship_players_2, itemeufonia:mob_dino_trex_saddle, itemeufonia:mob_humanoid_brain_b, itemeufonia:mob_worm, minecraft:zoglin_spawn_egg, itemeufonia:dimensional_armor_2_chestplate, itemeufonia:mob_robot_small, blockeufonia:bunk_bed_small_bar, itemeufonia:mob_ghost_tank_red_b, itemeufonia:mob_amuna_vorg, itemeufonia:mob_little_mucus_angry, itemeufonia:mob_spaceship_evil_5_b, itemeufonia:avocado, itemeufonia:waypoint_casino, itemeufonia:mob_organic_cannon, itemeufonia:mob_creeper_whiter_rose, itemeufonia:mob_creeper_cactus_flower, minecraft:skeleton_spawn_egg, itemeufonia:mob_creeper_dandelion, minecraft:witch_spawn_egg, blockeufonia:robot_1_orange, minecraft:illusioner_spawn_egg, itemeufonia:fabric, itemeufonia:mob_turret_space_b, blockeufonia:wine_4, itemeufonia:totem_limbo, blockeufonia:wine_1, entityeufonia:spawner_spawn_egg, itemeufonia:limbo_armor_chestplate, minecraft:evoker_spawn_egg, itemeufonia:spider, itemeufonia:gleba_meat, entityeufonia:bomb_red_spawn_egg, itemeufonia:mob_robot_1_b, merchantry:robot_blue, entityeufonia:ghost_white_spawn_egg, blockeufonia:robot_1_blue, minecraft:chorus_flower, entityeufonia:spiny_opossum_spawn_egg, blockeufonia:stone_player_eljuaniquilador, itemeufonia:pelos_huevo_eburia, itemeufonia:yellow_armor_helmet, itemeufonia:pildora_aqua, blockeufonia:primal_birch, blockeufonia:ph_bar_3, itemeufonia:mob_vindicator, itemeufonia:icon_robot, blockeufonia:arcade_yellow_green, itemeufonia:icon_minimap, itemeufonia:mob_creeper_blue_orchid, itemeufonia:mob_humanoid_shark_b, blockeufonia:ph_bowls_1, itemeufonia:icon_vault, merchantry:robot_light_blue, itemeufonia:mob_little_mucus, itemeufonia:totem_mountain, itemeufonia:plantilla_mejora_carne, blockeufonia:chair_wood_2, itemeufonia:mob_ghost_tank_red, minecraft:elder_guardian_spawn_egg, itemeufonia:mob_little_mucus_angry_b, blockeufonia:ph_bar_2, blockeufonia:ph_bar_1, blockeufonia:chair_wood_4, itemeufonia:mob_boat_limbo, itemeufonia:mob_tick_brain_small, blockeufonia:crayons_diabli, minecraft:end_stone, minecraft:pillager_spawn_egg, itemeufonia:mob_spaceship_reviil, itemeufonia:mob_creeper_charged, itemeufonia:mob_creeper_orange_tulip_b, blockeufonia:fruit_tomato, itemeufonia:mob_zoglin, itemeufonia:organic_armor_boots, blockeufonia:food_basket_fruit, itemeufonia:dinosaur_poop, itemeufonia:dedita_yellow, itemeufonia:mob_pillager, entityeufonia:spaceship_guardianes_spawn_egg, itemeufonia:amber_ore, itemeufonia:zombie_b, itemeufonia:mob_phatom, minecraft:endermite_spawn_egg, entityeufonia:humanoid_shark2_spawn_egg, itemeufonia:roulette_light_blue, entityeufonia:little_mucus_spawn_egg, entityeufonia:reptilian_archer_spawn_egg, entityeufonia:big_campfire_spawn_egg, entityeufonia:dino_pterosaur_spawn_egg, blockeufonia:book_0, itemeufonia:mob_creeper_wildflowers, minecraft:spider_spawn_egg, minecraft:magma_cube_spawn_egg, itemeufonia:mob_ghost_yellow, itemeufonia:mob_slots_spin_b, itemeufonia:mob_bomb_yellow_b, itemeufonia:mob_dino_pterosaur_b, entityeufonia:spaceship_reviil_spawn_egg, itemeufonia:dimensional_armor_2_leggings, blockeufonia:bow, entityeufonia:bomb_yellow_spawn_egg, entityeufonia:little_mucus_angry_spawn_egg, entityeufonia:flash_spawn_egg, blockeufonia:street_stain_1, blockeufonia:vip_curtain_1, entityeufonia:flying_eye_spawn_egg, entityeufonia:creeper_red_tulip_spawn_egg, itemeufonia:mob_creeper_spore_blossom_b, entityeufonia:door_exit_spawn_egg, itemeufonia:mob_plant3, entityeufonia:ghost_tank_magenta_spawn_egg, itemeufonia:mob_creeper_lilac, itemeufonia:cuerda_eburia, entityeufonia:tick_brain_big_spawn_egg, itemeufonia:torbernite_ingot, itemeufonia:spaceship_players_2_right_wing, entityeufonia:spaceship_evil_3_spawn_egg, itemeufonia:mob_spaceship_evil_1_b, itemeufonia:mob_tornado, blockeufonia:large_bush, minecraft:breeze_spawn_egg, blockeufonia:tv_light_4, blockeufonia:tv_light_2, blockeufonia:furniture_2_corner, itemeufonia:mob_creeper_allium_b, itemeufonia:skeleton, entityeufonia:ghost_spawn_egg, blockeufonia:traffic_light_3, itemeufonia:mob_dino_tortoise_b, itemeufonia:mob_amuna_vorg_b, blockeufonia:furniture_2_middle]
[20:04:38] [Render thread/INFO]: Minimap updated server level id: -1225626905 for world ResourceKey[minecraft:dimension / minecraft:overworld]
[20:04:39] [Render thread/INFO]: Compiled 350 shaders from: pinwheel/shaders/program
[20:04:39] [Render thread/INFO]: Fully refreshing animations of `PaulleXd`
[20:04:39] [Render thread/INFO]: Connecting to 79.127.238.251:8098
[20:04:39] [Render thread/INFO]: Received sync plan: 0 missing, 0 changed, 0 removed. Total expected data: 0
[20:04:39] [DefaultDispatcher-worker-2/INFO]: Configuration saved for class ClientTradeManager
[20:04:39] [Render thread/INFO]: Received sync plan: 0 missing, 0 changed, 0 removed. Total expected data: 0
[20:04:39] [DefaultDispatcher-worker-2/INFO]: Configuration saved for class ClientTooltipManager
[20:04:39] [Render thread/INFO]: [STDOUT]: Lithium Cached BlockState Flags are disabled!
[20:04:39] [ImageFetch-Worker-2/INFO]: yt-dlp 2026.06.09 ready at /tmp/watermedia/yt-dlp/2026.06.09/yt-dlp_linux
[20:04:39] [Render thread/INFO]: [BiomeConfigs] World: [minecraft:overworld], Biome: [minecraft:forest] -> No matching config found.
[20:04:39] [Render thread/INFO]: Stopping worker threads
[20:04:39] [Render thread/INFO]: Started 10 worker threads
[20:04:39] [Render thread/INFO]: Multi-Bind supported, using core
[20:04:39] [Render thread/INFO]: Reloading radar icon resources...
[20:04:39] [Render thread/INFO]: Reloaded radar icon resources!
[20:04:40] [Render thread/INFO]: [STDOUT]: ADD: generic_20
[20:04:40] [Render thread/INFO]: [STDOUT]: ADD: generic_24
[20:04:40] [Render thread/INFO]: [STDOUT]: ADD: generic_26
[20:04:40] [Render thread/INFO]: [STDOUT]: ADD: generic_20
[20:04:40] [Render thread/INFO]: [STDOUT]: ADD: generic_24
[20:04:40] [Render thread/INFO]: [STDOUT]: ADD: generic_26
[20:04:40] [Render thread/WARN]: Time from main menu to in-game was 6.382553 seconds
[20:04:40] [Render thread/WARN]: Total time to load game and open world was 34.683556 seconds
[20:04:40] [Render thread/WARN]: Unable to play unknown soundEvent: minecraft:
[20:04:40] [Render thread/INFO]: Device Audio Interno Estéreo analógico initialized
[20:04:40] [Render thread/INFO]: Audio capture initialized
[20:04:40] [Al Output Device Audio Interno Estéreo analógico/INFO]: Device Audio Interno Estéreo analógico initialized
[20:04:40] [Render thread/INFO]: Connected to /79.127.238.251:8098
[20:04:43] [Render thread/INFO]: Exception when loading blockeufonia:base_398_tiny_slab texture, using material colour.
[20:04:43] [Render thread/INFO]: Black texture 16
[20:04:44] [Render thread/INFO]: [FANCYMENU] ScreenCustomizationLayer registered: team.creative.creativecore.common.gui.integration.ContainerScreenIntegration
[20:04:44] [Render thread/INFO]: OpenGL debug message: id=1282, source=API, type=ERROR, severity=HIGH, message='GL_INVALID_OPERATION error generated. Texture type and format combination is not valid.'
[20:04:54] [Render thread/INFO]: [FANCYMENU] ScreenCustomizationLayer registered: inventory_screen
[20:04:54] [Render thread/INFO]: [FANCYMENU] ScreenCustomizationLayer registered: creative_mode_inventory_screen
[20:05:12] [Render thread/INFO]: Stopping!
[20:05:12] [Render thread/INFO]: Shutting down
[20:05:12] [Render thread/INFO]: Addon d4gulaggames v1.0.0 by MitosV unloaded
[20:05:12] [Netty Epoll Client IO #0/ERROR]: Called Veil#withImGui() on another thread
[20:05:12] [Render thread/INFO]: Xaero hud session finalized.
[20:05:12] [Render thread/INFO]: Finalizing world map session...
[20:05:12] [Netty Epoll Client IO #0/INFO]: Disconnecting from /79.127.238.251:8098 with reason DISCONNECT
[20:05:12] [Voice Audio Capture/INFO]: Device Audio Interno Estéreo analógico closed
[20:05:13] [Al Output Device Audio Interno Estéreo analógico/INFO]: Device Audio Interno Estéreo analógico closed
[20:05:13] [Thread-8/INFO]: World map force-cleaned!
[20:05:13] [Render thread/INFO]: World map session finalized.
[20:05:13] [Render thread/INFO]: OpenGL debug message: id=1282, source=API, type=ERROR, severity=HIGH, message='GL_INVALID_OPERATION error generated. Texture name does not refer to a texture object generated by OpenGL.'
[20:05:13] [Render thread/INFO]: OpenGL debug message: id=1282, source=API, type=ERROR, severity=HIGH, message='GL_INVALID_OPERATION error generated. Texture name does not refer to a texture object generated by OpenGL.'
[20:05:13] [Render thread/INFO]: OpenGL debug message: id=1281, source=API, type=ERROR, severity=HIGH, message='GL_INVALID_VALUE error generated. Invalid texture format.'
[20:05:13] [Render thread/INFO]: Stopping worker threads
[20:05:13] [Render thread/INFO]: [ETF]: emissive suffixes loaded: [_e]
[20:05:14] [Thread-7/INFO]: Shutting down...
[20:05:14] [Thread-7/INFO]: Releasing CacheAPI
[20:05:14] [Thread-7/INFO]: Releasing PlayerAPI
[20:05:14] [Thread-7/INFO]: Releasing ImageAPI
[20:05:14] [Thread-7/INFO]: Releasing RenderAPI
[20:05:14] [Thread-7/INFO]: Releasing NetworkAPI
[20:05:14] [Thread-7/INFO]: Shutdown complete
